id,label,value,low,high,unit,tier,source,anchor,url,as_of,caveat,used_in
eu_shipments,Enlarged Europe consolidated shipments,2490000,,,units,SOURCED,Stellantis FY2025 results press release (SEC-filed),,https://www.sec.gov/Archives/edgar/data/1605484/000160548426000019/stellantisnvfy2025pressrel.htm,FY2025,"Down from 2,576k in FY2024. Enlarged Europe is the EU-27, the UK and EFTA (plus Israel and Palestine from 2025); Middle East & Africa is a separate segment.",Leak 1;Leak 2
eu_revenue_eur_m,Enlarged Europe net revenues,57773,,,EUR m,SOURCED,Stellantis FY2025 results press release (SEC-filed),,https://www.sec.gov/Archives/edgar/data/1605484/000160548426000019/stellantisnvfy2025pressrel.htm,FY2025,Segment revenue; not only new-vehicle sales.,Leak 1
eu_aoi_eur_m,Enlarged Europe adjusted operating income,-651,,,EUR m,SOURCED,Stellantis FY2025 results press release (SEC-filed),,https://www.sec.gov/Archives/edgar/data/1605484/000160548426000019/stellantisnvfy2025pressrel.htm,FY2025,"A swing of -3,070m from +2,419m in FY2024. Context for urgency; not an input to the VaR.",Context
group_shipments,Group consolidated shipments,5484000,,,units,SOURCED,Stellantis FY2025 results press release (SEC-filed),,https://www.sec.gov/Archives/edgar/data/1605484/000160548426000019/stellantisnvfy2025pressrel.htm,FY2025,,Context
group_revenue_eur_m,Group net revenues,153508,,,EUR m,SOURCED,Stellantis FY2025 results press release (SEC-filed),,https://www.sec.gov/Archives/edgar/data/1605484/000160548426000019/stellantisnvfy2025pressrel.htm,FY2025,,Context
buyback_payables_eur_m,Payables for buy-back agreements,7889,,,EUR m,SOURCED,Stellantis Form 20-F FY2025 Note 24 Other liabilities,,https://www.sec.gov/Archives/edgar/data/1605484/000160548426000021/stellantis-20251231.htm,2025-12-31,"Current 5313 + non-current 2576. The residual exposure base. Note 24 defines it as the price received, recognised as an advance at sale, and subsequently the repurchase price and the remaining lease installments yet to be recognized: so it is the repurchase price plus lease income not yet recognised, an upper bound on the repurchase amount (close to it near maturity, which is the current part) (X18).",Leak 3
buyback_payables_current_eur_m,Payables for buy-back agreements due within one year,5313,,,EUR m,SOURCED,"Stellantis Form 20-F FY2025 Note 24 Other liabilities, current column",,https://www.sec.gov/Archives/edgar/data/1605484/000160548426000021/stellantis-20251231.htm,2025-12-31,"The part of the 7,889m that comes back within twelve months, so the base of a per-year figure. The 2,576m due after one year is counted in the year it falls due.",Leak 3
buyback_term_policy,Contracts of 12 months or less are booked as assets sold with a buy-back commitment,,,,text,SOURCED,"Stellantis Form 20-F FY2025, revenue recognition: ""recorded within Assets sold with a buy-back commitment if the contract term is 12 months or less, and recorded in Property, plant and equipment if the contract term is greater than 12 months""",,https://www.sec.gov/Archives/edgar/data/1605484/000160548426000021/stellantis-20251231.htm,FY2025,Why most of the book is short-dated.,Context
buyback_value_decrease_2025_eur_m,Decrease in value booked on assets sold with a buy-back commitment - 2025,358,,,EUR m,SOURCED,"Stellantis Form 20-F FY2025, cost of revenues: ""EUR 358 million, EUR 179 million and EUR 82 million related to the decrease in value for assets sold with buy-back commitments"" (2025, 2024, 2023)",,https://www.sec.gov/Archives/edgar/data/1605484/000160548426000021/stellantis-20251231.htm,FY2025,"Scheduled depreciation, not a loss: the 20-F FY2025 policy says 'the difference between the cost of the vehicle and the estimated net residual value is recognized within Cost of revenues ... over the contractual term'. Contracts of 12 months or less. As a share of year-end buy-back assets it is about a year's ordinary depreciation (X6 part 4), so it cannot check leak 3. The group discloses no gains or losses at disposal for this book.",Context
buyback_value_decrease_2024_eur_m,Decrease in value booked on assets sold with a buy-back commitment - 2024,179,,,EUR m,SOURCED,"Stellantis Form 20-F FY2025, cost of revenues (same sentence)",,https://www.sec.gov/Archives/edgar/data/1605484/000160548426000021/stellantis-20251231.htm,FY2024,See buyback_value_decrease_2025_eur_m.,Context
buyback_value_decrease_2023_eur_m,Decrease in value booked on assets sold with a buy-back commitment - 2023,82,,,EUR m,SOURCED,"Stellantis Form 20-F FY2025, cost of revenues (same sentence)",,https://www.sec.gov/Archives/edgar/data/1605484/000160548426000021/stellantis-20251231.htm,FY2023,See buyback_value_decrease_2025_eur_m.,Context
buyback_assets_eur_m,Assets sold with a buy-back commitment,3616,,,EUR m,SOURCED,Stellantis Form 20-F FY2025 consolidated balance sheet,,https://www.sec.gov/Archives/edgar/data/1605484/000160548426000021/stellantis-20251231.htm,2025-12-31,Asset side of the same arrangements; 1938m in 2024. Shown for scale only to avoid double counting.,Context
rv_review_months,Frequency of residual-value review today,3,,,months,SOURCED,"Stellantis Form 20-F FY2025: ""Expected residual values are analyzed quarterly and depreciation rates are adjusted accordingly""",,https://www.sec.gov/Archives/edgar/data/1605484/000160548426000021/stellantis-20251231.htm,FY2025,The group's stated practice. Our recommendation is monthly.,Leak 3
rv_method_today,Residual values use third-party estimates plus in-house modelling,,,,text,SOURCED,"Stellantis Form 20-F FY2025: ""Third party estimates are utilized in conjunction with proprietary modelling""",,https://www.sec.gov/Archives/edgar/data/1605484/000160548426000021/stellantis-20251231.htm,FY2025,Answers the build-vs-buy question: they already buy; the gap is their own discount and launch plans.,Context
lev_residual_uncertainty,Electrified residuals are harder because resale history is thin,,,,text,SOURCED,"Stellantis Form 20-F FY2025: ""Residual values for LEVs are subject to greater uncertainty than for ICE vehicles, due to limited historical resale data""",,https://www.sec.gov/Archives/edgar/data/1605484/000160548426000021/stellantis-20251231.htm,FY2025,The group's own words for the little-history problem our pooling result addresses.,Leak 3
schloter_ev_dep_month,Depreciation of used electric cars a month (Schloter 2022),1.16,,,% a month,SOURCED,"Schloter, Empirical analysis of the depreciation of electric vehicles compared to gasoline vehicles, Transport Policy 126 (2022) 268-279, abstract (TRID record)",,https://trid.trb.org/View/2005004,2022,"24,000 used-vehicle sales across several countries and segments, web data of 2020-21 (not Norway, as the user's research report said). A benchmark for ev_level_report.md's curve, not an input.",Context: X9 (EV residual risk)
schloter_petrol_dep_month,Depreciation of used petrol cars a month (Schloter 2022),0.87,,,% a month,SOURCED,"Schloter, Empirical analysis of the depreciation of electric vehicles compared to gasoline vehicles, Transport Policy 126 (2022) 268-279, abstract (TRID record)",,https://trid.trb.org/View/2005004,2022,As schloter_ev_dep_month.,Context: X9 (EV residual risk)
fitch_eu_abs_bev_share_q3_2024,"BEV share of Fitch-rated European loan and lease ABS, Q3 2024",11,,,%,SOURCED,"Fitch Ratings, Higher BEV Exposures Increase RV Risk in European Auto Lease ABS (27 January 2025), as reported by Motor Finance Online, 12 February 2025",,https://www.motorfinanceonline.com/news/bev-exposure-in-european-auto-lease-abs-raises-residual-value-risk-fitch/,2024-09-30,"'Close to 11%'; about 6% in 2023. Secondary source: Fitch's page refuses automated reading. Fitch: 'Since 2023, used BEV prices have fallen more sharply than those of other powertrains'; one Dutch lease portfolio is nearly 50% BEV.",Context: X9 (EV residual risk)
euro7_battery_mpr_m1_5y,"Euro 7 minimum battery energy for M1 cars (BEV and PHEV), start of life to 5 years or 100,000 km",80,,,% of certified energy,SOURCED,"Regulation (EU) 2024/1257 (Euro 7), Annex II Table 1",,https://eur-lex.europa.eu/legal-content/EN/TXT/HTML/?uri=CELEX:32024R1257,2024-04-24,"A type-approval requirement checked on the vehicle type in service, not a per-car warranty; applies to new M1 types from 29 November 2026 and all new M1 cars from 29 November 2027 (Article 21). N1 vans: 75% (Table 2).",Context: X9 (EV residual risk)
euro7_battery_mpr_m1_8y,"The same, more than 5 years or 100,000 km and up to 8 years or 160,000 km",72,,,% of certified energy,SOURCED,"Regulation (EU) 2024/1257 (Euro 7), Annex II Table 1",,https://eur-lex.europa.eu/legal-content/EN/TXT/HTML/?uri=CELEX:32024R1257,2024-04-24,As euro7_battery_mpr_m1_5y. N1 vans: 67% (Table 2). Battery durability data readable through the OBD port.,Context: X9 (EV residual risk)
battreg_soh_access_from,"EV battery state of health held in the battery management system, readable by the battery's legal purchaser for evaluating its residual value, from 18 August 2024",2024.63,,,year,SOURCED,"Regulation (EU) 2023/1542 (Batteries), Article 14(1)-(2) and Annex VII Part A (state of certified energy)",,https://eur-lex.europa.eu/legal-content/EN/TXT/HTML/?uri=CELEX:32023R1542,2023-07-12,"18 August 2024 as a decimal year. Read-only access, respecting the battery maker's intellectual property, for the legal purchaser or a party acting for them; purpose (b) is 'evaluating the residual value'. A captive that owns its leased EVs may read each one's state of health at return.",Context: X9 (EV residual risk)
battreg_passport_from,"Battery passport required for every EV battery placed on the market, from 18 February 2027",2027.13,,,year,SOURCED,"Regulation (EU) 2023/1542 (Batteries), Article 77(1)",,https://eur-lex.europa.eu/legal-content/EN/TXT/HTML/?uri=CELEX:32023R1542,2023-07-12,"18 February 2027 as a decimal year. The passport carries model and individual-battery information (Annex XIII), part public, part for persons with a legitimate interest.",Context: X9 (EV residual risk)
geotab_degradation_pct_year,Average EV battery capacity loss a year (Geotab),2.3,,,% a year,SOURCED,"Geotab, What can 10,000+ EVs tell us about battery health? (22,700+ vehicles; 1.5% with little DC fast charging, 3.0% with frequent fast charging)",,https://www.geotab.com/blog/ev-battery-health/,2024,Telematics fleet data; Geotab does not say what share is European. Checked by a research agent on 24 September.,Context: X9 (EV residual risk)
incentive_not_disclosed,Total sales incentive spend is not disclosed,,,,text,SOURCED,"Stellantis Form 20-F FY2025: sales incentives are a critical estimate; ""estimated incentive rates are reviewed monthly""",,https://www.sec.gov/Archives/edgar/data/1605484/000160548426000021/stellantis-20251231.htm,FY2025,"This is why every Leak 1 figure below is an assumption rather than a sourced number. X14 (26 September): no regional total is disclosed, but Note 21's sales-incentive provision and its roll-forward are, worldwide (sales_incentive_*); leak 1's claims line now rests on them.",Leak 1
ons_uk_index_move,UK second-hand car index move 2018-01 to 2022-10,26.6,,,%,SOURCED,ONS CPI 07.1.1B second-hand cars (series D7E9) via data/reference/price_indices.parquet,,https://www.ons.gov.uk/economy/inflationandpriceindices,2022-10,Independent measure of the UK level move behind the Corsa example.,Leak 3
dealer_passthrough_low,Share of a dealer discount that reaches the buyer,30,30,40,%,SOURCED,"Busse, Silva-Risso & Zettelmeyer, $1,000 Cash Back, American Economic Review 2006",,https://www.aeaweb.org/articles?id=10.1257/aer.96.4.1253,2006,US data. Customer rebates pass through at 70-90%; dealer discounts at 30-40%.,Leak 1
dep_pooled,Depreciation per year of age,-9.2,-10.0,-7.9,%,MEASURED,analysis/drivers_report.md pooled effects table,one more year of age >> effect on price,,2026-09-17,"16 datasets, 2,617,260 cars. Random-effects pooled; the single pooled model says -10.7%. Age alone, with mileage held fixed: a lease-age car also being driven loses about 12% a year (drivers_report.md).",Leak 2;Leak 3
dep_with_mileage_3y,"Yearly value loss at 3 years old, age plus a typical year's mileage",-12,,,%,MEASURED,analysis/drivers_report.md,A car that is also being driven loses more,,2026-09-17,Pooled age effect plus the pooled mileage effect for the extra mileage a steadily driven car adds between 3 and 4 years old.,Context
dep_market_min,Fastest depreciation of any market measured,-13.3,,,%,MEASURED,analysis/drivers_report.md per-dataset spread (dvm),**one more year of age:**,,2026-09-17,The rate is real everywhere but its size is local.,Leak 3
dep_market_max,Slowest depreciation of any market measured,-4.9,,,%,MEASURED,analysis/drivers_report.md per-dataset spread (eg_hatla2ee),**one more year of age:**,,2026-09-17,Egypt; a market unlike the group's European ones.,Leak 3
dep_uk,UK depreciation per year of age,-10.4,,,%,MEASURED,analysis/drivers_report.md per-dataset (uk_2022_10),uk_2022_10 >> own estimate,,2026-09-17,Advert prices.,Leak 2
dep_stability_lo,Slowest monthly estimate of the rate over 52 months,-13.2,,,%,MEASURED,analysis/latvia_time_report.md,in every one of the 52 months,,2026-09-17,"Latvia, one market. The rate never left this band through the 2021-22 shortage.",Leak 3
dep_stability_hi,Fastest monthly estimate of the rate over 52 months,-11.7,,,%,MEASURED,analysis/latvia_time_report.md,in every one of the 52 months,,2026-09-17,"Latvia, one market. Standard deviation 0.38 points.",Leak 3
latvia_index_corr,Correlation of our Latvian price index with Eurostat's,0.958,,,r,MEASURED,analysis/latvia_time_report.md,The two series correlate at,,2026-09-17,"Correlation of index levels, which two rising series share whatever they measure. As changes: 12-month moves agree (0.90), month-on-month moves do not (-0.03). Disagrees on size (+42% vs +8.8%).",Context
retained_3y_pooled,Value retained at 3 years at the pooled rate,75.0,,,% of list,MEASURED,analysis/level_risk_report.md (derived from dep_pooled),is the reference point,,2026-09-17,Arithmetic on the pooled rate; the denominator for turning points of list price into a share of residual value.,Leak 3
retained_3y_uk,Value retained at 3 years - UK (2018 adverts),66,,,% of list,MEASURED,analysis/value_retained_report.md,UK 2018 >> 3y,,2026-09-17,"DVM adverts, mostly 2018, before the shortage. The UK's October 2022 scrape gives 90% (retained_3y_uk_2022); pooling the two blends eras. Entry-trim new price flatters the share.",Leak 2
retained_3y_uk_2022,Value retained at 3 years - UK (October 2022 adverts),90,,,% of list,MEASURED,analysis/value_retained_report.md,UK Oct 2022 >> 3y,,2026-09-17,"Shortage peak, and a different scrape from the 2018 row, so the +24-point gap mixes a market move with a source difference.",Context
retained_3y_nl,Value retained at 3 years - Netherlands,60,,,% of list,MEASURED,analysis/value_retained_report.md,NL >> 3y,,2026-09-25,Deflated by BPM registration tax in the list price. Not comparable in level with the others.,Context
retained_3y_us,Value retained at 3 years - US,68,,,% of list,MEASURED,analysis/value_retained_report.md,US >> 3y,,2026-09-17,US data. Sample of 690 cars.,Context
retained_1y_uk,Value retained at 1 year - UK (2018 adverts),91,,,% of list,MEASURED,analysis/value_retained_report.md,UK 2018 >> 1y,,2026-09-17,Entry-trim caveat as above.,Leak 2
retained_2y_uk,Value retained at 2 years - UK (2018 adverts),78,,,% of list,MEASURED,analysis/value_retained_report.md,UK 2018 >> 2y,,2026-09-17,Entry-trim caveat as above.,Leak 2
retained_4y_uk,Value retained at 4 years - UK (2018 adverts),59,,,% of list,MEASURED,analysis/value_retained_report.md,UK 2018 >> 4y,,2026-09-17,Entry-trim caveat as above.,Leak 2
retained_5y_uk,Value retained at 5 years - UK (2018 adverts),52,,,% of list,MEASURED,analysis/value_retained_report.md,UK 2018 >> 5y,,2026-09-17,Entry-trim caveat as above.,Leak 2
level_3y_p10,Three-year move in the used-car price level - p10,-10.0,,,%,MEASURED,analysis/level_risk_report.md pooled table,"36-month moves, all 26 EU markets >> p10",,2026-09-17,"26 EU markets, common window 2016-12 to 2025-12, each market weighted equally. Overlapping windows.",Leak 3
level_3y_p50,Three-year move in the used-car price level - median,4.2,,,%,MEASURED,analysis/level_risk_report.md pooled table,"36-month moves, all 26 EU markets >> p50",,2026-09-17,As above.,Leak 3
level_3y_p90,Three-year move in the used-car price level - p90,25.3,,,%,MEASURED,analysis/level_risk_report.md pooled table,"36-month moves, all 26 EU markets >> p90",,2026-09-17,As above.,Leak 3
level_3y_worst,Worst three-year move observed,-27.0,,,%,MEASURED,analysis/level_risk_report.md pooled table,"36-month moves, all 26 EU markets >> worst",,2026-09-17,Slovenia over this window. A single car's worst case in the car-value rows; for the whole book a reference line in no total.,Leak 3
level_3y_p10_core,Three-year move - p10 across the group's 7 largest EU markets,-7.7,,,%,MEASURED,analysis/level_risk_report.md pooled table,"36-month moves, the group's 7 largest >> p10",,2026-09-17,"FR IT DE ES PL NL PT. A single car sits in one market, so the per-car rows use it; for the whole book it is the three-year context's stress (its base is level_3y_p10_book).",Leak 3
level_3y_worst_core,Worst three-year move across the 7 largest EU markets,-19.2,,,%,MEASURED,analysis/level_risk_report.md pooled table,"36-month moves, the group's 7 largest >> worst",,2026-09-17,Poland over this window.,Leak 3
level_1y_p10_core,One-year move in the used-car price level - p10 across the group's 7 largest EU markets,-4.5,,,%,MEASURED,analysis/level_risk_report.md pooled table,"12-month moves, the group's 7 largest >> p10",,2026-09-17,"Leak 3's stress: the whole buy-back book in a Europe-wide bad year as deep as a core market's one-in-ten. The book's own history (level_1y_p10_book) is about nine years with no Europe-wide crash, and bad periods are shared across the books (x8_coincide_48m). Not extreme: the UK market as a whole fell further one year in ten over 1988-2026 (level_1y_p10_uk_long). 72% of its own worst windows are Poland's (x8_core_tail_pl_share).",Leak 3
level_1y_p10,One-year move in the used-car price level - p10 across all 26 EU markets,-6.3,,,%,MEASURED,analysis/level_risk_report.md pooled table,"12-month moves, all 26 EU markets >> p10",,2026-09-17,"A reference line on the Leak 3 sheet, in no total: the whole book at the 26 markets' pooled p10, as if it sat in one market.",Leak 3
level_1y_p10_book,"One-year move in the used-car price level - p10 of the group's own book, spread across its markets",-1.411,,,%,MEASURED,analysis/merger_diversification_report.md,"the merged book's one-year move, p10, France on the euro-area index (leak 3's base) >> move (%)",,2026-09-26,"Leak 3's base level shock. The merged group's book: each market's move weighted by the group's 2019 registrations there (EU CO2 monitoring register), over X6's 26 Eurostat markets and the UK (ONS), December 2016 to December 2025, local currency (a market's own-currency fall is what opens the gap to the buy-back price). Registrations are a proxy: the buy-back book's buyers and country mix are not published (the 20-F names only the group's own leasing and rental joint ventures; most of the book is due within a year, a rental fleet's term). France is carried by the euro-area index because France's own index barely moves; with France's own index or without France the figure is in the report's sensitivities. About nine independent years, overlapping windows, none with a Europe-wide crash. A floor: the index understates the level a lessor meets (x7_ald_slope_36m).",Leak 3
level_3y_p10_book,"Three-year move in the used-car price level - p10 of the group's own book, spread across its markets",-3.260,,,%,MEASURED,analysis/merger_diversification_report.md,"the merged book's 36-month move, p10, France on the euro-area index (the three-year context's base) >> move (%)",,2026-09-26,"The base of the Leak 3 sheet's three-year context (not a yearly figure). The merged group's book: each market's move weighted by the group's 2019 registrations there (EU CO2 monitoring register), over X6's 26 Eurostat markets and the UK (ONS), December 2016 to December 2025, local currency (a market's own-currency fall is what opens the gap to the buy-back price). Registrations are a proxy: the buy-back book's buyers and country mix are not published (the 20-F names only the group's own leasing and rental joint ventures; most of the book is due within a year, a rental fleet's term). France is carried by the euro-area index because France's own index barely moves; with France's own index or without France the figure is in the report's sensitivities. About nine independent years, overlapping windows, none with a Europe-wide crash. A floor: the index understates the level a lessor meets (x7_ald_slope_36m).",Leak 3
level_1y_p10_uk_long,"One-year move in the UK used-car price level - p10 over 1988-2026 (ONS, several cycles)",-5.87,,,%,MEASURED,analysis/merger_diversification_report.md,"the UK market's one-year move, p10, ONS 1988-2026 (several cycles) >> move (%)",,2026-09-26,"UK data. ONS CPI second-hand cars (D7E9): to January 2024 retail prices from a trade guide for 35 models aged 1-3, from February 2024 Auto Trader listings; nominal; overlapping 12-month windows. A whole national market over several cycles, the 2008 fall included: it checks that leak 3's stress (level_1y_p10_core on the whole book) is plausible for a spread book, not extreme. Context only.",Context: leak 3's stress
level_1y_worst,Worst one-year move observed in 26 EU markets,-14.8,,,%,MEASURED,analysis/level_risk_report.md pooled table,"12-month moves, all 26 EU markets >> worst",,2026-09-17,"A reference line on the Leak 3 sheet, in no total: the whole book at the worst one-year move in any of the 26 markets. Common window 2016-12 to 2025-12.",Leak 3
level_1m_p5,One-month drift in the level - p5,-1.3,,,%,MEASURED,analysis/level_risk_report.md review-horizon table,1 >> p5,,2026-09-17,What a monthly re-mark would leave unseen.,Leak 3
level_3m_p5,Three-month drift in the level - p5,-3.0,,,%,MEASURED,analysis/level_risk_report.md review-horizon table,3 >> p5,,2026-09-17,What the group's current quarterly review leaves unseen.,Leak 3
curve_points_known,Curve error at 3 years in a market with its own data,3.5,,,points of list,MEASURED,analysis/level_risk_report.md comparison table,"Curve, in a market with its own data >> points of list price at 3y",,2026-09-17,"Full spread, slowest to fastest. From the 52-month stability band in Latvia. One country. A wider measure than the level's p10-p90, so the 8x comparison it makes is conservative. The VaR model uses curve_p80_known instead.",Context
curve_points_unknown,Curve error at 3 years in a market or brand with no history,20.1,,,points of list,MEASURED,analysis/level_risk_report.md comparison table,"Curve, in a market with no history of its own >> points of list price at 3y",,2026-09-17,"From the 95% prediction interval for a new market (-13.1% to -5.0% a year), not the raw min-max spread, which grows with the number of datasets. Riley/Higgins/Deeks BMJ 2011;342:d549. A wider interval than the level's p10-p90; the VaR model uses curve_p80_unknown instead.",Context
curve_p80_known,Curve error at 3 years in a market with its own data - p10 to p90,2.4,,,points of list,MEASURED,analysis/level_risk_report.md comparison table,"Curve, in a market with its own data, p10 to p90 >> points of list price at 3y",,2026-09-17,"p10 to p90 of the 52 monthly refits in Latvia, so it matches the level's p10-p90. One country. The VaR model uses half of it: the distance from the centre to p10, the same one-in-ten as the level shock.",Leak 3
curve_p80_unknown,Curve error at 3 years in a market or brand with no history - 80% interval,12.6,,,points of list,MEASURED,analysis/level_risk_report.md comparison table,"Curve, in a market with no history, 80% prediction interval >> points of list price at 3y",,2026-09-17,"The 95% prediction interval narrowed to 80% with the same Student's t (14 degrees of freedom, 16 datasets), so it matches the level's p10-p90. The VaR model uses half of it, the distance from the centre to p10.",Leak 3
retained_1y_pooled,Value retained at 1 year at the pooled rate,90.8,,,% of list,MEASURED,analysis/level_risk_report.md one-year table (derived from dep_pooled),is the one-year reference point,,2026-09-17,Arithmetic on the pooled rate; the denominator for the one-year curve terms.,Leak 3
curve_1y_p80_known,Curve error at 1 year in a market with its own data - p10 to p90,1.0,,,points of list,MEASURED,analysis/level_risk_report.md one-year table,"Curve, in a market with its own data, p10 to p90 >> points of list price at 1y",,2026-09-17,"Same Latvian p10-p90 as curve_p80_known, over one year. The VaR model uses half of it.",Leak 3
curve_1y_p80_unknown,Curve error at 1 year in a market or brand with no history - 80% interval,5.1,,,points of list,MEASURED,analysis/level_risk_report.md one-year table,"Curve, in a market with no history, 80% prediction interval >> points of list price at 1y",,2026-09-17,"Same 80% interval as curve_p80_unknown, over one year. The VaR model uses half of it.",Leak 3
level_points,Level error at 3 years - p10 to p90 band,26.5,,,points of list,MEASURED,analysis/level_risk_report.md comparison table,"Level, p10 to p90 >> points of list price at 3y",,2026-09-17,"About 8x the curve error in a market the group already sells in, against the curve's full range; about 11x like for like, p10-p90 on both sides.",Context
pooling_gain_100,Error cut by borrowing other markets at 100 local cars,4.3,,,%,MEASURED,analysis/lodo_report.md sample-size table,100 >> gain from borrowing,,2026-09-17,"Measured on the within-model residual, with the local market setting its own price level. Was 14.7% before the 2026-09-17 audit removed the partly generated French data and the UK duplicate adverts.",Leak 3
pooling_gain_250,Error cut by borrowing other markets at 250 local cars,0.2,,,%,MEASURED,analysis/lodo_report.md sample-size table,250 >> gain from borrowing,,2026-09-17,The gain is gone by 250 cars. Pooling is for little-history cars only.,Leak 3
sibling_penalty,Transfer penalty when another dataset covers the same market,2.7,,,%,MEASURED,analysis/lodo_report.md,share their market with another dataset in the training set,,2026-09-17,Median across the 7 datasets with a sibling.,Context
no_sibling_penalty,Transfer penalty when no dataset covers the same market,31.6,,,%,MEASURED,analysis/lodo_report.md,share their market with another dataset in the training set,,2026-09-17,"Median across the 7 datasets alone in their market, 4 of them outside Europe (Bangladesh, Egypt, Morocco, Jordan). Inside Europe the gap disappears (no_sibling_penalty_europe), so do not quote this for the group's markets.",Context
no_sibling_penalty_europe,Transfer penalty when no dataset covers the same market - European datasets only,2.0,,,%,MEASURED,analysis/lodo_report.md,Inside Europe the gap disappears,,2026-09-17,"Only 3 European datasets stand alone (+1.2% to +39.9%) and they pay no more than the +2.7% of datasets with a sibling. The 'market, not rows' result does not hold inside Europe.",Context
model_err_uk,Median error of a locally fitted model - UK,11.4,,,%,MEASURED,analysis/lodo_report.md own median err (uk_2022_10),uk_2022_10 >> own median err,,2026-09-17,Advert prices. Within make-and-model residual.,Leak 3
corsa_err_asis,Corsa - 2018 model used unchanged on 2022 cars,41.4,,,%,MEASURED,analysis/one_car_report.md,"2018 model, used as it stands >> median error",,2026-09-17,Almost all bias: it prices every car about 41% too low. Median over 500 random splits of the 2022 cars.,Leak 3
corsa_err_anchor25,Corsa - same model after re-anchoring the level on 25 current cars,11.9,,,%,MEASURED,analysis/one_car_report.md,"2018 model, level re-anchored on 25 current cars >> median error",,2026-09-17,"Every slope still from 2018. Median over 500 random draws of the 25 cars, scored on held-out cars.",Leak 3
corsa_err_refit,Corsa - model refitted from scratch on half the current cars,10.5,,,%,MEASURED,analysis/one_car_report.md,refitted from scratch on 2022 data >> median error,,2026-09-17,"The ceiling for this feature set, fitted on half the 2022 cars and scored on the other half.",Leak 3
corsa_level_share,Share of recoverable error that was level alone,96,,,%,MEASURED,analysis/one_car_report.md,of everything there was to recover,,2026-09-17,"(41.4-11.9)/(41.4-10.5), the median across 500 draws of the 25 cars; one_car_report.md gives the p10-p90 range. Refitting every slope buys the last 1.4 points.",Leak 3
corsa_retained_2018,Corsa at 4 years old - share of its list price in 2018,61,,,% of list,MEASURED,analysis/one_car_report.md,2018 >> share of its own list price,,2026-09-17,Each cohort measured against its own list price. Entry-trim caveat applies.,Leak 3
corsa_retained_2022,Corsa at 4 years old - share of its list price in October 2022,91,,,% of list,MEASURED,analysis/one_car_report.md,October 2022 >> share of its own list price,,2026-09-17,"A 30-point gap on the same car at the same age, across two different scrapes.",Leak 3
corsa_fixed_rule_err,Corsa - fixed pooled-rate rule off the new price,27.6,,,%,MEASURED,analysis/one_car_report.md,"fixed depreciation rule off the new price, pooled -9.2% a year >> median error",,2026-09-17,The rule a residual-value desk starts from. Handicapped by the entry-trim new price.,Context
engine_band_coverage,Share of held-out UK cars inside the value engine's 80% band,80,,,%,MEASURED,analysis/engine_check_report.md,Overall coverage:,,2026-09-17,"Advertised prices, one market held out, today's value only. 74-82% across age bands; lowest for cars over twelve.",Context
backtest_gap_latvia,Latvia: adverts three years later against a forecast at the pricing date's level,55,,,%,MEASURED,analysis/engine_check_report.md,The level broke the band,,2026-09-17,"Median of two windows priced in 2020 and compared in 2023. Most of the gap is the Latvian level surge; one market, one period.",Context
tesla_pre_announcement,Share of the Tesla repricing that happened before the January 2023 US list-price cut,68,,,%,MEASURED,analysis/tesla_event_report.md,of the total repricing had already happened,,2026-09-17,"US, Washington State, EVs only. Tesla had already cut prices in China (Oct 2022) and offered US year-end discounts (Dec 2022), so it is not ahead of every manufacturer move. The reason no discount-to-resale factor is quoted anywhere in this model.",Context
auction_vs_sale,Auction price against an equivalent recorded sale,7.3,5.2,9.5,%,MEASURED,analysis/price_types_report.md,A car sold at auction fetches,,2026-09-17,US only. Do not read as a channel-choice rule; the two sources sell different kinds of car.,Context
incentive_pct_revenue,Sales incentives as a share of European net revenue,8.0,5.0,12.0,%,ASSUMPTION,Our estimate. The group does not disclose a total - see incentive_not_disclosed.,,,2026-09-17,"No European source found. Leak 1 is linear in this input: the one-input-at-a-time table on the Summary sheet shows the total at its low and high. Replaced in leak 1's claims line on 26 September (X14) by x14_incentive_claims_central, the group's own sales-incentive provision over net revenues (20-F Note 21, worldwide); kept so the comparison can be recomputed.",Context: leak 1 (replaced by X14)
x14_incentive_claims_central,"Incentive claims as a share of net revenue, the group's own 20-F, central",6.75,,,% of revenue,MEASURED,analysis/incentive_anchor_report.md,"incentive claims, share of net revenues, central (2025 additions) >> value",,2026-09-26,"The group's claims-based incentive programmes (Note 21's sales-incentive provision) as a share of net revenues, worldwide: the 20-F gives no regional split, so applying it to Europe is a judgement. Price discounts at invoice are outside it, so total incentive spend is higher; leak 1's claims line is about claims. 2025 additions: the incentive cost of that year's sales.",Leak 1
x14_incentive_claims_low,"The same, lowest of four ratios (2024-25, additions and settlements)",6.44,,,% of revenue,MEASURED,analysis/incentive_anchor_report.md,"the same, lowest of the four ratios >> value",,2026-09-26,"The group's claims-based incentive programmes (Note 21's sales-incentive provision) as a share of net revenues, worldwide: the 20-F gives no regional split, so applying it to Europe is a judgement. Price discounts at invoice are outside it, so total incentive spend is higher; leak 1's claims line is about claims. 2024 settlements.",Leak 1
x14_incentive_claims_high,"The same, highest of four ratios (2024-25, additions and settlements)",7.14,,,% of revenue,MEASURED,analysis/incentive_anchor_report.md,"the same, highest of the four ratios >> value",,2026-09-26,"The group's claims-based incentive programmes (Note 21's sales-incentive provision) as a share of net revenues, worldwide: the 20-F gives no regional split, so applying it to Europe is a judgement. Price discounts at invoice are outside it, so total incentive spend is higher; leak 1's claims line is about claims. 2025 settlements, which paid down a provision built up in 2024.",Leak 1
agency_markets_2025,"The group kept the dealer model in Europe except Austria, Belgium, Luxembourg and the Netherlands (agency since 2023)",,,,text,SOURCED,"MarketScreener, 13 May 2025, quoting Jean-Philippe Imparato (head of Europe): ""The sales network will therefore retain the traditional model, with the exception of Austria, Belgium, Luxembourg, and the Netherlands, where the transition to the agency model has already begun in 2023."" Also WardsAuto, 19 May 2025",,https://www.marketscreener.com/quote/stock/STELLANTIS-N-V-117814143/news/Stellantis-suspends-its-plan-to-reform-its-dealership-network-in-Europe-49944995/,2025-05,"Press reports of a management statement, not a filing. The Dutch start date (4 September 2023) was verified in X2. The brand split inside the four markets is not given.",Context: X14 (agency and leak 1)
vber_art4a_rpm,"EU vertical block exemption: a supplier may recommend or cap a resale price, not fix a minimum through pressure or incentives",,,,text,SOURCED,"Commission Regulation (EU) 2022/720, Art. 4(a): ""...the possibility of the supplier to impose a maximum sale price or recommend a sale price, provided that they do not amount to a fixed or minimum sale price as a result of pressure from, or incentives offered by, any of the parties""; expires 31 May 2034",,https://eur-lex.europa.eu/legal-content/EN/TXT/HTML/?uri=CELEX:32022R0720,2022-06-01,"Applies to the group's dealers outside agency. A recommended used-car price or a targeted incentive is lawful; tying an incentive to the dealer holding a price is a hardcore restriction. Under genuine agency (Vertical Guidelines 2022/C 248/01, paras 30-34) the principal sets the price.",Context: X14 (agency and leak 1)
afca_peugeot_fine_eur_m,"Austria: Cartel Court fine on Peugeot Austria GmbH for abuse of dominance towards dealers (new-car sales and garage services, 2017-2021)",15,,,EUR m,SOURCED,"Austrian Federal Competition Authority, Annual Report 2024, pp. 41 and 69 (case 26 Kt 5/23i; the largest abuse-of-dominance fine in Austria)",,https://www.bwb.gv.at/fileadmin/user_upload/ENG_BWB_Taetigkeitsbericht2024_BARRIEREFREI.cleaned.pdf,2024,"The practices (arbitrary bonus conditions, unrealistic targets, onerous warranty audit procedures, a margin squeeze against independent distributors) are from a Wolters Kluwer competition blog, not the authority's report. A warning for leak 1's controls: claim holds and dealer audits must be rule-based, proportionate and the same for owned and independent dealers.",Context: X14 (agency and leak 1)
x14_agency_share_2024,"The four agency markets' share of the group's new-car registrations, 2024",6.7,,,%,MEASURED,analysis/agency_share_report.md,"agency share of the group's registrations, 2024 >> value",,2026-09-26,"Austria, Belgium, Luxembourg and the Netherlands (agency_markets_2025) over the group's registrations in the EU CO2 register (cars; EU, Norway, Iceland; no UK from 2021). The rest of the group's sales run through dealers who file incentive claims, leak 1's process. Brand split within the four markets not published.",Context: X14 (agency and leak 1)
x14_agency_share_2025p,"The four agency markets' share of the group's new-car registrations, 2025 (provisional)",7.8,,,%,MEASURED,analysis/agency_share_report.md,"agency share, 2025 (provisional) >> value",,2026-09-26,"Austria, Belgium, Luxembourg and the Netherlands (agency_markets_2025) over the group's registrations in the EU CO2 register (cars; EU, Norway, Iceland; no UK from 2021). The rest of the group's sales run through dealers who file incentive claims, leak 1's process. Brand split within the four markets not published.",Context: X14 (agency and leak 1)
fca_redress_total_gbp_bn,UK motor-finance redress scheme: expected redress to consumers,7.5,,,GBP bn,SOURCED,"FCA press release, 30 March 2026: ""total redress paid would be £7.5bn"" (at 75% take-up)",,https://www.fca.org.uk/news/press-releases/millions-car-finance-customers-payouts-fca-goes-ahead-compensation-scheme,2026-03-30,"UK only. The scheme compensates buyers where the dealer or broker did not disclose a discretionary commission arrangement, a high commission (at least 39% of the total cost of credit and 10% of the loan) or a tied lender, on motor finance loans from 6 April 2007 to 1 November 2024 (PS26/3, 30 March 2026; implementation 30 June 2026 for loans from 1 April 2014, 31 August 2026 for earlier ones). Industry-wide; the group's share is not disclosed. It is a cost of the past, not a leak: context for why the ledger joins dealer pay, incentive and finance per car.",Context: X14 (UK regulation)
fca_redress_cost_to_firms_gbp_bn,"UK motor-finance redress scheme: total bill to firms, redress and non-redress costs",9.1,,,GBP bn,SOURCED,"FCA statement ""FCA confirms motor finance redress scheme"" (first published 30 March 2026): £7.5bn redress plus £1.6bn non-redress costs, £9.1bn (£11bn at consultation)",,https://www.fca.org.uk/news/statements/fca-confirms-motor-finance-redress-scheme,2026-03-30,"UK only. The scheme compensates buyers where the dealer or broker did not disclose a discretionary commission arrangement, a high commission (at least 39% of the total cost of credit and 10% of the loan) or a tied lender, on motor finance loans from 6 April 2007 to 1 November 2024 (PS26/3, 30 March 2026; implementation 30 June 2026 for loans from 1 April 2014, 31 August 2026 for earlier ones). Industry-wide; the group's share is not disclosed. It is a cost of the past, not a leak: context for why the ledger joins dealer pay, incentive and finance per car.",Context: X14 (UK regulation)
fca_redress_agreements_m,UK motor-finance redress scheme: eligible agreements,12.1,,,million,SOURCED,"FCA press release, 30 March 2026: ""12.1 million agreements made between 2007 and 2024 are now eligible"" (14.2m at consultation)",,https://www.fca.org.uk/news/press-releases/millions-car-finance-customers-payouts-fca-goes-ahead-compensation-scheme,2026-03-30,"UK only. The scheme compensates buyers where the dealer or broker did not disclose a discretionary commission arrangement, a high commission (at least 39% of the total cost of credit and 10% of the loan) or a tied lender, on motor finance loans from 6 April 2007 to 1 November 2024 (PS26/3, 30 March 2026; implementation 30 June 2026 for loans from 1 April 2014, 31 August 2026 for earlier ones). Industry-wide; the group's share is not disclosed. It is a cost of the past, not a leak: context for why the ledger joins dealer pay, incentive and finance per car.",Context: X14 (UK regulation)
fca_redress_avg_gbp,UK motor-finance redress scheme: average payout per agreement,830,,,GBP,SOURCED,"FCA press release, 30 March 2026: ""The average payout has increased to around £830 per agreement""",,https://www.fca.org.uk/news/press-releases/millions-car-finance-customers-payouts-fca-goes-ahead-compensation-scheme,2026-03-30,"UK only. The scheme compensates buyers where the dealer or broker did not disclose a discretionary commission arrangement, a high commission (at least 39% of the total cost of credit and 10% of the loan) or a tied lender, on motor finance loans from 6 April 2007 to 1 November 2024 (PS26/3, 30 March 2026; implementation 30 June 2026 for loans from 1 April 2014, 31 August 2026 for earlier ones). Industry-wide; the group's share is not disclosed. It is a cost of the past, not a leak: context for why the ledger joins dealer pay, incentive and finance per car.",Context: X14 (UK regulation)
uk_redress_group_jv_2025,The group's 20-F: UK motor-finance redress reduced its share of finance joint-venture profits in 2025,,,,text,SOURCED,"Stellantis Form 20-F FY2025, results of operations: ""lower share of profits from financial services joint ventures, in part due to the impact of the cost recorded during 2025 from the UK motor finance redress program""",,https://www.sec.gov/Archives/edgar/data/1605484/000160548426000021/stellantis-20251231.htm,FY2025,"No amount is given. The UK joint venture is with BNP Paribas PF (equity-accounted), so the cost reaches the group through its share of profit.",Context: X14 (UK regulation)
ccd2_intermediary_rules,"EU Consumer Credit Directive 2023/2225: intermediaries' remuneration and disclosure, applying from 20 November 2026",,,,text,SOURCED,"Directive (EU) 2023/2225, Art. 32(2) and (4) (remuneration must not impede fair treatment; Member States may ban creditor-paid commissions where advice is given), Art. 38 (say whether tied to one or more creditors; disclose fees the consumer pays), Art. 48 (apply from 20 November 2026)",,https://eur-lex.europa.eu/legal-content/EN/TXT/HTML/?uri=CELEX:32023L2225,2023-10-18,"No EU article requires the dealer to disclose the commission the lender pays, the UK scheme's core; national transposition may go further. The ledger records each car's dealer commission, incentive and finance terms together, so it can show any of them on request.",Context: X14 (EU regulation)
mobilisights_scope,"Mobilisights (Mobilisights Connect from March 2026): the group's wholly owned connected-data business, with consent-based access to embedded data from 14 brands",,,,text,SOURCED,"Stellantis media, 6 March 2026 (rebrand: ""remains a wholly owned data and software company of Stellantis"", over 40 telematics partners in Europe and North America, data from fourteen brands) and 10 January 2024 (""the Company collects and shares data only with user's explicit consent""; odometer among the data)",,https://www.media.stellantis.com/em-en/mobilisights/press/mobilisights-rebrands-as-mobilisights-connect-enabling-software-solutions-powered-by-trusted-vehicle-data,2026-03-06,"No count of connected cars is published in these releases or the 20-F; a blog's 13.8m and 5m were not used. Its products are sold to fleets, insurers and charging services; none published is for remarketing or contract ends.",Context: X14 (connected data)
mobilisights_eu_fleet_pack,"Mobilisights' EU fleet data pack covers Pro One vans from model year 2024, for up to four years from the warranty date",,,,text,SOURCED,"mobilisights.com, EU Fleet Data Pack page (Citroen, Fiat, Opel, Peugeot, Vauxhall vans: Berlingo, Doblo, Combo, Partner, Jumpy, Expert, Ducato and others; ""all Stellantis ProOne MY24 models"")",,https://www.mobilisights.com/en/eu-fleetdatapack.html,2026-09,The product sold to third parties in the EU; the group's own internal access to its cars' data is not described publicly.,Context: X14 (connected data)
data_act_rules,EU Data Act: the carmaker may use a connected car's non-personal data only under a contract with the user; the user can have it sent to a third party,,,,text,SOURCED,"Regulation (EU) 2023/2854, Art. 4(13) (""A data holder shall only use any readily available data that is non-personal data on the basis of a contract with the user""), Art. 5(1) (sharing with a third party at the user's request), Art. 50 (applies from 12 September 2025; Art. 3(1) design duty for products placed on the market after 12 September 2026)",,https://eur-lex.europa.eu/legal-content/EN/TXT/HTML/?uri=CELEX:32023R2854,2023-12-13,"Personal data (a private driver's car) also needs a GDPR basis. For a leased car the lessor and the lessee can both be users. So the ledger may read a car's odometer or battery health for its own contract or buy-back cars under the contract, and competitors can get the same data from the user: it is not an exclusive edge.",Context: X14 (connected data)
ayvens_costs_to_achieve_eur_m,"Ayvens (ALD + LeasePlan): total costs to achieve the integration, 2022-2025",525,,,EUR m,SOURCED,"ALD | LeasePlan ""PowerUP 2026"" press release, 18 September 2023: ""Total cumulated costs to achieve of EUR 525 million over 2022-2025"" (EUR 128m in 2022, 170m in 2023, 190m in 2024, 37m in 2025)",,https://www.ayvens.com/-/media/ayvens/public/cp/files/news-press-release-pdfs/2023-09-18---ald-cmd-2023-press-release.pdf?rev=6c3b9223548240a09cab42569678a786,2023-09-18,"A whole merger of two lessors (legal entities, core IT migrations, headcount, real estate), not a data programme on top of existing systems, so it neither validates nor refutes the programme's build cost (X25's four scenarios). No separate data or IT platform spend is disclosed.",Context: X14 (the programme's cost)
ayvens_synergies_runrate_eur_m,Ayvens: annual pre-tax synergies targeted by 2026,440,,,EUR m a year,SOURCED,"ALD | LeasePlan ""PowerUP 2026"" press release, 18 September 2023: ""Total annual pre-tax synergies confirmed at EUR 440 million by 2026"" (EUR 120m by 2024, 350m by 2025), evenly split between margin and procurement synergies and cost synergies",,https://www.ayvens.com/-/media/ayvens/public/cp/files/news-press-release-pdfs/2023-09-18---ald-cmd-2023-press-release.pdf?rev=6c3b9223548240a09cab42569678a786,2023-09-18,"A whole merger of two lessors (legal entities, core IT migrations, headcount, real estate), not a data programme on top of existing systems, so it neither validates nor refutes the programme's build cost (X25's four scenarios). ",Context: X14 (the programme's cost)
ayvens_synergies_2024_eur_m,Ayvens: synergies achieved in 2024,121,,,EUR m,SOURCED,"Ayvens Q4 and full-year 2024 results press release: ""In 2024 synergies amounted to EUR 121 million""",,https://www.ayvens.com/en-cp/news/newsroom/press-releases-2025/ayvens-q4-and-full-year-2024-results/,FY2024,"Against a plan of EUR 120m by 2024: the merger's synergy plan was delivered on schedule in its first full year. A whole merger of two lessors (legal entities, core IT migrations, headcount, real estate), not a data programme on top of existing systems, so it neither validates nor refutes the programme's build cost (X25's four scenarios). ",Context: X14 (the programme's cost)
ayvens_remarketing_vehicles_k,Ayvens: used vehicles sold a year through its multi-channel remarketing platform,600,,,thousand vehicles a year,SOURCED,"ALD | LeasePlan ""PowerUP 2026"" press release, 18 September 2023: ""its global multi-channel remarketing platform (600,000 vehicles sold p.a., access to a large range of buyers in 36 countries, of which 24,000 active traders)""",,https://www.ayvens.com/-/media/ayvens/public/cp/files/news-press-release-pdfs/2023-09-18---ald-cmd-2023-press-release.pdf?rev=6c3b9223548240a09cab42569678a786,2023-09-18,A merged lessor's remarketing at scale: the real-world analogue for leak 3's resale (the used-car sale results per car are the ald_* and ayvens_* rows).,Context: X14 (leak 3 analogue)
sales_incentive_additions_2025_eur_m,"Sales-incentive provision: additions, 2025 (worldwide)",10362,,,EUR m,SOURCED,"Stellantis Form 20-F FY2025, Note 21 Provisions, roll-forward table, Sales incentives line, Additional provisions, 2025",,https://www.sec.gov/Archives/edgar/data/1605484/000160548426000021/stellantis-20251231.htm,FY2025,"Worldwide; no regional split is disclosed. The estimated cost of incentive programmes offered to dealers and consumers (cash offers, subvention, lease subsidies) is booked as a reduction of revenue when the car is sold to the dealer, and the provision is settled as the programmes are claimed and paid (Note 2, critical estimates). Price discounts at invoice need not pass through it, so it is the claims-based part of incentive spend.",Leak 1 (via x14_incentive_claims_central)
sales_incentive_settlements_2025_eur_m,"Sales-incentive provision: settlements, 2025 (worldwide)",10954,,,EUR m,SOURCED,"Stellantis Form 20-F FY2025, Note 21 Provisions, roll-forward table, Sales incentives line, Settlements, 2025",,https://www.sec.gov/Archives/edgar/data/1605484/000160548426000021/stellantis-20251231.htm,FY2025,"Worldwide; no regional split is disclosed. The estimated cost of incentive programmes offered to dealers and consumers (cash offers, subvention, lease subsidies) is booked as a reduction of revenue when the car is sold to the dealer, and the provision is settled as the programmes are claimed and paid (Note 2, critical estimates). Price discounts at invoice need not pass through it, so it is the claims-based part of incentive spend.",Leak 1 (via x14_incentive_claims_central)
sales_incentive_additions_2024_eur_m,"Sales-incentive provision: additions, 2024 (worldwide)",10229,,,EUR m,SOURCED,"Stellantis Form 20-F FY2025, Note 21 Provisions, roll-forward table, Sales incentives line, Additional provisions, 2024",,https://www.sec.gov/Archives/edgar/data/1605484/000160548426000021/stellantis-20251231.htm,FY2024,"Worldwide; no regional split is disclosed. The estimated cost of incentive programmes offered to dealers and consumers (cash offers, subvention, lease subsidies) is booked as a reduction of revenue when the car is sold to the dealer, and the provision is settled as the programmes are claimed and paid (Note 2, critical estimates). Price discounts at invoice need not pass through it, so it is the claims-based part of incentive spend.",Leak 1 (via x14_incentive_claims_central)
sales_incentive_settlements_2024_eur_m,"Sales-incentive provision: settlements, 2024 (worldwide)",10110,,,EUR m,SOURCED,"Stellantis Form 20-F FY2025, Note 21 Provisions, roll-forward table, Sales incentives line, Settlements, 2024",,https://www.sec.gov/Archives/edgar/data/1605484/000160548426000021/stellantis-20251231.htm,FY2024,"Worldwide; no regional split is disclosed. The estimated cost of incentive programmes offered to dealers and consumers (cash offers, subvention, lease subsidies) is booked as a reduction of revenue when the car is sold to the dealer, and the provision is settled as the programmes are claimed and paid (Note 2, critical estimates). Price discounts at invoice need not pass through it, so it is the claims-based part of incentive spend.",Leak 1 (via x14_incentive_claims_central)
sales_incentive_provision_2025_eur_m,Sales-incentive provision at 31 December 2025 (worldwide),5321,,,EUR m,SOURCED,"Stellantis Form 20-F FY2025, Note 21 Provisions, Sales incentives, total at 31 December 2025 (2024: 6,343)",,https://www.sec.gov/Archives/edgar/data/1605484/000160548426000021/stellantis-20251231.htm,2025-12-31,"A balance, not a year's spend: incentives accrued on cars sold to dealers and not yet claimed. Worldwide; no regional split is disclosed. The estimated cost of incentive programmes offered to dealers and consumers (cash offers, subvention, lease subsidies) is booked as a reduction of revenue when the car is sold to the dealer, and the provision is settled as the programmes are claimed and paid (Note 2, critical estimates). Price discounts at invoice need not pass through it, so it is the claims-based part of incentive spend.",Context: X14
group_revenue_2024_eur_m,"Group net revenues, 2024",156878,,,EUR m,SOURCED,"Stellantis Form 20-F FY2025, Note 29 related parties, 'Total for the Company' net revenues, 2024 (also the consolidated income statement)",,https://www.sec.gov/Archives/edgar/data/1605484/000160548426000021/stellantis-20251231.htm,FY2024,The denominator for the 2024 incentive ratios.,Leak 1 (via x14_incentive_claims_central)
eca_error_complex_rules_2024,"EU budget: estimated error in spending under complex rules, mainly reimbursement claims, 2024",5.2,,,%,SOURCED,"European Court of Auditors, 2024 EU audit in brief, printed p. 6 (the Court's opinion) and p. 13 (Figure 3): ""expenditure subject to complex rules, mainly reimbursement-based, in which the estimated level of error is 5.2 %"" (2023: 7.9%)",,https://www.eca.europa.eu/ECAPublications/AR-2024-AIB/AR-2024-AIB_EN.pdf,FY2024,"An audited error rate in payments made on beneficiaries' claims for eligible costs, after national controls: an analogue for dealer incentive claims, not a carmaker's figure. Entitlement-based payments (simple conditions) were below 2%. Brackets process_leak_pct: our 2% sits at the simple-rules end.",Context: X14 (a benchmark for process_leak_pct)
eca_error_overall_2024,"EU budget: overall estimated level of error, 2024",3.6,,,%,SOURCED,"European Court of Auditors, 2024 EU audit in brief, printed p. 4: ""Our estimate of the level of error in EU budget spending is at 3.6 % (2023: 5.6 %)""; printed p. 12: between 2.6% and 4.6%",,https://www.eca.europa.eu/ECAPublications/AR-2024-AIB/AR-2024-AIB_EN.pdf,FY2024,"All audited EU spending, claim-based and entitlement-based. An analogue, not a carmaker's figure.",Context: X14 (a benchmark for process_leak_pct)
process_leak_pct,"Claims paid twice, wrongly or too late, as a share of incentive spend",2.0,0.5,5.0,%,ASSUMPTION,Our estimate,,,2026-09-17,"Benchmarks in circulation (2-5%) are US and unverified, so this is an assumption and not a sourced figure. Audited analogue (X14): the European Court of Auditors' 2024 error rate on EU spending paid on claims under complex rules was 5.2%, below 2% for simple entitlement payments (eca_error_*); our 2% sits at the simple-rules end.",Leak 1
recoverable_share,Share of process leakage a controls layer actually recovers,30,10,50,%,ASSUMPTION,"Our estimate, anchored on the EU's audited corrections (ec_cohesion_*)",,,2026-09-27,"Leakage that exists is not leakage you can recover. The anchor: in EU cohesion spending, paid on beneficiaries' claims, corrections after payment recover about two-fifths of the error found (risk at payment 2.9%, at closure 1.8%; future corrections 0.5-1.4 points, a sixth to a half: ec_cohesion_*), with a legal right to claw back over years. Our 30% sits just below it and the range spans it. A public-funds analogue, not a carmaker's figure; the pilot's certified baseline replaces it.",Leak 1
targeting_leak_pct,Incentives paid on sales that would have happened anyway,10,5,20,%,ASSUMPTION,Our estimate,,,2026-09-17,"Only measurable with randomised holdouts; the ledger is what makes that measurable. Replaced in leak 1 on 26 September by x5_targeting_gain_central, derived in analysis/optimal_incentive_report.md; kept so the comparison there can be recomputed.",Context: leak 1 (replaced by X5)
thin_share_of_book,Share of the buy-back book with little history,25,10,40,%,ASSUMPTION,Our estimate,,,2026-09-17,"New brands, new markets and electrified lines with little resale history. Directionally supported by the 20-F statement that LEVs are an increasing proportion of buy-back assets. X9: the electrified part alone, the group's battery-EV plus plug-in share of its 2024 EU registrations (x9_group_bev_share_2024, x9_group_phev_share_2024), sits inside this range; the buy-back book's own mix is not published (its buyers are named only where they are the group's own leasing and rental joint ventures), so the range stands.",Leak 3
finance_penetration,"SFSE penetration: share of the group's new cars registered in its European markets that SFSE financed, 2025",28.9,,,%,SOURCED,"Stellantis Financial Services Europe, Rapport Annuel 2025, p. 9 (Europe): ""une pénétration qui s'élève à 28,9%""",,https://www.stellantisfinancialservices.com/pdf/Rapport%20Annuel%20SFSE%202025.pdf,2025,"SFSE new-car financings (cars and vans: credit sale, LOA, B2C long-term rental, subscription) over new-car registrations of the group's brands in SFSE's European markets (the definition: SFSE 2023 annual results, p. 7). Excludes Leasys, which has held the B2B long-term leases since April 2023. Second half of 2025: 30.4%. By country from 21.9% (Spain) to 56.7% (Austria). Legacy Banque PSA Finance: bpf_penetration_2021. Replaced our 40% (30-50%) ASSUMPTION on 26 September (X14). Leak 2 uses the contract count itself (sfse_eu_nv_contracts_2025). X5 reads this rate as g, the share of cars whose resale the group bears: a proxy, not a bound. A loan leaves the resale with the buyer, while buy-back sales and Leasys, outside this rate, leave it with the group.","Context: X5 (g, the optimal incentive); leak 2's base is sfse_eu_nv_contracts_2025"
sfse_eu_nv_contracts_2025,"New-car financing contracts SFSE wrote for the group's brands in Europe, 2025",646138,,,contracts,SOURCED,"Stellantis Financial Services Europe, Rapport Annuel 2025, p. 9 (Europe): ""le nombre de contrats de financements de véhicules neufs pour les marques du Groupe s'établit à 646 138 en 2025""",,https://www.stellantisfinancialservices.com/pdf/Rapport%20Annuel%20SFSE%202025.pdf,2025,"Cars and vans: credit sale, LOA (lease with purchase option), B2C long-term rental, flexible rental, subscription. Leasys B2B long-term leases are excluded (multi-brand; the group's share not disclosed), so leak 2 counts no fleet lease. Europe is SFSE's markets: France, Germany, the UK, Italy, Spain, Belgium-Luxembourg, the Netherlands, Portugal, Austria, Poland. Each contract ends in a moment to offer the next car; a year's new contracts stand in for a year's contract ends. The contracts sit in 50/50 joint ventures with Santander CF and BNP Paribas PF (Portugal a white-label agreement), so the customer data is shared with a partner bank.",Leak 2
bpf_penetration_2021,"Banque PSA Finance penetration, legacy PSA and Opel brands, 2021",31.9,,,%,SOURCED,"Banque PSA Finance, Rapport annuel 2021, management report p. 17: ""En 2021, Banque PSA Finance (BPF) a financé 31,9% des ventes de véhicules neufs du Groupe""",,https://www.stellantisfinancialservices.com/pdf/2021%20FR%20Rapport%20annuel.pdf,2021,"Peugeot, Citroen, DS, Opel and Vauxhall only, before the 2023 finance restructuring; excluding China. History for finance_penetration.",Context: X14
fla_uk_private_new_pos_share,"UK: share of private new-car purchases funded by FLA members at the point of sale, year to March 2026",88,,,%,SOURCED,"Finance & Leasing Association, consumer car finance statistics for March 2026 (published 12 May 2026): ""FLA members funding close to 88% of private new car purchases over the past year""",,https://fla.org.uk/news/consumer-car-finance-new-business-volumes-grew-by-8-in-march-2026/,2026-03,"UK, the whole market, private buyers only, every lender: not the group's rate. The group's UK rate over all its registrations was 22.8% in 2025, over 62% in B2C (SFSE 2025, p. 9). A rate over all registrations mixes private buyers with fleets, many of them ineligible for finance.",Context: X14
sfse_pen_fr_2025,"SFSE penetration, France, 2025",27.5,,,%,SOURCED,"Stellantis Financial Services Europe, Rapport Annuel 2025, p. 9: ""le nombre de contrats s'établit à 154 496, soit une pénétration de 27,5%""",,https://www.stellantisfinancialservices.com/pdf/Rapport%20Annuel%20SFSE%202025.pdf,2025,"SFSE new-car financings of the group's brands over their new-car registrations (cars and vans) in the market, excluding Leasys's B2B long-term leases. Second half 31%. B2C 68.1% (sfse_pen_fr_b2c_2025).",Context: X14 (the pilot by market)
sfse_contracts_fr_2025,"SFSE new-car financing contracts, France, 2025",154496,,,contracts,SOURCED,"Stellantis Financial Services Europe, Rapport Annuel 2025, p. 9: ""le nombre de contrats s'établit à 154 496, soit une pénétration de 27,5%""",,https://www.stellantisfinancialservices.com/pdf/Rapport%20Annuel%20SFSE%202025.pdf,2025,"SFSE new-car financings of the group's brands over their new-car registrations (cars and vans) in the market, excluding Leasys's B2B long-term leases. The one large market with a disclosed count.",Context: X14 (the pilot by market)
sfse_pen_fr_b2c_2025,"SFSE penetration of private (B2C) sales, France, 2025",68.1,,,%,SOURCED,"Stellantis Financial Services Europe, Rapport Annuel 2025, p. 9: ""Sur le B2C, la pénétration atteint 68,1%""",,https://www.stellantisfinancialservices.com/pdf/Rapport%20Annuel%20SFSE%202025.pdf,2025,"SFSE new-car financings of the group's brands over their new-car registrations (cars and vans) in the market, excluding Leasys's B2B long-term leases. Private buyers only; the rest of registrations are B2B, many ineligible for finance.",Context: X14 (the pilot by market)
sfse_pen_de_2025,"SFSE penetration, Germany, 2025 (a floor)",33.8,,,%,SOURCED,"Stellantis Financial Services Europe, Rapport Annuel 2025, p. 9: ""les performances se maintiennent à un haut niveau de pénétration, à plus de 33,8%""",,https://www.stellantisfinancialservices.com/pdf/Rapport%20Annuel%20SFSE%202025.pdf,2025,"SFSE new-car financings of the group's brands over their new-car registrations (cars and vans) in the market, excluding Leasys's B2B long-term leases. The report says more than 33.8%, so a floor.",Context: X14 (the pilot by market)
sfse_pen_gb_2025,"SFSE penetration, UK, 2025",22.8,,,%,SOURCED,"Stellantis Financial Services Europe, Rapport Annuel 2025, p. 9: ""avec une pénétration de 22,8 %, soit en hausse de 1,1 points""",,https://www.stellantisfinancialservices.com/pdf/Rapport%20Annuel%20SFSE%202025.pdf,2025,"SFSE new-car financings of the group's brands over their new-car registrations (cars and vans) in the market, excluding Leasys's B2B long-term leases. B2C over 62%.",Context: X14 (the pilot by market)
sfse_pen_es_2025,"SFSE penetration, Spain, 2025",21.9,,,%,SOURCED,"Stellantis Financial Services Europe, Rapport Annuel 2025, p. 10: ""les performances s'améliorent par rapport à 2024 avec une pénétration à 21,9%""",,https://www.stellantisfinancialservices.com/pdf/Rapport%20Annuel%20SFSE%202025.pdf,2025,"SFSE new-car financings of the group's brands over their new-car registrations (cars and vans) in the market, excluding Leasys's B2B long-term leases. Second half 26.9%; a large share of B2B is key-account and direct sales.",Context: X14 (the pilot by market)
sfse_pen_it_2025,"SFSE penetration, Italy, 2025",28.6,,,%,SOURCED,"Stellantis Financial Services Europe, Rapport Annuel 2025, p. 10: ""la pénétration se maintient à 28,6%""",,https://www.stellantisfinancialservices.com/pdf/Rapport%20Annuel%20SFSE%202025.pdf,2025,"SFSE new-car financings of the group's brands over their new-car registrations (cars and vans) in the market, excluding Leasys's B2B long-term leases.",Context: X14 (the pilot by market)
sfse_pen_be_lu_2025,"SFSE penetration, Belgium and Luxembourg, 2025",26.6,,,%,SOURCED,"Stellantis Financial Services Europe, Rapport Annuel 2025, p. 10: ""avec une pénétration stabilisée à 26,6 %""",,https://www.stellantisfinancialservices.com/pdf/Rapport%20Annuel%20SFSE%202025.pdf,2025,"SFSE new-car financings of the group's brands over their new-car registrations (cars and vans) in the market, excluding Leasys's B2B long-term leases. B2C 38.4%.",Context: X14 (the pilot by market)
sfse_contracts_be_lu_2025,"SFSE new-car financing contracts, Belgium and Luxembourg, 2025",22128,,,contracts,SOURCED,"Stellantis Financial Services Europe, Rapport Annuel 2025, p. 10: ""Le nombre de contrats progresse sur l'année à 22 128, en hausse de 9,2%""",,https://www.stellantisfinancialservices.com/pdf/Rapport%20Annuel%20SFSE%202025.pdf,2025,"SFSE new-car financings of the group's brands over their new-car registrations (cars and vans) in the market, excluding Leasys's B2B long-term leases.",Context: X14 (the pilot by market)
sfse_pen_at_2025,"SFSE penetration, Austria, 2025",56.7,,,%,SOURCED,"Stellantis Financial Services Europe, Rapport Annuel 2025, p. 10: ""avec un taux de pénétration record de 56,7 %""",,https://www.stellantisfinancialservices.com/pdf/Rapport%20Annuel%20SFSE%202025.pdf,2025,"SFSE new-car financings of the group's brands over their new-car registrations (cars and vans) in the market, excluding Leasys's B2B long-term leases. B2C and B2B finance leases.",Context: X14 (the pilot by market)
sfse_contracts_at_2025,"SFSE new-car financing contracts, Austria, 2025",22411,,,contracts,SOURCED,"Stellantis Financial Services Europe, Rapport Annuel 2025, p. 10: ""le volume de contrats atteint 22 411 unités, soit une hausse de 60 % par rapport à 2024""",,https://www.stellantisfinancialservices.com/pdf/Rapport%20Annuel%20SFSE%202025.pdf,2025,"SFSE new-car financings of the group's brands over their new-car registrations (cars and vans) in the market, excluding Leasys's B2B long-term leases. Up 60% on 2024, so one year may not be typical.",Context: X14 (the pilot by market)
sfse_pen_pl_2025,"SFSE penetration, Poland, 2025",48.8,,,%,SOURCED,"Stellantis Financial Services Europe, Rapport Annuel 2025, p. 10: ""avec un taux de pénétration de 48,8 %""",,https://www.stellantisfinancialservices.com/pdf/Rapport%20Annuel%20SFSE%202025.pdf,2025,"SFSE new-car financings of the group's brands over their new-car registrations (cars and vans) in the market, excluding Leasys's B2B long-term leases.",Context: X14 (the pilot by market)
upgrade_capture_uplift,Extra share of customers retained by contacting them at the right moment,3.0,1.0,6.0,percentage points,ASSUMPTION,Our estimate,,,2026-09-17,Must be proved with randomised control groups in the pilot rather than assumed at scale.,Leak 2
margin_per_repeat_sale,Contribution from one retained customer's next car,2000,1000,3500,EUR,ASSUMPTION,Our estimate,,,2026-09-17,New-car margin plus finance income over the contract; excludes service and warranty.,Leak 2
loan_deposit_pct,Deposit on a typical financed contract,15,10,25,%,ASSUMPTION,Our estimate,,,2026-09-17,Used only to locate the month when the car is worth more than the balance.,Leak 2
loan_term_months,Term of a typical financed contract,48,36,60,months,ASSUMPTION,Our estimate,,,2026-09-17,As above.,Leak 2
loan_apr,Interest rate on a typical financed contract,7.0,4.0,10.0,%,ASSUMPTION,Our estimate,,,2026-09-17,As above.,Leak 2
new_car_price,List price of the worked example car,10420,,,GBP,MEASURED,analysis/one_car_report.md - Vauxhall Corsa entry price for the 2022 cohort,October 2022 >> list price when new (£),,2026-09-17,DVM-CAR entry trim. Used only to make the upgrade-timing example concrete.,Leak 2
dep_pi_lo,Depreciation per year - low end of the 95% prediction interval,-13.1,,,%,MEASURED,analysis/drivers_report.md pooled effects table,one more year of age >> 95% prediction interval,,2026-09-17,Where the age effect would fall in a market we have not measured. Wider than the confidence interval on the mean and the right number for a new market.,Leak 3
dep_pi_hi,Depreciation per year - high end of the 95% prediction interval,-5.0,,,%,MEASURED,analysis/drivers_report.md pooled effects table,one more year of age >> 95% prediction interval,,2026-09-17,As above.,Leak 3
ev_pi_lo,Electric vs petrol - low end of the 95% prediction interval,-38.0,,,%,MEASURED,analysis/drivers_report.md pooled effects table,electric instead of petrol >> 95% prediction interval,,2026-09-17,Four datasets only. We cannot say what an electric car is worth against a petrol one in an unmeasured market - the same uncertainty Stellantis reports for electrified residuals.,Context
ev_pi_hi,Electric vs petrol - high end of the 95% prediction interval,59.9,,,%,MEASURED,analysis/drivers_report.md pooled effects table,electric instead of petrol >> 95% prediction interval,,2026-09-17,As above.,Context
er_pairs_measured,Confirmed duplicate pairs behind the entity-resolution test,276902,,,pairs,MEASURED,analysis/entity_resolution_report.md,Confirmed duplicate pairs across the five sources,,2026-09-17,"Five sources in four countries, each carrying the site's own advert id, which is hidden before matching. An advert relisted under a new id counts as two records, so this is a lower bound.",Context
er_price_drift,Copies of one record that differ on the amount,17.4,,,%,MEASURED,analysis/entity_resolution_report.md drift table,pt_standvirtual >> the money field (price),,2026-09-17,"The money field is the one most likely to move between two copies of the same record - the field a claims system would match on. Portugal, scraped weekly for eleven months. Used-car adverts, not dealer claims: this rate does not transfer to the group's systems and must not be quoted as if it did. What transfers is the failure mode.",Context
er_exact_miss,"Copies an exact match misses, where the copies drift",21.9,,,%,MEASURED,analysis/entity_resolution_report.md recall table,pt_standvirtual >> copies that differ somewhere,,2026-09-17,"The only source both scraped repeatedly over time and carrying an id, so the only one that can show drift at all. In the four single-snapshot sources a second copy is a byte-identical row and exact matching finds it. Used-car adverts, not dealer claims: this rate does not transfer to the group's systems and must not be quoted as if it did. What transfers is the failure mode.",Context
er_exact_precision,"Precision of an exact match, where the copies drift",98.7,,,%,MEASURED,analysis/entity_resolution_report.md relax table,"pt_standvirtual >> precision, exact",,2026-09-17,"Precision levels are not comparable between sources: an id under-counts relisted adverts and a thin field set over-links distinct cars. Read the movement against er_relax_precision, not the level. Used-car adverts, not dealer claims: this rate does not transfer to the group's systems and must not be quoted as if it did. What transfers is the failure mode.",Context
er_relax_recall,Recall once the rule stops matching on the fields that drift,96.7,,,%,MEASURED,analysis/entity_resolution_report.md relax table,"pt_standvirtual >> recall, relaxed",,2026-09-17,"Pair with er_relax_precision: the recall is bought at a precision that makes the rule unusable on its own. Used-car adverts, not dealer claims: this rate does not transfer to the group's systems and must not be quoted as if it did. What transfers is the failure mode.",Context
er_relax_precision,Precision once the rule stops matching on the fields that drift,20.7,,,%,MEASURED,analysis/entity_resolution_report.md relax table,"pt_standvirtual >> precision, relaxed",,2026-09-17,"The measured reason a looser exact rule is not the answer, and a scored match with a human band is. Used-car adverts, not dealer claims: this rate does not transfer to the group's systems and must not be quoted as if it did. What transfers is the failure mode.",Context
er_uk_exact_recall,Recall of an exact match in a file with no record id,7.4,,,%,MEASURED,analysis/entity_resolution_report.md UK table,exact match on every field >> recall,,2026-09-17,"Truth here is inferred, not known: identical in every field but one free-text label is treated as the same advert, so this is an upper bound on what the rule catches. These copies sat in both halves of a train/test split and flattered the value engine until the audit removed them. Used-car adverts, not dealer claims: this rate does not transfer to the group's systems and must not be quoted as if it did. What transfers is the failure mode.",Context
er_auto_link_recall,Copies caught by linking automatically above the upper threshold,80.3,,,%,MEASURED,analysis/entity_resolution_report.md two-lines table,link automatically above >> recall,,2026-09-17,"At 97.4% precision. Where the group's own lines sit depends on what each error costs it, which this data cannot say. Used-car adverts, not dealer claims: this rate does not transfer to the group's systems and must not be quoted as if it did. What transfers is the failure mode.",Context
er_review_band_recall,Copies caught once the human review band is worked,96.0,,,%,MEASURED,analysis/entity_resolution_report.md two-lines table,review down to >> recall,,2026-09-17,"Only 65.8% of the links at this line are correct, which is why it is a review line and not an automatic one. Used-car adverts, not dealer claims: this rate does not transfer to the group's systems and must not be quoted as if it did. What transfers is the failure mode.",Context
er_review_band_pairs,Pairs falling into the human review band,8344,,,pairs,MEASURED,analysis/entity_resolution_report.md two-lines table,the review band >> pairs,,2026-09-17,"The size of the queue the design implies, measured rather than assumed. One source. Used-car adverts, not dealer claims: this rate does not transfer to the group's systems and must not be quoted as if it did. What transfers is the failure mode.",Context
lv_level_spread,Latvia - how far the price level moved over 52 months,64.6,,,index points,MEASURED,analysis/latvia_time_report.md,"Price level, index points >> Spread",,2026-09-18,"One small import-driven market, and advert prices. The index is built from the same adverts the depreciation rate is fitted on, so the two move on one dataset.",Context
lv_rate_spread,Latvia - how far the depreciation rate moved over the same 52 months,1.53,,,points,MEASURED,analysis/latvia_time_report.md,"Depreciation rate, % a year >> Spread",,2026-09-18,"The rate never left this band through the 2021-22 shortage. Holds on each advert's first month only, so it is not an artefact of cars reappearing month after month.",Context
lv_level_vs_rate,Latvia - the level's spread as a multiple of the rate's,42.3,,,x,MEASURED,analysis/latvia_time_report.md,Level spread as a multiple of the rate spread >> Spread,,2026-09-18,"Index points against percentage points a year: two different units, so this is a statement about which of the two a residual-value desk should watch, not a ratio of like quantities. Quote it as an order of magnitude, never as a precise multiple.",Context
new_car_price_eur,"List price of the worked example car, in euros",11969,,,EUR,MEASURED,analysis/one_car_report.md,"Vauxhall Corsa, entry trim, four years old in October 2022 >> list price when new (EUR)",,2026-09-18,"DVM's entry trim, the cheapest version of that model year, so it flatters every share-of-list figure. Converted once at the cohort's own median rate of 0.8706 GBP per EUR; the deliverables carried 11,977, which used a rounded 0.87.",Per-car P&L
engine_err_typical,Value engine - typical error on cars it has never seen,10.5,,,%,MEASURED,analysis/engine_check_report.md,"Typical error, as built",,2026-09-18,"Advertised prices on both sides, and today's value only. Median absolute difference between the advertised price and the engine's value, taking level and scatter from cars of about the same age; over every age it is 12.2%.",Context
eu_aoi_2024_eur_m,"Enlarged Europe adjusted operating income, 2024",2419,,,EUR m,SOURCED,"Stellantis FY2025 results press release (SEC-filed), results by segment",,https://www.sec.gov/Archives/edgar/data/1605484/000160548426000019/stellantisnvfy2025pressrel.htm,2026-09-18,The prior-year comparative in the FY2025 release. Stellantis is used as a same-scale proxy for the anonymous group in the case.,Context
eu_shipments_2024,"Enlarged Europe consolidated shipments, 2024",2576000,,,units,SOURCED,"Stellantis FY2025 results press release (SEC-filed), results by segment",,https://www.sec.gov/Archives/edgar/data/1605484/000160548426000019/stellantisnvfy2025pressrel.htm,2026-09-18,"The prior-year comparative. Enlarged Europe is the EU-27, the UK and EFTA, plus Israel and Palestine from 2025 - it does not include the Middle East and Africa.",Context
buyback_payables_noncurrent_eur_m,Payables for buy-back agreements due after one year,2576,,,EUR m,SOURCED,Stellantis Form 20-F FY2025 Note 24 Other liabilities,,https://www.sec.gov/Archives/edgar/data/1605484/000160548426000021/stellantis-20251231.htm,2026-09-18,"The complement of the 5,313 due within a year; leak 3 shocks only the current part. Note the coincidence of digits with eu_shipments_2024 (2,576k vehicles) - a different quantity entirely, and an easy figure to mis-cite.",Leak 3
pl_sale_margin_pct_list,"Per-car P&L - sale margin, as a share of list price",10.0,-1.4,13.1,% of list,ASSUMPTION,"Our estimate, bracketed by the group's own gross margin",,https://www.stellantis.com/content/dam/stellantis-corporate/investors/financial-reports/Stellantis-NV-20251231-Annual-Report.pdf,2026-09-18,"Net price minus variable cost. Bracketed by the group's reported gross margin: cost of revenues was 86.9% of net revenues in 2024, a 13.1% margin, and 101.4% in 2025, -1.4%. Two caveats on the comparison: gross margin is struck on net revenue, not on a VAT-inclusive list price, and a contribution margin excludes fixed costs so it runs higher than a gross margin. The low bound is a 2025-like year, in which the group loses money on the car before anything else in this table happens.",Per-car P&L
pl_incentive_pct_list,"Per-car P&L - incentives, as a share of list price",8.0,5,12,% of list,ASSUMPTION,Our estimate; the same rate as incentive_pct_revenue,,,2026-09-18,"Borrows the group-level incentive rate and applies it to this car's list price. The bases differ: incentive_pct_revenue is a share of net revenue, and Enlarged Europe's net revenue per vehicle is about twice this car's list price, so applying the rate to list is the conservative reading of the same judgement. Bounds follow incentive_pct_revenue. The group's own claims-based incentives as a share of net revenue are in x14_incentive_claims_* (worldwide, X14): a different base (net revenue, claims only, not list price), so this row is unchanged.",Per-car P&L
pl_warranty_pct_list,"Per-car P&L - warranty cost, as a share of list price",2.5,1.25,4.0,% of list,ASSUMPTION,"Our estimate, bracketed by published warranty accrual rates",,https://www.warrantyweek.com/archive/ww20260312.html,2026-09-18,"US automakers accrued 3.0% to 4.8% of product sales in Q4 2025 - GM 3.0, Tesla 3.2, Ford 4.0, Rivian 4.8 - which is US data, struck on net revenue rather than a VAT-inclusive list price. The group's own 2025 change in warranty estimate put 1.2bn euro through Enlarged Europe, of which 0.9bn related to shipments before 2025, so about 120 euro a vehicle arose from the re-estimate alone. The low bound is the 1.25% the deliverables carried before this row existed, which sits below every published benchmark.",Per-car P&L
pl_finance_income_eur,Per-car P&L - finance income over the contract,450,399,797,EUR,ASSUMPTION,"Our estimate, bracketed by a European captive's net banking income",,https://www.mobilize-fs.com/en/news/2025-annual-results-new-year-growth-mobilize-financial-services,2026-09-18,"Mobilize Financial Services earned 2,224m euro of net banking income on 59.3bn euro of average performing assets in 2025, or 3.75%. On this car's contract - 85% of list amortising to zero over 48 months, so an average outstanding of about 5,300 euro - that is 797 euro over four years. The group-level figure must exclude rate support paid by the new-car business to the finance arm, which is an internal transfer: the high bound removes none of it, the low bound removes half.",Per-car P&L
pl_credit_loss_eur,Per-car P&L - credit losses over the contract,-66,-106,-64,EUR,ASSUMPTION,"Our estimate, from published European captive cost of risk",,https://www.mobilize-fs.com/en/news/2025-annual-results-new-year-growth-mobilize-financial-services,2026-09-18,"Mobilize Financial Services' cost of risk was 0.31% of average performing assets in 2024 and 0.30% in 2023; Volkswagen Financial Services' net loss ratio has run below 0.5%. Applied to the same average outstanding of about 5,300 euro over four years, 0.31% gives 66 euro and 0.5% gives 106 euro. A cost-of-risk figure is cyclical and these are benign years.",Per-car P&L
pl_service_parts_eur,Per-car P&L - service and parts margin over the contract,400,200,900,EUR,ASSUMPTION,Our estimate; no source divides aftersales profit by cars on the road,,https://www.investegate.co.uk/announcement/rns/vertu-motors--vtu/final-results-for-the-year-ended-28-february-2026/9565100,2026-09-18,"Vertu Motors, a UK franchised retailer, earned a 44.4% gross margin on aftersales in the year to February 2026 - 73.4% on service labour, 20.9% on parts - and aftersales produced over 46% of its gross profit. The group captures the parts margin on a car it built, and the service margin only where it owns the network. No published source divides aftersales profit by vehicles in operation, so the euro amount per car is our judgement and the range is wide.",Per-car P&L
pl_recon_logistics_eur,"Per-car P&L - reconditioning, logistics and holding",-500,-1020,-300,EUR,ASSUMPTION,"Our estimate, against published reconditioning costs",,https://www.nerdwallet.com/auto-loans/learn/what-is-a-reconditioning-fee-on-a-used-car,2026-09-18,"Average reconditioning is reported at about 1,112 dollars a vehicle and dealer reconditioning fees at 500 to 2,000 dollars - US consumer-guide figures, not audited accounts. A small hatchback coming off a maintained lease should cost less than an average trade-in, which is why the central figure sits below the US average. Holding cost is real too: cap hpi puts depreciation on a used family hatchback at about 7 pounds a day while it waits to be listed.",Per-car P&L
pl_remarketing_margin_eur,Per-car P&L - remarketing margin,300,100,1725,EUR,ASSUMPTION,"Our estimate, against an independent retailer's used margin",,https://www.investegate.co.uk/announcement/rns/vertu-motors--vtu/final-results-for-the-year-ended-28-february-2026/9565100,2026-09-18,"Vertu Motors made 1,501 pounds of gross profit on each of 91,287 used vehicles in the year to February 2026, about 1,725 euro, and that is after its own preparation charges. An independent retailer captures the whole trade-to-retail spread; the group buying its own car back at a contractual residual has already passed that value to the customer, so its used side earns far less. With reconditioning taken out separately, the central figures leave the used side at about -200 euro a car.",Per-car P&L
inv_platform_eur_m,"Programme cost - platform, data and licences",4,3,6,EUR m,ASSUMPTION,"Our estimate, built bottom-up",,,2026-09-18,"Ledger platform, entity-resolution and data acquisition, and licences over two years. The same in all four X25 build scenarios; with inv_change_eur_m, nearly half of an in-house build, and the part X25 did not price from a source. No vendor quotation has been taken (X25 has list prices for parts of it: senzing_*, sf_auto_*). Benchmark (X14): Ayvens spent EUR 525m over 2022-2025 to integrate LeasePlan for EUR 440m a year of synergies (ayvens_*), a whole merger with core IT migrations; this programme is a data layer on existing systems, so the figure is a scale reference, not a like-for-like benchmark. None was found.",Investment
inv_change_eur_m,Programme cost - change and training,3,2,4,EUR m,ASSUMPTION,"Our estimate, built bottom-up",,,2026-09-18,"Network training, pricer and residual-committee onboarding, and the randomised pilots' running cost. The same in all four X25 build scenarios; with inv_platform_eur_m, nearly half of an in-house build, and the part X25 did not price from a source. No vendor quotation has been taken. Benchmark (X14): Ayvens spent EUR 525m over 2022-2025 to integrate LeasePlan for EUR 440m a year of synergies (ayvens_*), a whole merger with core IT migrations; this programme is a data layer on existing systems, so the figure is a scale reference, not a like-for-like benchmark. None was found.",Investment
gate_vin_link_pct,Phase 1 gate - incentive spend linked to a VIN,95,,,% of claim value,TARGET,Team choice,,,2026-09-27,"The programme's first job is to see the spend. Below this the incentive-to-resale link cannot be measured on the bulk of it, so Phase 2 would have nothing to learn from. Measured on claim value rather than claim count, so a few large claims cannot be quietly left out. If missed: Delay (X22): the next phase's funding waits while the build continues on Phase 1's money. A count over every claim, readable in the phase.",Gate
gate_dealer_xwalk_pct,Phase 1 gate - dealer code crosswalk coverage,95,,,% of claim value,TARGET,Team choice,,,2026-09-27,"Set level with the VIN link, because a claim can only be de-duplicated once both the car and the dealer resolve to one identity. The two together are what makes a duplicate provable. If missed: Delay (X22), as gate_vin_link_pct.",Gate
gate_dup_precision_pct,Phase 1 gate - duplicate flags that are real,90,,,%,TARGET,Team choice,,,2026-09-27,"A false duplicate withholds an honest dealer's money, so precision is gated harder than recall. Measured on used-car adverts, an exact rule scored 98.7% precision and a relaxed one 20.7% (er_exact_precision, er_relax_precision), so 90% is where a scored match with a review band is working rather than either extreme. Those rates do not transfer to claims data. Read (X22) on an audit of flagged claims: the exact one-sided lower bound must clear this level at gate_read_confidence_pct, on a sample sized in advance (x22_audit_n_prec95). If missed: Waiver with re-review, flags go to human review rather than to hold until it reads.",Gate
gate_dup_recall_pct,Phase 1 gate - real duplicates that get flagged,70,,,%,TARGET,Team choice,,,2026-09-27,"Missing a duplicate costs money once; wrongly flagging one costs a dealer relationship, so recall is set below precision and the rest is caught in the human review band. The measured design clears it with room: automatic linking above the upper threshold caught 80.3% and the worked review band 96.0% (er_auto_link_recall, er_review_band_recall). Read (X22) on duplicates seeded into the claims stream with known answers (X1's method), since a random audit could not find enough rare real ones; the sample is sized in advance (x22_seed_n_rec80). If missed: Waiver with re-review.",Gate
gate_gl_reconcile_pct,Phase 2 gate - ledger against the general ledger,0.5,,,+/- %,TARGET,Team choice,,,2026-09-27,Finance will not certify a benefit out of a ledger it cannot tie to the books. This is the gate that makes every later euro figure arguable in a committee rather than only in a model. If missed: Delay (X22); read at every monthly close.,Gate
gate_uplift_pp,Phase 2 gate - retention uplift over a randomised control group,2,,,percentage points,TARGET,Team choice,,,2026-09-27,"Deliberately set below the 3pp the value-at-risk model assumes (upgrade_capture_uplift, range 1-6pp), so the pilot can come in under the assumption and still pass, and so that failing the gate is a real possibility rather than a formality. Testable: randomising the group's own flag within each dealer needs x15_pilot_blocked_customers per arm (analysis/pilot_size_report.md). Read (X22) on orders signed inside Phase 2 by customers whose contracts end in its first half, the group's flag randomised within dealers (X15), one pre-registered arm and one O'Brien-Fleming interim look; the point estimate must reach this level and the lower bound clear zero. The lower bound, not the point estimate, then replaces upgrade_capture_uplift in the benefits case (x22_lower_at_gate_pp; a significant result overstates the effect, gc_exaggeration_80_power). If missed: Back-up, cohort-level timing and the exit gate's fallback line.",Gate
gate_uplift_significance_pct,Phase 2 gate - confidence required on that uplift,95,,,%,TARGET,Team choice,,,2026-09-18,"A randomised control group is the only thing that turns the assumed euros of leak 2 into a measured number, so the standard is the conventional one and the holdout must be preserved.",Gate
gate_benefits_eur_m,Phase 4 exit - run-rate benefits certified by Finance,58,,,EUR m a year,TARGET,"Team choice, derived on the Benefits sheet (X21)",,,2026-09-27,"Derived, not chosen: the run rate the committed levers (claims controls, retention, resale execution) earn in the markets live at month 24, at the reference class (McKinsey-Oxford's software projects fall short of their benefits, mckox_sw_benefit_shortfall_pct), with every source; rounded. On the named fallback without the joint ventures' data, the gate is the Benefits sheet's second line. Finance certifies it against control groups. It replaces a gate set above an older controls figure and at about four times the old single ask (retired by X25), true by construction (skeptic B1); the old gate was above what the plan itself earns in those markets. The floor beneath it on the Benefits sheet is X22's stop. The audit checks this row against the sheet. Outcomes (X22): Go (roll out) at or above it; Waiver with re-review between it and the floor (gate_exit_floor_s1..s4_eur_m, one per build scenario): stay in the live markets; Kill below the floor, with no run cost committed.",Gate
kpi_claim_days,KPI - days to settle an incentive claim,10,,,working days,TARGET,Team choice,,,2026-09-18,A controls layer that holds claims for review only works if the review is fast; a slow one gets overridden by the business and the control stops existing.,KPI
kpi_review_rate_pct,KPI - record pairs sent to human review,5,,,% of claims,TARGET,Team choice,,,2026-09-18,"A capacity limit, not an accuracy one: it is what a review team can actually work. The measured threshold sweep put 8,344 pairs in the band on used-car adverts (er_review_band_pairs), which is what sizing this on real claims would look like.",KPI
kpi_unseen_drift_pct,KPI - market drift carried unseen between re-marks,1.5,,,%,TARGET,Team choice,,,2026-09-18,"Sits between the two measured cadences: 3.0% of level can drift unseen at today's quarterly review and 1.3% at monthly (level_3m_p5, level_1m_p5). Set between them so the target is reachable but not free, and so it is an exposure measure rather than a claimed saving.",KPI
kpi_thin_error_points,KPI - error on little-history cars against established markets,3,,,points,TARGET,Team choice,,,2026-09-18,"New brands, new markets and electrified lines are where borrowing data pays; the measured gain is 4.3% at 100 local cars and nothing by 250 (pooling_gain_100, pooling_gain_250), so the target is closing a gap, not reaching parity.",KPI
price_band_pct,"Design choice - average band within which a pricer may adjust the recommendation, tied to the engine's calibrated band (X13)",5,,,+/- %,TARGET,"Design choice, from adoption research and X13 (26 September)",,,2026-09-26,"People use an imperfect algorithm far more when they can modify its output even slightly, and the band's width barely changes that (Dietvorst, Simmons & Massey 2018; x13_dv_uptake_*). Since X13 the band is tied to the value engine's calibrated 80% band and scaled to this average, so it is narrower on young cars and wider on old ones (x13_tied_cap_*). In X13's model it is never worse than a flat ±5% at any level of pricer information (x13_be_tied_vs_fixed). The full calibrated band pays only if pricers see enough of the engine's error (x13_be_full_vs_fixed*), which the pilot measures before any widening. The average stays small because the level, not the pricer, is what moves value.",Design
dpt_passthrough,Resale value lost per 1% deeper deal at the new sale,0.300,0.239,0.361,log points per log point,MEASURED,analysis/discount_passthrough_report.md,All resales >> The month's deal,,2026-09-20,"Washington State title transfers: 35,552 resales of 31,367 cars also seen at their own new sale. US, electric and plug-in only. AN UPPER BOUND - the file has no trim field, so part of this is a cheaper car rather than a cheaper deal (see dpt_prereg_gap_version). Holds the resale month fixed, so it is what a discount does to the car it was given on, not to the market.",Leak 3
dpt_cost_10pct,Resale value lost when a car was bought 10% below its model's usual price,3.1,2.5,3.7,% of resale value,MEASURED,analysis/discount_passthrough_report.md,10% below the model's usual price >> Resale value lost,,2026-09-20,"The same coefficient as dpt_passthrough, read at a 10% deal. Upper bound. The published UK figure is 6.5% at 36 months plus 1.5% at once (hk_passthrough_36m, hk_passthrough_now) - quote the two as a range, never one as the answer.",Leak 3
dpt_placebo,Placebo - the same model's deal 12 months after the car was bought,0.033,,,log points per log point,MEASURED,analysis/discount_passthrough_report.md,The same model's deal 12 months later (placebo) >> Effect on its resale price,,2026-09-20,"t = +0.7, cannot be told from zero, while the car's own deal holds at +0.243 in the same regression. This is the test tesla_event.py failed and it is why the per-car result may be quoted where the event study may not.",Context
dpt_prereg_gap_model,Pre-registered car's advert gap on make and model alone,-10.3,-13.2,-7.3,%,MEASURED,analysis/discount_passthrough_report.md,Make and model >> gap,,2026-09-20,"AutoScout24, November 2025, eight European markets, 3,620 pre-registered against 4,122 new cars under 15,000 km. Advertised prices. This is the gap that looks like a discount and is not - see dpt_prereg_gap_version.",Context
dpt_prereg_gap_version,The same gap once the exact version is matched,-1.1,-6.3,4.5,%,MEASURED,analysis/discount_passthrough_report.md,plus the exact version >> gap,,2026-09-20,"Cannot be told from zero (t -0.39, 454 cars across 44 versions). The visible price gap is specification, not discount: a discount does not show up in market data at all, which is why only the group's own claim records can carry it. The small sample is the limit - versions listed in both states may not be typical.",Context
dpt_market_lags,Eurostat - new-car price moves showing up in used prices afterwards,-0.013,,,log points per log point,MEASURED,analysis/discount_passthrough_report.md,Everything after the discount adds to,,2026-09-20,"Sum of lags 0 to 48 months, 32 European markets, country and month fixed effects, standard errors clustered by country. Nothing. An index mixing every vintage also dilutes one cohort's discount about tenfold, so this test has little power even in principle.",Context
dpt_market_leads,Eurostat - the same moves showing up in used prices beforehand,0.056,,,log points per log point,MEASURED,analysis/discount_passthrough_report.md,Everything before it adds to,,2026-09-20,"Larger than everything that comes after, so used prices move ahead of new-car prices. The Tesla failure is general, not a quirk of one January. A market-level series cannot answer this question; the per-car link can.",Context
hk_passthrough_36m,Published - resale value lost at 36 months per 10% discount at the new sale,6.5,,,% of residual value,SOURCED,"Holweg M. and Kattuman P., 'A dynamic determination of the residual product value: empirical evidence from the automotive industry', POMS conference paper 004-0144, Table 5 and section 4.3",,https://pomsmeetings.org/confpapers/004/004-0144.pdf,1999-2004,"UK auction (trade) prices from Glass's CAP, 1999-2004, 2,320 model-months, 47-48 models, 70.22% of UK registrations. A conference paper; no journal version found, and the paper never names the source of its discount variable. Model fixed effects, year and month effects and macro controls, but not a causal design - a model that needs discounting may be a weak model anyway, though age-of-design and new-model dummies absorb the main lifecycle channel. Table 5 coefficient -0.00647 per percentage point, t 8.24.",Leak 3
hk_passthrough_now,Published - resale value lost at once per 10% discount at the new sale,1.5,,,% of residual value,SOURCED,"Holweg M. and Kattuman P., 'A dynamic determination of the residual product value: empirical evidence from the automotive industry', POMS conference paper 004-0144, Table 5 and section 4.3",,https://pomsmeetings.org/confpapers/004/004-0144.pdf,1999-2004,"UK auction (trade) prices from Glass's CAP, 1999-2004, 2,320 model-months, 47-48 models, 70.22% of UK registrations. A conference paper; no journal version found, and the paper never names the source of its discount variable. Model fixed effects, year and month effects and macro controls, but not a causal design - a model that needs discounting may be a weak model anyway, though age-of-design and new-model dummies absorb the main lifecycle channel. Table 5 coefficient -0.0015 per percentage point, t 2.48. This is the substitution channel - today's discounts against today's used cars - and is the smaller of the two.",Leak 3
rd_nl_transfer_rate,Dutch cars that change keeper in a year,18.2,,,% of the fleet a year,MEASURED,analysis/readiness_base_report.md,"Changes hands in a year, whole fleet >> Figure",,2026-09-21,"RDW's open vehicle register, twelve months to September 2026, passenger cars first put on Dutch plates when new. A keeper change is not a sale to a new customer: it counts a car going into dealer stock and a car moving inside a family. The level is Dutch and the Netherlands taxes and leases cars unusually; the project has measured three times that a shape travels between markets and a level does not. Read the level as good to about ten per cent - see rd_nl_bovag_gap.",Context
rd_nl_peak_rate,Keeper-change rate at the age it peaks,27.8,,,% a year,MEASURED,analysis/readiness_base_report.md,Peak rate >> Figure,,2026-09-21,"RDW's open vehicle register, twelve months to September 2026, passenger cars first put on Dutch plates when new. A keeper change is not a sale to a new customer: it counts a car going into dealer stock and a car moving inside a family. The level is Dutch and the Netherlands taxes and leases cars unusually; the project has measured three times that a shape travels between markets and a level does not. The peak sits at the same age in the previous twelve months too, so it is an age effect and not the 2021 registration cohort.",Context
rd_nl_peak_age,Age at which cars come to market fastest,5,,,years,MEASURED,analysis/readiness_base_report.md,Age at the peak >> Figure,,2026-09-21,"RDW's open vehicle register, twelve months to September 2026, passenger cars first put on Dutch plates when new. A keeper change is not a sale to a new customer: it counts a car going into dealer stock and a car moving inside a family. The level is Dutch and the Netherlands taxes and leases cars unusually; the project has measured three times that a shape travels between markets and a level does not. Whole years of age, from the year of first admission.",Context
rd_nl_trough_rate,Keeper-change rate at the quietest age,15.1,,,% a year,MEASURED,analysis/readiness_base_report.md,Quietest rate >> Figure,,2026-09-21,"RDW's open vehicle register, twelve months to September 2026, passenger cars first put on Dutch plates when new. A keeper change is not a sale to a new customer: it counts a car going into dealer stock and a car moving inside a family. The level is Dutch and the Netherlands taxes and leases cars unusually; the project has measured three times that a shape travels between markets and a level does not. The quietest age is nine.",Context
rd_nl_peak_vs_trough,Peak keeper-change rate against the quietest,1.84,,,ratio,MEASURED,analysis/readiness_base_report.md,Peak against quietest >> Figure,,2026-09-21,"RDW's open vehicle register, twelve months to September 2026, passenger cars first put on Dutch plates when new. A keeper change is not a sale to a new customer: it counts a car going into dealer stock and a car moving inside a family. The level is Dutch and the Netherlands taxes and leases cars unusually; the project has measured three times that a shape travels between markets and a level does not. This is the whole of layer 1's claim: age alone nearly doubles the chance a car comes to market.",Context
rd_nl_parc_measured,Cars behind the Dutch base hazard,6759930,,,cars,MEASURED,analysis/readiness_base_report.md,Cars in the measurement >> Figure,,2026-09-21,"RDW's open vehicle register, twelve months to September 2026, passenger cars first put on Dutch plates when new. A keeper change is not a sale to a new customer: it counts a car going into dealer stock and a car moving inside a family. The level is Dutch and the Netherlands taxes and leases cars unusually; the project has measured three times that a shape travels between markets and a level does not. Ages one to twenty-five only.",Context
rd_nl_stellantis_share,Group brands as a share of the Dutch fleet,21.5,,,% of cars,MEASURED,analysis/readiness_base_report.md,"Group brands, share of the Dutch fleet >> Figure",,2026-09-21,"RDW's open vehicle register, twelve months to September 2026, passenger cars first put on Dutch plates when new. A keeper change is not a sale to a new customer: it counts a car going into dealer stock and a car moving inside a family. The level is Dutch and the Netherlands taxes and leases cars unusually; the project has measured three times that a shape travels between markets and a level does not. Brands matched with build_unified.STELLANTIS across the 16 spellings RDW uses. The group's own curve tracks the fleet's, so the shape is not a brand-mix artefact.",Context
rd_nl_keeper_changes,Dutch keeper changes counted in twelve months,1931085,,,keeper changes a year,MEASURED,analysis/readiness_base_report.md,"Keeper changes in the register, twelve months, every car >> Count",,2026-09-21,"Every passenger car, imports included, and including cars since exported or scrapped, because a car sold in November and exported in March was still a sale. This is the count held against BOVAG's.",Context
rd_nl_bovag_gap,Our Dutch count against BOVAG's published one,-9.1,,,%,MEASURED,analysis/readiness_base_report.md,Difference against BOVAG >> Count,,2026-09-21,"Low in the direction the method predicts: a snapshot shows only the current keeper, so a car that changed hands twice inside the year counts once. Treat the Dutch level as good to about ten per cent and never quote it as exact.",Context
rd_nl_used_sales_2025,"Used cars sold in the Netherlands, 2025",2124429,,,cars,SOURCED,"BOVAG and RDC, 'Recordjaar 2025: verkoop gebruikte auto's stijgt naar 2,1 miljoen'",,https://www.bovag.nl/pers/persberichten/recordjaar-2025-verkoop-gebruikte-auto-s-stijgt-naar-2-1-miljoen,2026-01-08,"The motor trade's own count, from RDC's registrations, not ours. Used as the outside check on the Dutch base hazard. Calendar 2025; our window is September 2025 to September 2026.",Context
rd_event_36m,"Excess adverts at 36 months, the three-year contract",-16.9,-31.4,0.7,% over trend,MEASURED,analysis/readiness_events_report.md,36 months >> Excess adverts,,2026-09-21,"Three European advert sources that record a registration month (de_2023, eu_2025_11, pt_standvirtual), 202,906 adverts. Excess over a smooth age trend with source and registration-calendar-month effects absorbed, so each contract length is measured against the other whole-year ages. Adverts are not returns: a lease car that goes straight to auction never appears. Negative in all twelve specifications tried and in two of three sources. This is layer 3's negative result: no contract-end spike exists in public data.",Context
rd_event_24m,Excess adverts at 24 months,-9.1,-26.9,13.2,% over trend,MEASURED,analysis/readiness_events_report.md,24 months >> Excess adverts,,2026-09-21,"Three European advert sources that record a registration month (de_2023, eu_2025_11, pt_standvirtual), 202,906 adverts. Excess over a smooth age trend with source and registration-calendar-month effects absorbed, so each contract length is measured against the other whole-year ages. Adverts are not returns: a lease car that goes straight to auction never appears. Range crosses zero.",Context
rd_event_60m,"Excess adverts at 60 months, before robustness",20.0,4.0,38.5,% over trend,MEASURED,analysis/readiness_events_report.md,60 months >> Excess adverts,,2026-09-21,"Three European advert sources that record a registration month (de_2023, eu_2025_11, pt_standvirtual), 202,906 adverts. Excess over a smooth age trend with source and registration-calendar-month effects absorbed, so each contract length is measured against the other whole-year ages. Adverts are not returns: a lease car that goes straight to auction never appears. DO NOT QUOTE THIS AS A FINDING. It is produced entirely by eu_2025_11 (+94.6%); the other two sources read +7.5% and -1.4%, and across twelve specifications it swings from +7.1% to +30.7%. It is the lumpy registration-year composition of one day's scrape. Registered so the number has its refutation attached.",Context
rd_event_artefact_36m,Whole-year artefact at 36 months if the trap is missed,716,,,% over trend,MEASURED,analysis/readiness_events_report.md,36 months >> Apparent excess,,2026-09-21,"Sources that record only a registration year put every car on a whole number of years, so the same test reads a huge spike at every contract length. This is the artefact, measured, and the reason any age-at-listing analysis must filter to month-precision sources first.",Context
rd_market_share_old,"Share of cars on sale aged 15+, per 10% stronger market",0.039,,,percentage points per 10%,MEASURED,analysis/readiness_market_report.md,"Share aged 15+, against our quality-adjusted index >> Effect of a 10% stronger market",,2026-09-21,"Latvia, 52 monthly ss.com snapshots 2019-2023, 936,494 rows, over a window in which the index rises 71%. Linear trend and calendar-month effects removed. TWO READINGS, not separable here: a stronger market may pull older cars onto the market, or older cars may simply sell slower and pile up on display. lv_ss has no advert id, so this is the stock on sale, not the flow onto sale. Never present it as proof of the first reading. Our quality-adjusted index; Eurostat's official index gives +0.066, same sign.",Context
rd_market_median_km,"Median mileage on sale, per 10% stronger market",5686,,,km per 10%,MEASURED,analysis/readiness_market_report.md,"Median mileage on sale, against our quality-adjusted index >> Effect of a 10% stronger market",,2026-09-21,"Latvia, 52 monthly ss.com snapshots 2019-2023, 936,494 rows, over a window in which the index rises 71%. Linear trend and calendar-month effects removed. TWO READINGS, not separable here: a stronger market may pull older cars onto the market, or older cars may simply sell slower and pile up on display. lv_ss has no advert id, so this is the stock on sale, not the flow onto sale. Never present it as proof of the first reading. Our index; Eurostat's gives +9,980 km, same sign.",Context
rd_market_median_age,"Median age on sale, per 10% stronger market",0.449,,,years per 10%,MEASURED,analysis/readiness_market_report.md,"Median age on sale, against our quality-adjusted index >> Effect of a 10% stronger market",,2026-09-21,"Latvia, 52 monthly ss.com snapshots 2019-2023, 936,494 rows, over a window in which the index rises 71%. Linear trend and calendar-month effects removed. TWO READINGS, not separable here: a stronger market may pull older cars onto the market, or older cars may simply sell slower and pile up on display. lv_ss has no advert id, so this is the stock on sale, not the flow onto sale. Never present it as proof of the first reading. Our index; Eurostat's gives +0.709 years, same sign. All eight measures across the two indices agree in sign.",Context
up_ct_top_decile,"Uplift in the top decile, class-transformation model",7.97,5.44,11.54,percentage points,MEASURED,analysis/uplift_engine_report.md,Class transformation >> Uplift in the top 10%,,2026-09-26,"MineThatData / Hillstrom 2008 e-mail trial, 64,000 customers, treatment randomised by the publisher, 32,103 held out. A 2008 CLOTHING RETAILER, not cars: no coefficient here transfers to an automotive book. Outcome is a website visit, not a purchase. Weighted to the trial's two-to-one split (fixed 26 September; unweighted, the relabelled outcome mixed in the response rate). One fit: refitted on ten subsamples of the training half it averages up_refit_ct_mean, below a random tenth. Quoted only alongside up_response_top_decile: the uplift model does NOT beat the plain response model here.",Context
up_response_top_decile,"Uplift in the top decile, ordinary response model",8.85,5.99,11.96,percentage points,MEASURED,analysis/uplift_engine_report.md,Response model (the usual way) >> Uplift in the top 10%,,2026-09-21,"MineThatData / Hillstrom 2008 e-mail trial, 64,000 customers, treatment randomised by the publisher, 32,103 held out. A 2008 CLOTHING RETAILER, not cars: no coefficient here transfers to an automotive book. Outcome is a website visit, not a purchase. This is the baseline uplift modelling is meant to beat and does not beat here. The difference against the best uplift model is -0.14 points, range -3.36 to +2.88, which contains zero.",Context
up_random_top_decile,"Uplift in a random tenth, no model at all",6.83,4.47,9.33,percentage points,MEASURED,analysis/uplift_engine_report.md,Random >> Uplift in the top 10%,,2026-09-21,"MineThatData / Hillstrom 2008 e-mail trial, 64,000 customers, treatment randomised by the publisher, 32,103 held out. A 2008 CLOTHING RETAILER, not cars: no coefficient here transfers to an automotive book. Outcome is a website visit, not a purchase. The floor. The response model clearly beats it; the class-transformation model does not on average over refits (up_refit_ct_mean).",Context
rd_nl_market_value,Value of Dutch cars changing keeper in a year,12.9,,,EUR billion a year,MEASURED,analysis/readiness_value_report.md,Value crossing the Dutch market in a year >> Figure,,2026-09-25,"RDW register (cars and keeper-change rate, measured) times RDW's official catalogue price for the vintages still on the road times the measured Dutch value-retained curve. Dutch only; the project has measured three times that a shape travels and a level does not. Retention is measured on advert prices, so it inherits the advert-is-not-a-sale caveat. NOT the value-at-risk model: that prices what the group loses when a residual is wrong and its headline is unchanged at EUR 913m/EUR 1,460m. Do not add the two. ",Context
rd_nl_market_value_group,...of which the group's own brands,2.3,,,EUR billion a year,MEASURED,analysis/readiness_value_report.md,...of which the group's own brands >> Figure,,2026-09-25,"RDW register (cars and keeper-change rate, measured) times RDW's official catalogue price for the vintages still on the road times the measured Dutch value-retained curve. Dutch only; the project has measured three times that a shape travels and a level does not. Retention is measured on advert prices, so it inherits the advert-is-not-a-sale caveat. NOT the value-at-risk model: that prices what the group loses when a residual is wrong and its headline is unchanged at EUR 913m/EUR 1,460m. Do not add the two. Cars and rate measured for the group's brands specifically; the price curve is the market's.",Context
rd_nl_wave_value,"Value in the replacement wave, ages four to six",3.89,,,EUR billion a year,MEASURED,analysis/readiness_value_report.md,"Value in the wave, ages four to six >> Figure",,2026-09-25,"RDW register (cars and keeper-change rate, measured) times RDW's official catalogue price for the vintages still on the road times the measured Dutch value-retained curve. Dutch only; the project has measured three times that a shape travels and a level does not. Retention is measured on advert prices, so it inherits the advert-is-not-a-sale caveat. NOT the value-at-risk model: that prices what the group loses when a residual is wrong and its headline is unchanged at EUR 913m/EUR 1,460m. Do not add the two. 30% of the total on 226,347 cars: where a high hazard meets a car still worth something.",Context
rd_nl_value_advert_priced,What pricing the same cars from our adverts would say,30.9,,,EUR billion a year,MEASURED,analysis/readiness_value_report.md,What pricing it from our own adverts would have said >> Figure,,2026-09-21,"DO NOT QUOTE AS A VALUE. Registered as the size of the error: our Dutch adverts are one premium dealer scrape whose median asking price is not monotone in age, and pricing the flow from them overstates it 2.4x against official catalogue prices. It is the measured reason the level comes from the register, not the listings.",Context
rd_mileage_exit_elasticity,Fleet-exit hazard per doubling of cohort mileage,1.54,,,times,MEASURED,analysis/readiness_mileage_report.md,Leaves the tested fleet >> Twice the mileage,,2026-09-21,"UK DVSA anonymised MOT extracts, Open Government Licence v3.0, streamed not stored. Whole years of age on both sides (test or advert year minus year of first use). An MOT starts at three, so no car younger than that is seen. British: layer 1 is Dutch, and this layer is a shape, which the project has measured three times is the half that travels. Elasticity 0.626, standard error 0.026. Monotone across all ten deciles, 0.61x at the least-driven tenth to 1.78x at the most-driven.",Context
rd_mileage_market_elasticity,Coming-to-market hazard per doubling of cohort mileage,1.03,,,times,MEASURED,analysis/readiness_mileage_report.md,Comes to market >> Twice the mileage,,2026-09-21,"UK DVSA anonymised MOT extracts, Open Government Licence v3.0, streamed not stored. Whole years of age on both sides (test or advert year minus year of first use). An MOT starts at three, so no car younger than that is seen. British: layer 1 is Dutch, and this layer is a shape, which the project has measured three times is the half that travels. Elasticity 0.041, standard error 0.024 - no effect. And a single slope is the wrong summary: the profile is arched, both ends under-represented (0.85x least-driven, 0.84x most-driven) and the middle at 1.05x. THIS IS THE EVENT THE LEDGER CARES ABOUT, so layer 2 contributes almost nothing to a to-market hazard. Quote it with rd_mileage_exit_elasticity, never alone.",Context
rd_mot_id_cross_release,Vehicle id identical across two releases of test year 2024,0.9999,,,share of shared tests,MEASURED,analysis/readiness_mot_id_report.md,...with an identical vehicle id >> Figure,,2026-09-21,"UK DVSA anonymised MOT extracts, Open Government Licence v3.0. DVSA's user guide states the id is derived from the registration and the VIN; this is the measurement rather than the claim. It is what makes layer 2 possible at all. 202,060 tests present in both the May 2025 and the June 2026 release, built thirteen months apart by pipelines that format the odometer differently.",Context
rd_mot_id_make_model,Make and model agree when a car is followed a year on,1.0000,,,share of followed cars,MEASURED,analysis/readiness_mot_id_report.md,...whose make and model agree >> Figure,,2026-09-21,"UK DVSA anonymised MOT extracts, Open Government Licence v3.0. DVSA's user guide states the id is derived from the registration and the VIN; this is the measurement rather than the claim. It is what makes layer 2 possible at all. 249,716 January 2024 cars found again in January or February 2025. Quote it with rd_mot_id_chance or it means nothing.",Context
rd_mot_id_chance,Make and model agreeing by chance,0.0088,,,share,MEASURED,analysis/readiness_mot_id_report.md,Make and model agreeing by chance >> Figure,,2026-09-21,"The null for rd_mot_id_make_model, from the sample's own make and model distribution. First-use date by chance is 0.0007. Ids are also sparse - a 303k sample spans 3,707 to 1,499,987,839 - so a coincidental collision is itself rare.",Context
rd_mot_odometer_monotone,Followed cars whose odometer has not gone backwards,0.9929,,,share of followed cars,MEASURED,analysis/readiness_mot_id_report.md,...whose odometer has not gone backwards >> Figure,,2026-09-21,"UK DVSA anonymised MOT extracts, Open Government Licence v3.0. DVSA's user guide states the id is derived from the registration and the VIN; this is the measurement rather than the claim. It is what makes layer 2 possible at all. The 0.71% that fall are mis-keyed or rolled-back readings, which is why DfT's own note on MOT odometers cleans pairs before annualising. Not evidence against the id.",Context
rd_model_auc,"Learned readiness model, AUC on held-out cars",0.723,,,AUC,MEASURED,analysis/readiness_model_report.md,"Learned, every field >> AUC",,2026-09-21,"UK MOT panel: 759,541 cars tested March 2024, followed to July 2025, 8.67% never tested again. A quarter sample by a mixing hash of the vehicle id (sampling the raw id gives old, worn-out cars). 30% held out on a fixed seed. PREDICTS A CAR LEAVING THE FLEET, NOT A CUSTOMER REPLACING IT: the MOT register has no keeper, no contract and no price. Well calibrated: predicted and actual agree within 0.3 points across all ten risk deciles. Now includes a tier of prior-year test history (the public stand-in for a service record), which took it from 0.712 to 0.723.",Context
rd_model_lift10,"Learned model, leavers in the top tenth against average",3.34,,,times,MEASURED,analysis/readiness_model_report.md,"Learned, every field >> Lift, top 10%",,2026-09-21,"UK MOT panel: 759,541 cars tested March 2024, followed to July 2025, 8.67% never tested again. A quarter sample by a mixing hash of the vehicle id (sampling the raw id gives old, worn-out cars). 30% held out on a fixed seed. PREDICTS A CAR LEAVING THE FLEET, NOT A CUSTOMER REPLACING IT: the MOT register has no keeper, no contract and no price. Against 2.86x for the two-layer engine: about 12% more leavers for the same number of calls. Was 3.20x before the history tier.",Context
rd_engine_auc,The two-layer engine's AUC on the same cars,0.694,,,AUC,MEASURED,analysis/readiness_model_report.md,The two-layer engine (age x mileage) >> AUC,,2026-09-21,"UK MOT panel: 759,541 cars tested March 2024, followed to July 2025, 8.67% never tested again. A quarter sample by a mixing hash of the vehicle id (sampling the raw id gives old, worn-out cars). 30% held out on a fixed seed. PREDICTS A CAR LEAVING THE FLEET, NOT A CUSTOMER REPLACING IT: the MOT register has no keeper, no contract and no price. Age alone gives 0.664. Most of the gain is age and mileage; every other public field is worth a further +0.018. Quote with rd_model_auc or it overstates what a modelling programme buys.",Context
rd_model_net_auc,A neural network on the same fields,0.703,,,AUC,MEASURED,analysis/readiness_model_report.md,"Neural net, every field >> AUC",,2026-09-21,"UK MOT panel: 759,541 cars tested March 2024, followed to July 2025, 8.67% never tested again. A quarter sample by a mixing hash of the vehicle id (sampling the raw id gives old, worn-out cars). 30% held out on a fixed seed. PREDICTS A CAR LEAVING THE FLEET, NOT A CUSTOMER REPLACING IT: the MOT register has no keeper, no contract and no price. Boosted trees beat it (0.712). Included because it is the first thing anyone asks; on a table of ten columns trees are the right tool and this is the measurement.",Context
rd_model_auc_young,Learned model on cars aged three to six,0.615,,,AUC,MEASURED,analysis/readiness_model_report.md,aged 3-6 >> AUC,,2026-09-21,"UK MOT panel: 759,541 cars tested March 2024, followed to July 2025, 8.67% never tested again. A quarter sample by a mixing hash of the vehicle id (sampling the raw id gives old, worn-out cars). 30% held out on a fixed seed. PREDICTS A CAR LEAVING THE FLEET, NOT A CUSTOMER REPLACING IT: the MOT register has no keeper, no contract and no price. The weakest slice, and the one a lease book is made of. Public data can see why an old car dies; it cannot see why a young one changes hands, because that is a contract date and an equity position. The engine is weakest exactly where the group's own data would be strongest. Was 0.604 before the history tier.",Context
rd_advert_auc_age,"Telling an advert from a car on the road, age only",0.662,,,AUC,MEASURED,analysis/readiness_advert_model_report.md,Age only >> AUC,,2026-09-21,"A classifier trained to tell 354,112 UK adverts of October 2022 from 3,095,658 MOT tests of the September-November parc - the density-ratio estimator done with a model. Both sides rounded to the nearest thousand miles first, because 30.9% of advert mileages are exact multiples of a thousand against 0.11% of MOT readings and the model would otherwise identify the file from the digits. ",Context
rd_advert_auc_mileage,...adding the odometer,0.671,,,AUC,MEASURED,analysis/readiness_advert_model_report.md,"Age, odometer, odometer against the cohort >> AUC",,2026-09-21,"A classifier trained to tell 354,112 UK adverts of October 2022 from 3,095,658 MOT tests of the September-November parc - the density-ratio estimator done with a model. Both sides rounded to the nearest thousand miles first, because 30.9% of advert mileages are exact multiples of a thousand against 0.11% of MOT readings and the model would otherwise identify the file from the digits. Mileage is worth +0.009 over age. Confirms the 0.041 elasticity in readiness_mileage_report.md by a second method free to find any shape: mileage does not predict coming to market.",Context
rd_advert_auc_all,...adding make and fuel,0.722,,,AUC,MEASURED,analysis/readiness_advert_model_report.md,...and make and fuel >> AUC,,2026-09-21,"A classifier trained to tell 354,112 UK adverts of October 2022 from 3,095,658 MOT tests of the September-November parc - the density-ratio estimator done with a model. Both sides rounded to the nearest thousand miles first, because 30.9% of advert mileages are exact multiples of a thousand against 0.11% of MOT readings and the model would otherwise identify the file from the digits. DO NOT READ THE +0.051 AS A REPLACEMENT SIGNAL. A density ratio over makes is only that if the adverts fairly sample the cars coming to market; they are one site's stock and its brand mix is not the fleet's. Where the outcome IS observed per car (rd_model_auc) make is worth +0.002, against +0.082 here - the gap is about the files.",Context
up_gap_vs_response,"Best uplift model against the ordinary response model, top decile",-0.14,-3.36,2.88,percentage points,MEASURED,analysis/uplift_engine_report.md,"Best uplift model against the response model, top decile >> Figure",,2026-09-21,"MineThatData / Hillstrom 2008 e-mail trial, 64,000 customers, randomised by the publisher, 32,103 held out, 400-draw bootstrap. The range contains zero: uplift modelling does not beat a plain response model here. A 2008 clothing retailer and a website visit, not cars and not a purchase - no coefficient transfers. Quoted in section 7.4 of the solution document as the reason to measure before assuming.",Context
up_refit_ct_mean,"Uplift in the top decile, class-transformation model, mean of ten refits",6.19,,,percentage points,MEASURED,analysis/uplift_engine_report.md,"Class transformation, top-decile uplift, mean of 10 refits >> Figure",,2026-09-26,"MineThatData / Hillstrom 2008 e-mail trial, 64,000 customers, treatment randomised by the publisher, 32,103 held out. A 2008 CLOTHING RETAILER, not cars: no coefficient here transfers to an automotive book. Outcome is a website visit, not a purchase. Each model refitted on ten random 80% subsamples of the training half, scored on the same held-out half; the held-out bootstrap measures test noise only. Below a random tenth (up_random_top_decile): the uplift model depends on its training draw.",Context
up_refit_two_mean,"Uplift in the top decile, two-model (T-learner), mean of ten refits",7.49,,,percentage points,MEASURED,analysis/uplift_engine_report.md,"Two-model (T-learner), top-decile uplift, mean of 10 refits >> Figure",,2026-09-26,"MineThatData / Hillstrom 2008 e-mail trial, 64,000 customers, treatment randomised by the publisher, 32,103 held out. A 2008 CLOTHING RETAILER, not cars: no coefficient here transfers to an automotive book. Outcome is a website visit, not a purchase. Each model refitted on ten random 80% subsamples of the training half, scored on the same held-out half; the held-out bootstrap measures test noise only. The best single-fit uplift model; over refits it falls below the response model.",Context
up_refit_resp_mean,"Uplift in the top decile, ordinary response model, mean of ten refits",8.77,,,percentage points,MEASURED,analysis/uplift_engine_report.md,"Response model (the usual way), top-decile uplift, mean of 10 refits >> Figure",,2026-09-26,"MineThatData / Hillstrom 2008 e-mail trial, 64,000 customers, treatment randomised by the publisher, 32,103 held out. A 2008 CLOTHING RETAILER, not cars: no coefficient here transfers to an automotive book. Outcome is a website visit, not a purchase. Each model refitted on ten random 80% subsamples of the training half, scored on the same held-out half; the held-out bootstrap measures test noise only. The steadiest of the three: close to its single fit (up_response_top_decile).",Context
rd_model_within_age_auc,"Learned model, ranking cars of the SAME age",0.667,,,AUC,MEASURED,analysis/readiness_model_report.md,"Learned, every field >> Within-age AUC",,2026-09-21,"The measure that matters for a call list, which is built from cars of similar age. Age alone scores 0.500 here by construction; mileage takes it to 0.618, what the car is to 0.643, and a year of history to 0.667. Global AUC understates what the extra fields buy because age already separates most pairs.",Context
rd_model_within_age_engine,"The two-layer engine, ranking cars of the same age",0.618,,,AUC,MEASURED,analysis/readiness_model_report.md,The two-layer engine (age x mileage) >> Within-age AUC,,2026-09-21,"Quote with rd_model_within_age_auc: within an age band the learned model is worth +0.049 over the engine, against +0.029 on global AUC. The extra fields matter more than a headline AUC suggests.",Context
rd_nl_make_spread,Spread in keeper-change rate across makes at the peak age,1.75,,,ratio,MEASURED,analysis/readiness_base_report.md,Spread across makes at one age >> Figure,,2026-09-21,"RDW register, 12 months to Sept 2026, cars first registered in NL when new, makes with at least 3,000 cars of the 2021 registration year - so every car compared is exactly five years old. A keeper change is not a sale to a new customer. This is the answer to 'so only age matters': at one age the highest make's rate is this row's multiple of the lowest's. It is why the engine needs a layer beyond the age curve. Across all 24 makes with 3,000+ cars of that year; among the fifteen largest alone the spread is 1.60x (rd_nl_make15_spread).",Context
rd_nl_make_lo,Lowest make at the peak age,19.8,,,% a year,MEASURED,analysis/readiness_base_report.md,Lowest make at the peak age >> Figure,,2026-09-21,"RDW register, 12 months to Sept 2026, cars first registered in NL when new, makes with at least 3,000 cars of the 2021 registration year - so every car compared is exactly five years old. A keeper change is not a sale to a new customer. ",Context
rd_nl_make_hi,Highest make at the peak age,34.8,,,% a year,MEASURED,analysis/readiness_base_report.md,Highest make at the peak age >> Figure,,2026-09-21,"RDW register, 12 months to Sept 2026, cars first registered in NL when new, makes with at least 3,000 cars of the 2021 registration year - so every car compared is exactly five years old. A keeper change is not a sale to a new customer. ",Context
rd_nl_group_make_lo,"Group brands, lowest at the peak age",22.8,,,% a year,MEASURED,analysis/readiness_base_report.md,"Group brands, lowest >> Figure",,2026-09-21,"RDW register, 12 months to Sept 2026, cars first registered in NL when new, makes with at least 3,000 cars of the 2021 registration year - so every car compared is exactly five years old. A keeper change is not a sale to a new customer. The group's own four brands differ from each other by 43% at one age.",Context
rd_nl_group_make_hi,"Group brands, highest at the peak age",32.7,,,% a year,MEASURED,analysis/readiness_base_report.md,"Group brands, highest >> Figure",,2026-09-21,"RDW register, 12 months to Sept 2026, cars first registered in NL when new, makes with at least 3,000 cars of the 2021 registration year - so every car compared is exactly five years old. A keeper change is not a sale to a new customer. ",Context
rd_nl_make15_spread,Spread across the fifteen largest makes at the peak age,1.60,,,ratio,MEASURED,analysis/readiness_base_report.md,Spread across the fifteen largest makes >> Figure,,2026-09-21,"The fifteen largest makes only, for a chart with room for fifteen rows. Across all 24 qualifying makes it is 1.75x (rd_nl_make_spread). Same register, same age, same twelve months.",Context
selfreg_group_base,"Group brands: share of new cars whose keeper changes within 30 days, ordinary days",1.15,,,%,MEASURED,analysis/self_registration_report.md headline table,quick share on ordinary days (%) >> group brands,,2026-09-25,"Real RDW register: new Dutch passenger cars, 2022-25 pooled, group brands. A keeper change 1-30 days after first registration is a proxy for a dealer self-registration, not proof (lease transfers, corrections). Only the current keeper is visible, so this is a lower bound. Lift against ordinary days; 95% interval from a bootstrap over days. RDW data as of 25 Sept 2026; a re-run later shifts the figures as keeper histories grow. Robust to 7-day period ends and 90-day quick windows (see the sensitivity table).",Leak 1
selfreg_group_qend_lift,Group brands: extra quick keeper changes for cars first registered in a quarter's last 3 days,1.04,0.50,1.59,percentage points,MEASURED,analysis/self_registration_report.md headline table,quarter-end lift (points) >> group brands,,2026-09-25,"Real RDW register: new Dutch passenger cars, 2022-25 pooled, group brands. A keeper change 1-30 days after first registration is a proxy for a dealer self-registration, not proof (lease transfers, corrections). Only the current keeper is visible, so this is a lower bound. Lift against ordinary days; 95% interval from a bootstrap over days. RDW data as of 25 Sept 2026; a re-run later shifts the figures as keeper histories grow. Robust to 7-day period ends and 90-day quick windows (see the sensitivity table).",Leak 1
selfreg_group_mend_lift,Group brands: extra quick keeper changes for cars first registered in another month's last 3 days,1.54,1.03,2.03,percentage points,MEASURED,analysis/self_registration_report.md headline table,month-end lift (points) >> group brands,,2026-09-25,"Real RDW register: new Dutch passenger cars, 2022-25 pooled, group brands. A keeper change 1-30 days after first registration is a proxy for a dealer self-registration, not proof (lease transfers, corrections). Only the current keeper is visible, so this is a lower bound. Lift against ordinary days; 95% interval from a bootstrap over days. RDW data as of 25 Sept 2026; a re-run later shifts the figures as keeper histories grow. Robust to 7-day period ends and 90-day quick windows (see the sensitivity table).",Leak 1
selfreg_group_monthend_share,"Group brands: share of new cars first registered in a month's last 3 days, before the agency model",47.73,,,%,MEASURED,analysis/self_registration_report.md headline table,"share registered in a month's last days, before the agency model (%) >> group brands",,2026-09-25,"Real RDW register: new Dutch passenger cars registered January 2022 to 3 September 2023, before the group's Dutch agency model (started 4 September 2023). Last 3 calendar days of each month; about 10% would fall there if registrations were spread evenly. A month-end push can be dealer targets, importer batching or logistics; this measures the concentration, not its cause. An independent brand-level query gave every group brand at least twice the share of Renault, Volkswagen, Kia and Toyota. RDW data as of 25 Sept 2026.",Leak 1
selfreg_other_monthend_share,"Other brands: share of new cars first registered in a month's last 3 days, same period",16.73,,,%,MEASURED,analysis/self_registration_report.md headline table,"share registered in a month's last days, before the agency model (%) >> other brands",,2026-09-25,"Real RDW register: new Dutch passenger cars registered January 2022 to 3 September 2023, before the group's Dutch agency model (started 4 September 2023). Last 3 calendar days of each month; about 10% would fall there if registrations were spread evenly. A month-end push can be dealer targets, importer batching or logistics; this measures the concentration, not its cause. An independent brand-level query gave every group brand at least twice the share of Renault, Volkswagen, Kia and Toyota. RDW data as of 25 Sept 2026.",Context
x1_review_load_hard_rules,"X1, our world: review load after keys, matching and hard rules",20.5,,,"flagged claims per 1,000 claims",SYNTHETIC,leak1/x1_scorecard_report.md headline table,"Ours · + hard rules >> review load per 1,000 claims",,2026-09-25,"Synthetic: the X1 test harness in a world we built, not the group. Precision is flattered, because our legitimate claims obey our own rulebook. Quote only as an engineering fact (skeptic A14), never as a detection rate.",Context: leak 1 (X1 harness)
x1_review_load_gaming_claims,"X1, our world: review load with the gaming rule, counting every held claim",51.2,,,"flagged claims per 1,000 claims",SYNTHETIC,leak1/x1_scorecard_report.md headline table,"Ours · + gaming rule >> review load per 1,000 claims",,2026-09-25,"Synthetic: the X1 test harness in a world we built, not the group. The gaming rule holds every volume claim of a flagged dealer-quarter, so counting claims overstates the review work; x1_review_units_per_1000 counts each dealer-quarter once. Quote only as an engineering fact (skeptic A14), never as a detection rate.",Context: leak 1 (X1 harness)
x1_review_units_per_1000,"X1, our world: review load with the gaming rule, each held dealer-quarter once",21.2,,,"review units per 1,000 claims",SYNTHETIC,leak1/x1_scorecard_report.md review-unit table,"Ours >> review units per 1,000 claims",,2026-09-25,"Synthetic: the X1 test harness in a world we built, not the group. A review unit is a claim flagged before the gaming rule, or a dealer-quarter the gaming rule holds. It is why the unit of review should be the dealer-quarter. Quote only as an engineering fact (skeptic A14), never as a detection rate.",Context: leak 1 (X1 harness)
x1_gaming_dq_held,"X1, our world: dealer-quarters the pre-registered gaming rule holds",108,,,dealer-quarters,SYNTHETIC,leak1/x1_scorecard_report.md review-unit table,Ours >> dealer-quarters held,,2026-09-25,"Synthetic: the X1 test harness in a world we built, not the group. Over two years of synthetic claims, systems A and B together. Quote only as a failure (skeptic A14), never as a detection rate.",Context: leak 1 (X1 harness)
x1_gaming_dq_with_leak,"X1, our world: held dealer-quarters that contain a leak claim",8,,,dealer-quarters,SYNTHETIC,leak1/x1_scorecard_report.md review-unit table,Ours >> of which with a leak claim,,2026-09-25,"Synthetic: the X1 test harness in a world we built, not the group. Most dealer-quarters the gaming rule holds contain no leak: registration timing alone does not reveal quarter-end gaming. Quote only as a failure (skeptic A14), never as a detection rate.",Context: leak 1 (X1 harness)
x1_noise1_splink_right_car,"X1 stress test, noise level 1: band claims Splink links to their right car",1847,,,claims,SYNTHETIC,leak1/x1_scorecard_report.md matching-under-noise table,level 1 · Splink >> right car,,2026-09-25,"Synthetic: the X1 test harness in a world we built, not the group. The band is the claims exact keys could not link. Quote only as a ranking (skeptic A14): the ranking held at both noise levels; the levels come from the noise rates, which are ASSUMPTION settings in leak1/spec.py.",Context: leak 1 (X1 harness)
x1_noise1_rule_right_car,"X1 stress test, noise level 1: band claims the plain rule links to their right car",1703,,,claims,SYNTHETIC,leak1/x1_scorecard_report.md matching-under-noise table,level 1 · plain rule >> right car,,2026-09-25,"Synthetic: the X1 test harness in a world we built, not the group. The plain rule: same dealer, key within two edits. Quote only as a ranking (skeptic A14): the ranking held at both noise levels; the levels come from the noise rates, which are ASSUMPTION settings in leak1/spec.py.",Context: leak 1 (X1 harness)
x1_noise1_splink_wrong_dealer_unlinked,"X1 stress test, noise level 1: real band claims with a wrong dealer code that Splink leaves without a car",50.0,,,%,SYNTHETIC,leak1/x1_scorecard_report.md where-each-method-fails table,"level 1 · wrong dealer code >> left without a car, Splink (%)",,2026-09-25,"Synthetic: the X1 test harness in a world we built, not the group. Quote only as a ranking (skeptic A14): the ranking held at both noise levels; the levels come from the noise rates, which are ASSUMPTION settings in leak1/spec.py.",Context: leak 1 (X1 harness)
x1_noise1_rule_wrong_dealer_unlinked,"X1 stress test, noise level 1: real band claims with a wrong dealer code that the plain rule leaves without a car",100.0,,,%,SYNTHETIC,leak1/x1_scorecard_report.md where-each-method-fails table,"level 1 · wrong dealer code >> left without a car, plain rule (%)",,2026-09-25,"Synthetic: the X1 test harness in a world we built, not the group. The plain rule requires the same dealer, so it cannot survive a wrong dealer code. Quote only as a ranking (skeptic A14): the ranking held at both noise levels; the levels come from the noise rates, which are ASSUMPTION settings in leak1/spec.py.",Context: leak 1 (X1 harness)
x1_rt2_blind_fleet_upcode,"X1 blind red team, round 2: fleet-upcoding claims the frozen pipeline flagged",0.0,,,%,SYNTHETIC,leak1/x1_scorecard_report.md leaks-by-type table,RT2 blind · rt_fleet_upcode >> + gaming rule (%),,2026-09-25,"Synthetic: the X1 test harness in a world we built, not the group. Built by an independent agent that never saw our detector code. Fleet status is reported only by the dealer, so no rule can check it without the fleet or lease contract. An adversarial lower bound. Quote only as a failure (skeptic A14), never as a detection rate.",Context: leak 1 (X1 harness)
x1_rt2_blind_order_forward_date,"X1 blind red team, round 2: claims with order dates pushed into a programme year that the frozen pipeline flagged",0.0,,,%,SYNTHETIC,leak1/x1_scorecard_report.md leaks-by-type table,RT2 blind · rt_order_forward_date >> + gaming rule (%),,2026-09-25,"Synthetic: the X1 test harness in a world we built, not the group. Built by an independent agent that never saw our detector code. The order date is keyed by the dealer, so no rule can check it without the OEM order-system timestamp. An adversarial lower bound. Quote only as a failure (skeptic A14), never as a detection rate.",Context: leak 1 (X1 harness)
x1_runtime_layer2_seconds,"X1, our world: layer 2 (Splink) runtime, median of three runs",63.7,,,seconds,SYNTHETIC,leak1/x1_runtime_report.md runtime table,layer 2 >> median seconds,,2026-09-25,"Synthetic: the X1 test harness in a world we built, not the group. Measured on an Apple M1 laptop (8 cores, 8 GB); re-running leak1/runtime.py on another machine changes it. Layer 2 takes almost all the pipeline's time. Quote only as an engineering fact (skeptic A14), never as a detection rate.",Context: leak 1 (X1 harness)
x2_nl_monthend_psa,"PSA brands (Peugeot, Citroen, DS): share of new Dutch cars first registered in a month's last 3 days, 2014-2025",43.11,,,%,MEASURED,analysis/merger_composition_report.md pooled table,PSA >> family (%),,2026-09-25,"Real RDW register (public domain): new Dutch passenger cars 2014-2025, share first registered in the last 3 calendar days of a month; about 10% would fall there if evenly spread. A proxy for tactical registrations at target deadlines, not proof of them; older cohorts are survivors. The level predates the 2021 merger.","Context: leak 1 (X2, the merger's fingerprint)"
x2_nl_monthend_opel,"Opel: share of new Dutch cars first registered in a month's last 3 days, 2014-2025",36.97,,,%,MEASURED,analysis/merger_composition_report.md pooled table,Opel >> family (%),,2026-09-25,"Real RDW register (public domain): new Dutch passenger cars 2014-2025, share first registered in the last 3 calendar days of a month; about 10% would fall there if evenly spread. A proxy for tactical registrations at target deadlines, not proof of them; older cohorts are survivors. The level predates the 2021 merger. Opel was GM until August 2017.","Context: leak 1 (X2, the merger's fingerprint)"
x2_nl_monthend_fca,"FCA brands (Fiat, Abarth, Alfa Romeo, Jeep, Lancia): share of new Dutch cars first registered in a month's last 3 days, 2014-2025",52.43,,,%,MEASURED,analysis/merger_composition_report.md pooled table,FCA >> family (%),,2026-09-25,"Real RDW register (public domain): new Dutch passenger cars 2014-2025, share first registered in the last 3 calendar days of a month; about 10% would fall there if evenly spread. A proxy for tactical registrations at target deadlines, not proof of them; older cohorts are survivors. The level predates the 2021 merger.","Context: leak 1 (X2, the merger's fingerprint)"
x2_nl_monthend_other,"Other brands: share of new Dutch cars first registered in a month's last 3 days, 2014-2025",17.96,,,%,MEASURED,analysis/merger_composition_report.md pooled table,PSA >> other brands (%),,2026-09-25,"Real RDW register (public domain): new Dutch passenger cars 2014-2025, share first registered in the last 3 calendar days of a month; about 10% would fall there if evenly spread. A proxy for tactical registrations at target deadlines, not proof of them; older cohorts are survivors. The level predates the 2021 merger.","Context: leak 1 (X2, the merger's fingerprint)"
x2_nl_bodymix_psa,PSA brands: points of their month-end gap to other brands explained by body-type mix,0.81,,,percentage points,MEASURED,analysis/merger_composition_report.md pooled table,PSA >> body mix (points),,2026-09-25,"Kitagawa split with other brands' month-end rate per RDW body type as the reference; the rest of the gap is within the same body type. Fuel type, buyer type and price are not in the data and could still be mixes. Real RDW register (public domain): new Dutch passenger cars 2014-2025, share first registered in the last 3 calendar days of a month; about 10% would fall there if evenly spread. A proxy for tactical registrations at target deadlines, not proof of them; older cohorts are survivors. The level predates the 2021 merger.","Context: leak 1 (X2, the merger's fingerprint)"
x2_nl_merger_fca_vs_psa_24m,"Change in FCA's month-end share minus PSA's, 24 months either side of the merger (January 2021)",-1.6,,,percentage points,MEASURED,analysis/merger_events_report.md main estimates,Stellantis formed: FCA vs PSA >> 24 months: estimate (points),,2026-09-25,"Difference-in-differences on the RDW month-end share (Netherlands). Not a causal estimate: a product or distribution change at the same time would look the same. Read with x2_nl_merger_fca_vs_psa_p: the move is no larger than the gap's usual drift, so the merger left no detectable fingerprint.","Context: leak 1 (X2, the merger's fingerprint)"
x2_nl_merger_fca_vs_psa_p,Placebo p for the FCA-vs-PSA merger estimate (share of other break months with an estimate at least as large),0.81,,,share,MEASURED,analysis/merger_events_report.md main estimates,Stellantis formed: FCA vs PSA >> 24 months: placebo p,,2026-09-25,Placebo-in-time test: the same 24-month difference-in-differences at every other month. A high value means the event moved the gap no more than the gap moves anyway. Replaces a month bootstrap whose placebos failed.,"Context: leak 1 (X2, the merger's fingerprint)"
x2_de_short_fca_2007_2020,"FCA brands in Germany: short-term registrations as a share of new cars, 2007-2020 pooled",19.24,,,%,MEASURED,analysis/merger_kba_report.md pooled by era,"2007 to 2020, before the merger >> FCA (%)",https://www.kba.de/DE/Statistik/Fahrzeuge/Neuzulassungen/Kurzzulassungen/kurzzulassungen_node.html,2026-09-25,"KBA Kurzzulassungen (Germany, dl-de/by-2-0): new passenger cars deregistered within 30 days of first registration, as a share of new cars; a different measure from the Dutch month-end share. Abarth sits in KBA's other line; 'other' is KBA's total minus every group brand.","Context: leak 1 (X2, the merger's fingerprint)"
x2_de_short_other_2007_2020,"Rest of the German market: short-term registrations as a share of new cars, 2007-2020 pooled",3.33,,,%,MEASURED,analysis/merger_kba_report.md pooled by era,"2007 to 2020, before the merger >> other (%)",https://www.kba.de/DE/Statistik/Fahrzeuge/Neuzulassungen/Kurzzulassungen/kurzzulassungen_node.html,2026-09-25,"KBA Kurzzulassungen (Germany, dl-de/by-2-0): new passenger cars deregistered within 30 days of first registration, as a share of new cars; a different measure from the Dutch month-end share. Abarth sits in KBA's other line; 'other' is KBA's total minus every group brand.","Context: leak 1 (X2, the merger's fingerprint)"
x2_de_short_psa_2021_2022,"PSA brands in Germany: short-term registrations as a share of new cars, 2021-2022",2.23,,,%,MEASURED,analysis/merger_kba_report.md pooled by era,"2021 to 2022, merged >> PSA (%)",https://www.kba.de/DE/Statistik/Fahrzeuge/Neuzulassungen/Kurzzulassungen/kurzzulassungen_node.html,2026-09-25,"KBA Kurzzulassungen (Germany, dl-de/by-2-0): new passenger cars deregistered within 30 days of first registration, as a share of new cars; a different measure from the Dutch month-end share. Abarth sits in KBA's other line; 'other' is KBA's total minus every group brand.","Context: leak 1 (X2, the merger's fingerprint)"
x2_de_short_psa_2023,"PSA brands in Germany: short-term registrations as a share of new cars, 2023",8.42,,,%,MEASURED,analysis/merger_kba_report.md pooled by era,"2023, contracts ended >> PSA (%)",https://www.kba.de/DE/Statistik/Fahrzeuge/Neuzulassungen/Kurzzulassungen/kurzzulassungen_node.html,2026-09-25,"KBA Kurzzulassungen (Germany, dl-de/by-2-0): new passenger cars deregistered within 30 days of first registration, as a share of new cars; a different measure from the Dutch month-end share. Abarth sits in KBA's other line; 'other' is KBA's total minus every group brand. Stellantis's European dealer contracts ended in June 2023. One year: consistent with an end-of-contract push, not proof of one.","Context: leak 1 (X2, the merger's fingerprint)"
x3_nl_lease_spike_60m,Dutch register: excess keeper changes at 60-62 months old against the local age trend,71.1,,,%,MEASURED,analysis/lease_end_report.md spike test,all domestic cars: 60 months >> excess (%),,2026-09-25,"Real RDW register (public domain): passenger cars first put on Dutch plates when new, still on the road. Monthly keeper-change hazard by age in months, pooled over 12 calendar months; the excess compares ages k to k+2 with the local trend (k-6 to k-3, k+4 to k+7); the placebo p ranks it against every other age from 12 to 108 months. RDW shows only the current keeper, so older windows are censored. A keeper change is a car coming to market, not a customer's decision. The 60-month wave may be partly the end of the 60-month lock on Dutch company-car tax.","Context: leak 2 (X3, lease-end timing)"
x3_nl_lease_spike_60m_p,Placebo p for the 60-month excess (share of other ages with an excess at least as large),0.021,,,share,MEASURED,analysis/lease_end_report.md spike test,all domestic cars: 60 months >> placebo p,,2026-09-25,"Real RDW register (public domain): passenger cars first put on Dutch plates when new, still on the road. Monthly keeper-change hazard by age in months, pooled over 12 calendar months; the excess compares ages k to k+2 with the local trend (k-6 to k-3, k+4 to k+7); the placebo p ranks it against every other age from 12 to 108 months. RDW shows only the current keeper, so older windows are censored. A keeper change is a car coming to market, not a customer's decision. The 60-month wave may be partly the end of the 60-month lock on Dutch company-car tax.","Context: leak 2 (X3, lease-end timing)"
x3_nl_lease_spike_48m,Dutch register: excess keeper changes at 48-50 months old against the local age trend,42.5,,,%,MEASURED,analysis/lease_end_report.md spike test,all domestic cars: 48 months >> excess (%),,2026-09-25,"Real RDW register (public domain): passenger cars first put on Dutch plates when new, still on the road. Monthly keeper-change hazard by age in months, pooled over 12 calendar months; the excess compares ages k to k+2 with the local trend (k-6 to k-3, k+4 to k+7); the placebo p ranks it against every other age from 12 to 108 months. RDW shows only the current keeper, so older windows are censored. A keeper change is a car coming to market, not a customer's decision. The 60-month wave may be partly the end of the 60-month lock on Dutch company-car tax.","Context: leak 2 (X3, lease-end timing)"
x3_nl_lease_spike_48m_p,Placebo p for the 48-month excess,0.062,,,share,MEASURED,analysis/lease_end_report.md spike test,all domestic cars: 48 months >> placebo p,,2026-09-25,"Real RDW register (public domain): passenger cars first put on Dutch plates when new, still on the road. Monthly keeper-change hazard by age in months, pooled over 12 calendar months; the excess compares ages k to k+2 with the local trend (k-6 to k-3, k+4 to k+7); the placebo p ranks it against every other age from 12 to 108 months. RDW shows only the current keeper, so older windows are censored. A keeper change is a car coming to market, not a customer's decision. The 60-month wave may be partly the end of the 60-month lock on Dutch company-car tax.","Context: leak 2 (X3, lease-end timing)"
x3_nl_lease_spike_36m,Dutch register: excess keeper changes at 36-38 months old against the local age trend (no spike),10.3,,,%,MEASURED,analysis/lease_end_report.md spike test,all domestic cars: 36 months >> excess (%),,2026-09-25,"Real RDW register (public domain): passenger cars first put on Dutch plates when new, still on the road. Monthly keeper-change hazard by age in months, pooled over 12 calendar months; the excess compares ages k to k+2 with the local trend (k-6 to k-3, k+4 to k+7); the placebo p ranks it against every other age from 12 to 108 months. RDW shows only the current keeper, so older windows are censored. A keeper change is a car coming to market, not a customer's decision. The 60-month wave may be partly the end of the 60-month lock on Dutch company-car tax. At 36 months the register agrees with the adverts: no wave.","Context: leak 2 (X3, lease-end timing)"
x3_nl_lease_spike_60m_2023_24,Dutch register: the 60-month excess in keeper changes of September 2023 to August 2024 (older cohorts),54.9,,,%,MEASURED,analysis/lease_end_report.md spike test,"all domestic cars, 25 to 36 months before: 60 months >> excess (%)",,2026-09-25,"Real RDW register (public domain): passenger cars first put on Dutch plates when new, still on the road. Monthly keeper-change hazard by age in months, pooled over 12 calendar months; the excess compares ages k to k+2 with the local trend (k-6 to k-3, k+4 to k+7); the placebo p ranks it against every other age from 12 to 108 months. RDW shows only the current keeper, so older windows are censored. A keeper change is a car coming to market, not a customer's decision. The 60-month wave may be partly the end of the 60-month lock on Dutch company-car tax. These cars were registered in 2018-19, so the wave follows age, not one cohort.","Context: leak 2 (X3, lease-end timing)"
x3_nl_group_spike_48m,"Dutch register, the group's brands: excess keeper changes at 48-50 months old against the local age trend",37.0,,,%,MEASURED,analysis/lease_end_report.md spike test,the group's brands: 48 months >> excess (%),,2026-09-25,"Real RDW register (public domain): passenger cars first put on Dutch plates when new, still on the road. Monthly keeper-change hazard by age in months, pooled over 12 calendar months; the excess compares ages k to k+2 with the local trend (k-6 to k-3, k+4 to k+7); the placebo p ranks it against every other age from 12 to 108 months. RDW shows only the current keeper, so older windows are censored. A keeper change is a car coming to market, not a customer's decision. The 60-month wave may be partly the end of the 60-month lock on Dutch company-car tax. Group brands only, as the project's brand list defines them. The X4 ledger's real returns for the group's 2021-22 Dutch cars (latest keeper change by age, ledger/x4_returns_report.md) show the same two waves: a consistency check on one cohort, not a second measurement.",Context: leak 2 (X3 lease-end timing; X4 readiness queue)
x3_nl_group_spike_48m_p,Placebo p for the group's 48-month excess,0.062,,,,MEASURED,analysis/lease_end_report.md spike test,the group's brands: 48 months >> placebo p,,2026-09-25,"Real RDW register (public domain): passenger cars first put on Dutch plates when new, still on the road. Monthly keeper-change hazard by age in months, pooled over 12 calendar months; the excess compares ages k to k+2 with the local trend (k-6 to k-3, k+4 to k+7); the placebo p ranks it against every other age from 12 to 108 months. RDW shows only the current keeper, so older windows are censored. A keeper change is a car coming to market, not a customer's decision. The 60-month wave may be partly the end of the 60-month lock on Dutch company-car tax. Group brands only, as the project's brand list defines them. The X4 ledger's real returns for the group's 2021-22 Dutch cars (latest keeper change by age, ledger/x4_returns_report.md) show the same two waves: a consistency check on one cohort, not a second measurement.",Context: leak 2 (X3 lease-end timing; X4 readiness queue)
x3_nl_group_spike_60m,"Dutch register, the group's brands: excess keeper changes at 60-62 months old against the local age trend",74.2,,,%,MEASURED,analysis/lease_end_report.md spike test,the group's brands: 60 months >> excess (%),,2026-09-25,"Real RDW register (public domain): passenger cars first put on Dutch plates when new, still on the road. Monthly keeper-change hazard by age in months, pooled over 12 calendar months; the excess compares ages k to k+2 with the local trend (k-6 to k-3, k+4 to k+7); the placebo p ranks it against every other age from 12 to 108 months. RDW shows only the current keeper, so older windows are censored. A keeper change is a car coming to market, not a customer's decision. The 60-month wave may be partly the end of the 60-month lock on Dutch company-car tax. Group brands only, as the project's brand list defines them. The X4 ledger's real returns for the group's 2021-22 Dutch cars (latest keeper change by age, ledger/x4_returns_report.md) show the same two waves: a consistency check on one cohort, not a second measurement.",Context: leak 2 (X3 lease-end timing; X4 readiness queue)
x3_nl_group_spike_60m_p,Placebo p for the group's 60-month excess,0.031,,,,MEASURED,analysis/lease_end_report.md spike test,the group's brands: 60 months >> placebo p,,2026-09-25,"Real RDW register (public domain): passenger cars first put on Dutch plates when new, still on the road. Monthly keeper-change hazard by age in months, pooled over 12 calendar months; the excess compares ages k to k+2 with the local trend (k-6 to k-3, k+4 to k+7); the placebo p ranks it against every other age from 12 to 108 months. RDW shows only the current keeper, so older windows are censored. A keeper change is a car coming to market, not a customer's decision. The 60-month wave may be partly the end of the 60-month lock on Dutch company-car tax. Group brands only, as the project's brand list defines them. The X4 ledger's real returns for the group's 2021-22 Dutch cars (latest keeper change by age, ledger/x4_returns_report.md) show the same two waves: a consistency check on one cohort, not a second measurement.",Context: leak 2 (X3 lease-end timing; X4 readiness queue)
keeper_hidden_2021_group,Group brands' new Dutch cars of 2021 whose current keeper arrived more than 30 days after registration (early history hidden),73.15,,,%,MEASURED,analysis/keeper_history_report.md late-read table,2021 group brands >> share hidden (%),,2026-09-25,"Real RDW register (public domain). RDW keeps only the current keeper, so a quick keeper change after registration is hidden once the car changes keeper again. Read years later, a self-registration check misses these cars.","Context: leak 1 (X1 part 7b, self-registration check)"
keeper_hidden_2022_group,Group brands' new Dutch cars of 2022 whose current keeper arrived more than 30 days after registration (early history hidden),55.96,,,%,MEASURED,analysis/keeper_history_report.md late-read table,2022 group brands >> share hidden (%),,2026-09-25,"Real RDW register (public domain). RDW keeps only the current keeper, so a quick keeper change after registration is hidden once the car changes keeper again. Read years later, a self-registration check misses these cars.","Context: leak 1 (X1 part 7b, self-registration check)"
keeper_early_change_3m_group,Group brands: chance of a keeper change in a car's first 3 months of age,10.75,,,%,MEASURED,analysis/keeper_history_report.md prompt-read table,the group's brands >> keeper change within the first 3 months (%),,2026-09-25,"Real RDW register (public domain). RDW keeps only the current keeper, so a quick keeper change after registration is hidden once the car changes keeper again. An upper bound on what a register read within a quarter loses; it includes the quick changes themselves. From lease_end.py's monthly hazard, latest 12 months.","Context: leak 1 (X1 part 7b, self-registration check)"
x1_7b_holdout_timing_flagged,X1 part 7b holdout: dealer-quarters the timing rule flags,75,,,dealer-quarters,SYNTHETIC,leak1/x1_selfreg_report.md comparison table,holdout (fresh seed) · timing rule (gaming_suspect) >> dealer-quarters flagged,,2026-09-25,"Synthetic: the X1 test harness in a world we built, not the group. A dealer-quarter check designed on our world and run once on a fresh-seed holdout world. The register keeper source is anchored on real RDW rates but follows the gaming mechanism we injected, so the levels partly hold by construction, and a dealer who registers a car straight into the buyer's name leaves no trace. Quote only as a ranking against the timing rule (skeptic A14).",Context: leak 1 (X1 harness)
x1_7b_holdout_timing_gamed,X1 part 7b holdout: gamed dealer-quarters the timing rule catches,7,,,dealer-quarters,SYNTHETIC,leak1/x1_selfreg_report.md comparison table,holdout (fresh seed) · timing rule (gaming_suspect) >> of which gamed,,2026-09-25,"Synthetic: the X1 test harness in a world we built, not the group. A dealer-quarter check designed on our world and run once on a fresh-seed holdout world. The register keeper source is anchored on real RDW rates but follows the gaming mechanism we injected, so the levels partly hold by construction, and a dealer who registers a car straight into the buyer's name leaves no trace. Quote only as a ranking against the timing rule (skeptic A14).",Context: leak 1 (X1 harness)
x1_7b_holdout_keeper_flagged,X1 part 7b holdout: dealer-quarters the keeper check flags (register read promptly),18,,,dealer-quarters,SYNTHETIC,leak1/x1_selfreg_report.md comparison table,"holdout (fresh seed) · keeper check, prompt read >> dealer-quarters flagged",,2026-09-25,"Synthetic: the X1 test harness in a world we built, not the group. A dealer-quarter check designed on our world and run once on a fresh-seed holdout world. The register keeper source is anchored on real RDW rates but follows the gaming mechanism we injected, so the levels partly hold by construction, and a dealer who registers a car straight into the buyer's name leaves no trace. Quote only as a ranking against the timing rule (skeptic A14).",Context: leak 1 (X1 harness)
x1_7b_holdout_keeper_gamed,X1 part 7b holdout: gamed dealer-quarters the keeper check catches (register read promptly),16,,,dealer-quarters,SYNTHETIC,leak1/x1_selfreg_report.md comparison table,"holdout (fresh seed) · keeper check, prompt read >> of which gamed",,2026-09-25,"Synthetic: the X1 test harness in a world we built, not the group. A dealer-quarter check designed on our world and run once on a fresh-seed holdout world. The register keeper source is anchored on real RDW rates but follows the gaming mechanism we injected, so the levels partly hold by construction, and a dealer who registers a car straight into the buyer's name leaves no trace. Quote only as a ranking against the timing rule (skeptic A14).",Context: leak 1 (X1 harness)
x1_7b_holdout_keeper_late_gamed,X1 part 7b holdout: gamed dealer-quarters the keeper check catches when the register is read years later,8,,,dealer-quarters,SYNTHETIC,leak1/x1_selfreg_report.md comparison table,"holdout (fresh seed) · keeper check, late read >> of which gamed",,2026-09-25,"Synthetic: the X1 test harness in a world we built, not the group. A dealer-quarter check designed on our world and run once on a fresh-seed holdout world. The register keeper source is anchored on real RDW rates but follows the gaming mechanism we injected, so the levels partly hold by construction, and a dealer who registers a car straight into the buyer's name leaves no trace. Quote only as a ranking against the timing rule (skeptic A14).",Context: leak 1 (X1 harness)
x1_7b_holdout_gamed_total,X1 part 7b holdout: gamed dealer-quarters in the world,19,,,dealer-quarters,SYNTHETIC,leak1/x1_selfreg_report.md comparison table,"holdout (fresh seed) · keeper check, prompt read >> gamed in the world",,2026-09-25,"Synthetic: the X1 test harness in a world we built, not the group. A dealer-quarter check designed on our world and run once on a fresh-seed holdout world. The register keeper source is anchored on real RDW rates but follows the gaming mechanism we injected, so the levels partly hold by construction, and a dealer who registers a car straight into the buyer's name leaves no trace. Quote only as a ranking against the timing rule (skeptic A14).",Context: leak 1 (X1 harness)
x1_p9_recall_keyed_hash,"X1 part 9: share of JV contracts linked to the right car by a keyed hash of the VIN (private, exact)",97.03,,,%,SYNTHETIC,leak1/x1_linkage_report.md linkage accuracy,"ours · M1 keyed hash, exact >> recall (%)",,2026-09-25,"Synthetic: the X1 test harness in a world we built, not the group. The JV's VIN typo rate and contract dates are ASSUMPTION settings, and every fleet sale is assumed to go through the captive JV. Bloom-filter encodings resist casual reading but not a determined frequency attack; the key must sit with a trusted third party. Quote only as a ranking or an engineering fact (skeptic A14).",Context: leak 1 (X1 harness)
x1_p9_recall_bloom,"X1 part 9: share of JV contracts linked to the right car by keyed Bloom-filter encodings (private, typo-tolerant)",99.38,,,%,SYNTHETIC,leak1/x1_linkage_report.md linkage accuracy,ours · M2 Bloom filter (CLK) >> recall (%),,2026-09-25,"Synthetic: the X1 test harness in a world we built, not the group. The JV's VIN typo rate and contract dates are ASSUMPTION settings, and every fleet sale is assumed to go through the captive JV. Bloom-filter encodings resist casual reading but not a determined frequency attack; the key must sit with a trusted third party. Quote only as a ranking or an engineering fact (skeptic A14).",Context: leak 1 (X1 harness)
x1_p9_recall_clear_dice,X1 part 9: share of JV contracts linked to the right car by clear bigram similarity (not private; the ceiling),99.07,,,%,SYNTHETIC,leak1/x1_linkage_report.md linkage accuracy,ours · M3 clear bigram Dice >> recall (%),,2026-09-25,"Synthetic: the X1 test harness in a world we built, not the group. The JV's VIN typo rate and contract dates are ASSUMPTION settings, and every fleet sale is assumed to go through the captive JV. Bloom-filter encodings resist casual reading but not a determined frequency attack; the key must sit with a trusted third party. Quote only as a ranking or an engineering fact (skeptic A14).",Context: leak 1 (X1 harness)
x1_p9_wrong_bloom,X1 part 9: JV contracts the Bloom-filter linkage links to the wrong car,31,,,contracts,SYNTHETIC,leak1/x1_linkage_report.md linkage accuracy,ours · M2 Bloom filter (CLK) >> wrong car,,2026-09-25,"Synthetic: the X1 test harness in a world we built, not the group. The JV's VIN typo rate and contract dates are ASSUMPTION settings, and every fleet sale is assumed to go through the captive JV. Bloom-filter encodings resist casual reading but not a determined frequency attack; the key must sit with a trusted third party. Quote only as a ranking or an engineering fact (skeptic A14).",Context: leak 1 (X1 harness)
x1_p9_rt2_fleet_contradicted,"X1 part 9, round 2 world post hoc: leak fleet claims contradicted by a linked private finance contract",83,,,claims,SYNTHETIC,leak1/x1_linkage_report.md fleet check,RT2 (post hoc) · contradicted >> leak,,2026-09-25,"Synthetic: the X1 test harness in a world we built, not the group. The JV's VIN typo rate and contract dates are ASSUMPTION settings, and every fleet sale is assumed to go through the captive JV. Bloom-filter encodings resist casual reading but not a determined frequency attack; the key must sit with a trusted third party. Quote only as a ranking or an engineering fact (skeptic A14).",Context: leak 1 (X1 harness)
x1_p9_rt2_fleet_unverified,"X1 part 9, round 2 world post hoc: leak fleet claims with no linked fleet lease",202,,,claims,SYNTHETIC,leak1/x1_linkage_report.md fleet check,RT2 (post hoc) · unverified >> leak,,2026-09-25,"Synthetic: the X1 test harness in a world we built, not the group. The JV's VIN typo rate and contract dates are ASSUMPTION settings, and every fleet sale is assumed to go through the captive JV. Bloom-filter encodings resist casual reading but not a determined frequency attack; the key must sit with a trusted third party. Quote only as a ranking or an engineering fact (skeptic A14).",Context: leak 1 (X1 harness)
x1_p9_ours_fleet_unverified_legit,"X1 part 9, our world: legitimate fleet claims left unverified (their contract did not link)",229,,,claims,SYNTHETIC,leak1/x1_linkage_report.md fleet check,ours · unverified >> legitimate,,2026-09-25,"Synthetic: the X1 test harness in a world we built, not the group. The JV's VIN typo rate and contract dates are ASSUMPTION settings, and every fleet sale is assumed to go through the captive JV. Bloom-filter encodings resist casual reading but not a determined frequency attack; the key must sit with a trusted third party. Quote only as a ranking or an engineering fact (skeptic A14).",Context: leak 1 (X1 harness)
x3_nl_spike60_tesla,"Dutch register: excess keeper changes at 60-62 months, Tesla (all-electric)",205.7,,,%,MEASURED,analysis/lease_mechanism_report.md brand table,Tesla (all electric) >> 60 months: excess (%),,2026-09-25,"Real RDW register (public domain): the lease_end.py spike test (ages 60-62 against the local age trend, latest 12 calendar months) for one brand's cars first put on Dutch plates when new. Brand is a proxy for fuel and buyer type; small brands are noisy. A wave in every brand points to contract ends (business and private lease), with the company-car tax lock adding to it for electric cars.","Context: leak 2 (X3, lease-end timing)"
x3_nl_spike60_dacia,"Dutch register: excess keeper changes at 60-62 months, Dacia",87.0,,,%,MEASURED,analysis/lease_mechanism_report.md brand table,Dacia >> 60 months: excess (%),,2026-09-25,"Real RDW register (public domain): the lease_end.py spike test (ages 60-62 against the local age trend, latest 12 calendar months) for one brand's cars first put on Dutch plates when new. Brand is a proxy for fuel and buyer type; small brands are noisy. A wave in every brand points to contract ends (business and private lease), with the company-car tax lock adding to it for electric cars.","Context: leak 2 (X3, lease-end timing)"
x3_nl_spike60_suzuki,"Dutch register: excess keeper changes at 60-62 months, Suzuki",88.6,,,%,MEASURED,analysis/lease_mechanism_report.md brand table,Suzuki >> 60 months: excess (%),,2026-09-25,"Real RDW register (public domain): the lease_end.py spike test (ages 60-62 against the local age trend, latest 12 calendar months) for one brand's cars first put on Dutch plates when new. Brand is a proxy for fuel and buyer type; small brands are noisy. A wave in every brand points to contract ends (business and private lease), with the company-car tax lock adding to it for electric cars.","Context: leak 2 (X3, lease-end timing)"
x1_rt3_blind_euro_recall,"X1 blind red team, round 3: share of leak euros the frozen pipeline caught",4.1,,,%,SYNTHETIC,leak1/x1_scorecard_report.md headline table,RT3 blind · + keeper check >> euro recall (%),,2026-09-25,"Synthetic: the X1 test harness in a world a blind red team built, not the group. An independent agent saw only the rulebook, the clean world and a paragraph describing our checks, and built six leaks to evade them; the detector code was frozen and hashed first. An adversarial lower bound, not a typical rate. Quote only as a failure (skeptic A14): an attacker who knows the rules beats checks built on incomplete sources.",Context: leak 1 (X1 harness)
x1_rt3_blind_hard_flagged,"X1 blind red team, round 3: claims the hard rules flagged",0,,,claims,SYNTHETIC,leak1/x1_scorecard_report.md headline table,RT3 blind · + hard rules >> flagged,,2026-09-25,"Synthetic: the X1 test harness in a world a blind red team built, not the group. An independent agent saw only the rulebook, the clean world and a paragraph describing our checks, and built six leaks to evade them; the detector code was frozen and hashed first. An adversarial lower bound, not a typical rate. Quote only as a failure (skeptic A14): an attacker who knows the rules beats checks built on incomplete sources.",Context: leak 1 (X1 harness)
x1_rt4_blind_euro_recall,"X1 blind red team, round 4: share of leak euros the frozen pipeline caught",0.0,,,%,SYNTHETIC,leak1/x1_scorecard_report.md headline table,RT4 blind · + complete sources >> euro recall (%),,2026-09-25,"Synthetic: the X1 test harness in a world a blind red team built, not the group. An independent agent saw only the rulebook, the clean world, every independent source and a paragraph describing our checks, and built five leaks to evade them; the detector code was frozen and hashed first. An adversarial lower bound, not a typical rate. Quote only as a failure (skeptic A14): with every source we had added, a knowing attacker moved to facts no source holds.",Context: leak 1 (X1 harness)
x1_rt4_blind_hard_flagged,"X1 blind red team, round 4: claims the hard rules flagged",0,,,claims,SYNTHETIC,leak1/x1_scorecard_report.md headline table,RT4 blind · + hard rules >> flagged,,2026-09-25,"Synthetic: the X1 test harness in a world a blind red team built, not the group. An independent agent saw only the rulebook, the clean world, every independent source and a paragraph describing our checks, and built five leaks to evade them; the detector code was frozen and hashed first. An adversarial lower bound, not a typical rate. Quote only as a failure (skeptic A14): with every source we had added, a knowing attacker moved to facts no source holds.",Context: leak 1 (X1 harness)
x1_rt4_leak_eur_k,"X1 blind red team, round 4: leak euros in its world",259,,,EUR thousand,SYNTHETIC,leak1/x1_scorecard_report.md runs table,RT4 blind >> leak EUR (k),,2026-09-25,"Synthetic: the X1 test harness in a world a blind red team built, not the group. An independent agent saw only the rulebook, the clean world, every independent source and a paragraph describing our checks, and built five leaks to evade them; the detector code was frozen and hashed first. An adversarial lower bound, not a typical rate. Quote only as a failure (skeptic A14): with every source we had added, a knowing attacker moved to facts no source holds.",Context: leak 1 (X1 harness)
x1_rt4_blind_false_alarms,"X1 blind red team, round 4: false alarms, full pipeline",33.70,,,"per 1,000 legitimate claims",SYNTHETIC,leak1/x1_scorecard_report.md headline table,"RT4 blind · + complete sources >> false alarms per 1,000 legitimate",,2026-09-25,"Synthetic: the X1 test harness, not the group. The review rules' background false alarms on legitimate claims, about the same in every world; a property of the rules on this synthetic world, not a real-world rate.",Context: leak 1 (X1 harness)
x1_ours_false_alarms_full,"X1, our world: false alarms, full pipeline",32.93,,,"per 1,000 legitimate claims",SYNTHETIC,leak1/x1_scorecard_report.md headline table,"Ours · + complete sources >> false alarms per 1,000 legitimate",,2026-09-25,"Synthetic: the X1 test harness, not the group. The review rules' background false alarms on legitimate claims, about the same in every world; a property of the rules on this synthetic world, not a real-world rate.",Context: leak 1 (X1 harness)
x2_nl_fuelmix_psa,"PSA brands: points of the month-end gap to other brands explained by fuel mix, 2014-2025",0.44,,,percentage points,MEASURED,analysis/merger_fuel_report.md pooled table,PSA >> fuel mix (points),,2026-09-25,"Real RDW register (public domain): new Dutch passenger cars 2014-2025 (part 1's population), each joined by plate to RDW's fuel table (petrol and other, diesel, hybrid, plug-in hybrid, electric). Kitagawa split of the family's month-end gap to other brands, other brands' rates as the reference; the mix part is what the family's fuel mix alone explains. Buyer type (lease, fleet) and price are not in the data and can still hide in the within part. A proxy for tactical registrations, not proof.","Context: leak 1 (X2, the merger's fingerprint)"
x2_nl_fuelmix_opel,"Opel: points of the month-end gap to other brands explained by fuel mix, 2014-2025",0.57,,,percentage points,MEASURED,analysis/merger_fuel_report.md pooled table,Opel >> fuel mix (points),,2026-09-25,"Real RDW register (public domain): new Dutch passenger cars 2014-2025 (part 1's population), each joined by plate to RDW's fuel table (petrol and other, diesel, hybrid, plug-in hybrid, electric). Kitagawa split of the family's month-end gap to other brands, other brands' rates as the reference; the mix part is what the family's fuel mix alone explains. Buyer type (lease, fleet) and price are not in the data and can still hide in the within part. A proxy for tactical registrations, not proof.","Context: leak 1 (X2, the merger's fingerprint)"
x2_nl_fuelmix_fca,"FCA brands: points of the month-end gap to other brands explained by fuel mix, 2014-2025",0.12,,,percentage points,MEASURED,analysis/merger_fuel_report.md pooled table,FCA >> fuel mix (points),,2026-09-25,"Real RDW register (public domain): new Dutch passenger cars 2014-2025 (part 1's population), each joined by plate to RDW's fuel table (petrol and other, diesel, hybrid, plug-in hybrid, electric). Kitagawa split of the family's month-end gap to other brands, other brands' rates as the reference; the mix part is what the family's fuel mix alone explains. Buyer type (lease, fleet) and price are not in the data and can still hide in the within part. A proxy for tactical registrations, not proof.","Context: leak 1 (X2, the merger's fingerprint)"
x2_it_group_l3_share,"Italy, group brands: share of the month's new cars registered in its last 3 working days (Aug-Sep 2021)",46.8,,,%,MEASURED,analysis/merger_italy_report.md pooled table,group brands >> share in the last 3 days (%),,2026-09-25,"Dataforce Italia's press-release tables (its processing of Ministry of Transport registrations), August and September 2021, transcribed by hand and checked by every row and column sum. Passenger cars; the last 3 working days (the Dutch x2 rows use calendar days: compare the direction, not the level). Both months follow the merger's close, so this is a level, not a merger effect. Self-registered means Dataforce's dealer-and-maker channel, which also holds demonstrators.","Context: leak 1 (X2, the merger's fingerprint)"
x2_it_other_l3_share,"Italy, other named brands: share of the month's new cars registered in its last 3 working days (Aug-Sep 2021)",30.3,,,%,MEASURED,analysis/merger_italy_report.md pooled table,other named brands >> share in the last 3 days (%),,2026-09-25,"Dataforce Italia's press-release tables (its processing of Ministry of Transport registrations), August and September 2021, transcribed by hand and checked by every row and column sum. Passenger cars; the last 3 working days (the Dutch x2 rows use calendar days: compare the direction, not the level). Both months follow the merger's close, so this is a level, not a merger effect. Self-registered means Dataforce's dealer-and-maker channel, which also holds demonstrators.","Context: leak 1 (X2, the merger's fingerprint)"
x2_it_group_selfreg_share,"Italy, group brands: share of the month's new cars registered by dealers or makers (Aug-Sep 2021)",14.9,,,%,MEASURED,analysis/merger_italy_report.md pooled table,"group brands >> self-registered, share of the month (%)",,2026-09-25,"Dataforce Italia's press-release tables (its processing of Ministry of Transport registrations), August and September 2021, transcribed by hand and checked by every row and column sum. Passenger cars; the last 3 working days (the Dutch x2 rows use calendar days: compare the direction, not the level). Both months follow the merger's close, so this is a level, not a merger effect. Self-registered means Dataforce's dealer-and-maker channel, which also holds demonstrators.","Context: leak 1 (X2, the merger's fingerprint)"
x2_it_other_selfreg_share,"Italy, other named brands: share of the month's new cars registered by dealers or makers (Aug-Sep 2021)",4.6,,,%,MEASURED,analysis/merger_italy_report.md pooled table,"other named brands >> self-registered, share of the month (%)",,2026-09-25,"Dataforce Italia's press-release tables (its processing of Ministry of Transport registrations), August and September 2021, transcribed by hand and checked by every row and column sum. Passenger cars; the last 3 working days (the Dutch x2 rows use calendar days: compare the direction, not the level). Both months follow the merger's close, so this is a level, not a merger effect. Self-registered means Dataforce's dealer-and-maker channel, which also holds demonstrators.","Context: leak 1 (X2, the merger's fingerprint)"
x2_it_group_l3_no_selfreg,"Italy, group brands: last-3-day share with self-registrations left out (Aug-Sep 2021)",41.8,,,%,MEASURED,analysis/merger_italy_report.md pooled table,"group brands >> share in the last 3 days, self-registrations left out (%)",,2026-09-25,"Dataforce Italia's press-release tables (its processing of Ministry of Transport registrations), August and September 2021, transcribed by hand and checked by every row and column sum. Passenger cars; the last 3 working days (the Dutch x2 rows use calendar days: compare the direction, not the level). Both months follow the merger's close, so this is a level, not a merger effect. Self-registered means Dataforce's dealer-and-maker channel, which also holds demonstrators.","Context: leak 1 (X2, the merger's fingerprint)"
x2_it_other_l3_no_selfreg,"Italy, other named brands: last-3-day share with self-registrations left out (Aug-Sep 2021)",28.8,,,%,MEASURED,analysis/merger_italy_report.md pooled table,"other named brands >> share in the last 3 days, self-registrations left out (%)",,2026-09-25,"Dataforce Italia's press-release tables (its processing of Ministry of Transport registrations), August and September 2021, transcribed by hand and checked by every row and column sum. Passenger cars; the last 3 working days (the Dutch x2 rows use calendar days: compare the direction, not the level). Both months follow the merger's close, so this is a level, not a merger effect. Self-registered means Dataforce's dealer-and-maker channel, which also holds demonstrators.","Context: leak 1 (X2, the merger's fingerprint)"
x1_p8_ceiling,X1 part 8: middle-band genuine claims whose true car is among Splink's five candidates (level 1),176,,,claims,SYNTHETIC,leak1/x1_llm_report.md decisions table,"level 1 · LLM, select >> true car among candidates",,2026-09-25,"Synthetic: the X1 harness in a world we built, under part 6b's level-1 noise (ASSUMPTION rates); the middle band is the broken-key claims Splink leaves unlinked with at least one candidate. The LLM was Claude Sonnet run as blind agents, each reading one batch file; only level 1 was completed (the usage limit stopped level 2 and the consistency repeat). Quote only as a ranking or a failure (skeptic A14): the LLM links genuine claims the plain rule cannot, but also links phantom orders to real cars, which pays claims that are not owed.",Context: leak 1 (X1 harness)
x1_p8_llm_right_car,X1 part 8: middle-band genuine claims the LLM links to their right car (level 1),175,,,claims,SYNTHETIC,leak1/x1_llm_report.md decisions table,"level 1 · LLM, select >> right car",,2026-09-25,"Synthetic: the X1 harness in a world we built, under part 6b's level-1 noise (ASSUMPTION rates); the middle band is the broken-key claims Splink leaves unlinked with at least one candidate. The LLM was Claude Sonnet run as blind agents, each reading one batch file; only level 1 was completed (the usage limit stopped level 2 and the consistency repeat). Quote only as a ranking or a failure (skeptic A14): the LLM links genuine claims the plain rule cannot, but also links phantom orders to real cars, which pays claims that are not owed.",Context: leak 1 (X1 harness)
x1_p8_rule_right_car,X1 part 8: middle-band genuine claims the plain rule links to their right car (level 1),1,,,claims,SYNTHETIC,leak1/x1_llm_report.md decisions table,level 1 · plain rule >> right car,,2026-09-25,"Synthetic: the X1 harness in a world we built, under part 6b's level-1 noise (ASSUMPTION rates); the middle band is the broken-key claims Splink leaves unlinked with at least one candidate. The LLM was Claude Sonnet run as blind agents, each reading one batch file; only level 1 was completed (the usage limit stopped level 2 and the consistency repeat). Quote only as a ranking or a failure (skeptic A14): the LLM links genuine claims the plain rule cannot, but also links phantom orders to real cars, which pays claims that are not owed.",Context: leak 1 (X1 harness)
x1_p8_band_phantoms,X1 part 8: phantom orders in the middle band (level 1),80,,,claims,SYNTHETIC,leak1/x1_llm_report.md decisions table,level 1 · Splink (holds the whole band) >> phantoms held,,2026-09-25,"Synthetic: the X1 harness in a world we built, under part 6b's level-1 noise (ASSUMPTION rates); the middle band is the broken-key claims Splink leaves unlinked with at least one candidate. The LLM was Claude Sonnet run as blind agents, each reading one batch file; only level 1 was completed (the usage limit stopped level 2 and the consistency repeat). Quote only as a ranking or a failure (skeptic A14): the LLM links genuine claims the plain rule cannot, but also links phantom orders to real cars, which pays claims that are not owed.",Context: leak 1 (X1 harness)
x1_p8_llm_phantoms_linked,X1 part 8: phantom orders the LLM links to a real car (level 1): claims paid that are not owed,74,,,claims,SYNTHETIC,leak1/x1_llm_report.md decisions table,"level 1 · LLM, select >> phantoms linked",,2026-09-25,"Synthetic: the X1 harness in a world we built, under part 6b's level-1 noise (ASSUMPTION rates); the middle band is the broken-key claims Splink leaves unlinked with at least one candidate. The LLM was Claude Sonnet run as blind agents, each reading one batch file; only level 1 was completed (the usage limit stopped level 2 and the consistency repeat). Quote only as a ranking or a failure (skeptic A14): the LLM links genuine claims the plain rule cannot, but also links phantom orders to real cars, which pays claims that are not owed.",Context: leak 1 (X1 harness)
x1_p8_llm_high_phantoms_linked,X1 part 8: phantom orders the LLM links to a real car with high confidence (level 1),50,,,claims,SYNTHETIC,leak1/x1_llm_report.md decisions table,"level 1 · LLM, high confidence only >> phantoms linked",,2026-09-25,"Synthetic: the X1 harness in a world we built, under part 6b's level-1 noise (ASSUMPTION rates); the middle band is the broken-key claims Splink leaves unlinked with at least one candidate. The LLM was Claude Sonnet run as blind agents, each reading one batch file; only level 1 was completed (the usage limit stopped level 2 and the consistency repeat). Quote only as a ranking or a failure (skeptic A14): the LLM links genuine claims the plain rule cannot, but also links phantom orders to real cars, which pays claims that are not owed.",Context: leak 1 (X1 harness)
x1_p8_llm_wrong_car,X1 part 8: middle-band genuine claims the LLM links to the wrong car (level 1),25,,,claims,SYNTHETIC,leak1/x1_llm_report.md decisions table,"level 1 · LLM, select >> wrong car",,2026-09-25,"Synthetic: the X1 harness in a world we built, under part 6b's level-1 noise (ASSUMPTION rates); the middle band is the broken-key claims Splink leaves unlinked with at least one candidate. The LLM was Claude Sonnet run as blind agents, each reading one batch file; only level 1 was completed (the usage limit stopped level 2 and the consistency repeat). Quote only as a ranking or a failure (skeptic A14): the LLM links genuine claims the plain rule cannot, but also links phantom orders to real cars, which pays claims that are not owed.",Context: leak 1 (X1 harness)
x1_full_review_units_per_1000,"X1: review units per 1,000 claims, full pipeline, our world",22.7,,,"per 1,000 claims",SYNTHETIC,leak1/x1_scorecard_report.md full-pipeline review table,"Ours >> full pipeline: review units per 1,000 claims",,2026-09-25,"Synthetic: the X1 harness in our own world (ASSUMPTION rates). The full pipeline is layers 1-3 with every review rule; a dealer-quarter any dealer-quarter rule holds counts once, every other flag once per claim. Quote only as an engineering fact (skeptic A14).",Context: leak 1 (X1 harness)
x1_contract_claims_ours,X1: claims the fleet check holds for review in our world (contradicted or unverified),244,,,claims,SYNTHETIC,leak1/x1_scorecard_report.md full-pipeline review table,Ours >> full pipeline: of which by the contract check,,2026-09-25,"Synthetic: the X1 harness in our own world (ASSUMPTION rates). The full pipeline is layers 1-3 with every review rule; a dealer-quarter any dealer-quarter rule holds counts once, every other flag once per claim. Quote only as an engineering fact (skeptic A14). Every fleet sale is assumed to go through the captive JV, so real unverified queues would be larger.",Context: leak 1 (X1 harness)
x3_engine_err_3m_without,Readiness engine without layer 3: mean abs error of the 3-month forward chance on the holdout year,0.86,,,percentage points,MEASURED,analysis/lease_timing_report.md engine back-test,3 >> A: mean abs error (points),,2026-09-25,"Real RDW register (public domain): domestic passenger cars on the road. Each engine version is built from the training year (September 2024 to August 2025) only and scored against the holdout year's forward chance of a keeper change at each age from 13 to 96 months, weighted by the holdout's cars at that age. A keeper change is a car coming to market, not a customer's decision. The whole curve's level moved between the two years, which dominates the average error.","Context: leak 2 (X3, lease-end timing)"
x3_engine_err_3m_with,Readiness engine with layer 3: mean abs error of the 3-month forward chance on the holdout year,0.69,,,percentage points,MEASURED,analysis/lease_timing_report.md engine back-test,3 >> B: mean abs error (points),,2026-09-25,"Real RDW register (public domain): domestic passenger cars on the road. Each engine version is built from the training year (September 2024 to August 2025) only and scored against the holdout year's forward chance of a keeper change at each age from 13 to 96 months, weighted by the holdout's cars at that age. A keeper change is a car coming to market, not a customer's decision. The whole curve's level moved between the two years, which dominates the average error.","Context: leak 2 (X3, lease-end timing)"
x3_engine_err_12m_without,Readiness engine without layer 3: mean abs error of the 12-month forward chance on the holdout year,3.35,,,percentage points,MEASURED,analysis/lease_timing_report.md engine back-test,12 >> A: mean abs error (points),,2026-09-25,"Real RDW register (public domain): domestic passenger cars on the road. Each engine version is built from the training year (September 2024 to August 2025) only and scored against the holdout year's forward chance of a keeper change at each age from 13 to 96 months, weighted by the holdout's cars at that age. A keeper change is a car coming to market, not a customer's decision. The whole curve's level moved between the two years, which dominates the average error.","Context: leak 2 (X3, lease-end timing)"
x3_engine_err_12m_with,Readiness engine with layer 3: mean abs error of the 12-month forward chance on the holdout year,2.92,,,percentage points,MEASURED,analysis/lease_timing_report.md engine back-test,12 >> B: mean abs error (points),,2026-09-25,"Real RDW register (public domain): domestic passenger cars on the road. Each engine version is built from the training year (September 2024 to August 2025) only and scored against the holdout year's forward chance of a keeper change at each age from 13 to 96 months, weighted by the holdout's cars at that age. A keeper change is a car coming to market, not a customer's decision. The whole curve's level moved between the two years, which dominates the average error.","Context: leak 2 (X3, lease-end timing)"
x4_upgrade_flagged_all,"X4 prototype, the age-only queue (from age one): returning retail customers flagged in the 3 months before they came back",20.3,,,%,SYNTHETIC,ledger/x4_pnl_report.md upgrade table,all >> flagged in the 3 months before,,2026-09-25,"Synthetic: the X4 ledger prototype on X1's world. Return dates are real (RDW's latest keeper change of the same Dutch cars after their first 3 months, a lower bound); the retail labels are X1's synthetic buyer types, a random share of real cars; the score is the readiness engine on age alone, and the queue flags the top tenth each month (an ASSUMPTION for contact capacity). It measures the queue rule's reach, not the group's customers. By year the share ran below the baseline while flags sat on young cars and above it once the book reached the 48- and 60-month waves.",Context: X4 ledger prototype
x4_upgrade_base_all,"X4 prototype, the age-only queue (from age one): any retail car flagged at a month end in a 3-month window, same period (baseline)",21.0,,,%,SYNTHETIC,ledger/x4_pnl_report.md upgrade table,"all >> any retail car, any 3-month window",,2026-09-25,"Synthetic: the X4 ledger prototype on X1's world. Return dates are real (RDW's latest keeper change of the same Dutch cars after their first 3 months, a lower bound); the retail labels are X1's synthetic buyer types, a random share of real cars; the score is the readiness engine on age alone, and the queue flags the top tenth each month (an ASSUMPTION for contact capacity). It measures the queue rule's reach, not the group's customers. By year the share ran below the baseline while flags sat on young cars and above it once the book reached the 48- and 60-month waves.",Context: X4 ledger prototype
x4_upgrade_flagged_2025,"X4 prototype, the age-only queue (from age one): returning retail customers flagged in the 3 months before, returns in 2025",28.0,,,%,SYNTHETIC,ledger/x4_pnl_report.md upgrade table,2025 >> flagged in the 3 months before,,2026-09-25,"Synthetic: the X4 ledger prototype on X1's world. Return dates are real (RDW's latest keeper change of the same Dutch cars after their first 3 months, a lower bound); the retail labels are X1's synthetic buyer types, a random share of real cars; the score is the readiness engine on age alone, and the queue flags the top tenth each month (an ASSUMPTION for contact capacity). It measures the queue rule's reach, not the group's customers. By year the share ran below the baseline while flags sat on young cars and above it once the book reached the 48- and 60-month waves.",Context: X4 ledger prototype
x4_upgrade_base_2025,"X4 prototype, the age-only queue (from age one): baseline for 2025 (any retail car, any 3-month window)",21.0,,,%,SYNTHETIC,ledger/x4_pnl_report.md upgrade table,"2025 >> any retail car, any 3-month window",,2026-09-25,"Synthetic: the X4 ledger prototype on X1's world. Return dates are real (RDW's latest keeper change of the same Dutch cars after their first 3 months, a lower bound); the retail labels are X1's synthetic buyer types, a random share of real cars; the score is the readiness engine on age alone, and the queue flags the top tenth each month (an ASSUMPTION for contact capacity). It measures the queue rule's reach, not the group's customers. By year the share ran below the baseline while flags sat on young cars and above it once the book reached the 48- and 60-month waves.",Context: X4 ledger prototype
x4_upgrade_window_flagged_all,"X4 prototype, the queue from the equity window: returning retail customers flagged in the 3 months before they came back",20.0,,,%,SYNTHETIC,ledger/x4_pnl_report.md upgrade table,"all >> flagged in the 3 months before, from the window",,2026-09-27,"Synthetic: the X4 ledger prototype on X1's world. The same check as x4_upgrade_flagged_all, on the queue as it runs now: retail customers enter at the equity window (window_nl_measured_m) and the top tenth of that queue is flagged each month (an ASSUMPTION for contact capacity). Return dates are real (RDW's latest keeper change, a lower bound); retail labels are X1's synthetic buyer types; the score is age alone. It measures the rule's reach, not the group's customers. Before the lease-end waves the queue sat on cars just past the window, and returning customers were flagged below the baseline there too: the window is the upgrade rule (equity), not a fix for the score.",Context: X4 ledger prototype
x4_upgrade_window_base_all,"X4 prototype, the queue from the equity window: any retail car flagged at a month end in a 3-month window, same period (baseline)",19.7,,,%,SYNTHETIC,ledger/x4_pnl_report.md upgrade table,"all >> any retail car, any 3-month window, from the window",,2026-09-27,"Synthetic: the X4 ledger prototype on X1's world. The same check as x4_upgrade_flagged_all, on the queue as it runs now: retail customers enter at the equity window (window_nl_measured_m) and the top tenth of that queue is flagged each month (an ASSUMPTION for contact capacity). Return dates are real (RDW's latest keeper change, a lower bound); retail labels are X1's synthetic buyer types; the score is age alone. It measures the rule's reach, not the group's customers. Before the lease-end waves the queue sat on cars just past the window, and returning customers were flagged below the baseline there too: the window is the upgrade rule (equity), not a fix for the score.",Context: X4 ledger prototype
x4_upgrade_window_flagged_2023,"X4 prototype, the queue from the equity window: returning retail customers flagged in the 3 months before, returns in 2023 (before the waves)",11.5,,,%,SYNTHETIC,ledger/x4_pnl_report.md upgrade table,"2023 >> flagged in the 3 months before, from the window",,2026-09-27,"Synthetic: the X4 ledger prototype on X1's world. The same check as x4_upgrade_flagged_all, on the queue as it runs now: retail customers enter at the equity window (window_nl_measured_m) and the top tenth of that queue is flagged each month (an ASSUMPTION for contact capacity). Return dates are real (RDW's latest keeper change, a lower bound); retail labels are X1's synthetic buyer types; the score is age alone. It measures the rule's reach, not the group's customers. Before the lease-end waves the queue sat on cars just past the window, and returning customers were flagged below the baseline there too: the window is the upgrade rule (equity), not a fix for the score.",Context: X4 ledger prototype
x4_upgrade_window_base_2023,"X4 prototype, the queue from the equity window: baseline for 2023 (any retail car, any 3-month window)",18.5,,,%,SYNTHETIC,ledger/x4_pnl_report.md upgrade table,"2023 >> any retail car, any 3-month window, from the window",,2026-09-27,"Synthetic: the X4 ledger prototype on X1's world. The same check as x4_upgrade_flagged_all, on the queue as it runs now: retail customers enter at the equity window (window_nl_measured_m) and the top tenth of that queue is flagged each month (an ASSUMPTION for contact capacity). Return dates are real (RDW's latest keeper change, a lower bound); retail labels are X1's synthetic buyer types; the score is age alone. It measures the rule's reach, not the group's customers. Before the lease-end waves the queue sat on cars just past the window, and returning customers were flagged below the baseline there too: the window is the upgrade rule (equity), not a fix for the score.",Context: X4 ledger prototype
x4_level_part_per_car,"X4 prototype: residual result from the market level's move, mean per returned fleet lease",1743,,,EUR per car,SYNTHETIC,ledger/x4_pnl_report.md level table,all >> per car,,2026-09-25,"Synthetic: the X4 ledger prototype. Fleet contracts and their start dates are X1's (synthetic); return dates are real (RDW's latest keeper change, which may be a trader's later resale rather than the lease return); the car's value is the part-3 mark (RDW catalogue price x the Dutch value-retained curve x the NL HICP second-hand-car index, held at its last month for later returns). It illustrates the ledger splitting a residual result into the market level and the car; not a group figure.",Context: X4 ledger prototype
x5_elast_ch_avg,"New-car own-price elasticity, average buyer (Switzerland)",-1.87,,,% sales per 1% price,SOURCED,"Bigler P. and Radulescu D., 'Environmental, Redistributive and Revenue Effects of Policies Promoting Fuel Efficient and Electric Vehicles', CESifo Working Paper 9645 (2022), text on PDF pp. 5 and 25",,https://www.uni-goettingen.de/de/document/download/afa340fae477aec9ccfdb3ef4548656a.pdf/cesifo1_wp9645.pdf,2017-2019,"Switzerland, not the EU: 23,074 households with a car newly registered in 2017-2019, mixed logit. A model-level elasticity: it counts buyers taken from other models, the group's sister brands included. With any sourced margin it fails the Lerner check (analysis/optimal_incentive_report.md), so use it for relative price sensitivity across buyers, not as a level.","Context: leak 1 (X5, the optimal incentive)"
x5_elast_ch_lowinc,"New-car own-price elasticity, lowest income quartile (Switzerland)",-2.18,,,% sales per 1% price,SOURCED,"Bigler P. and Radulescu D., 'Environmental, Redistributive and Revenue Effects of Policies Promoting Fuel Efficient and Electric Vehicles', CESifo Working Paper 9645 (2022), text on PDF pp. 5 and 25",,https://www.uni-goettingen.de/de/document/download/afa340fae477aec9ccfdb3ef4548656a.pdf/cesifo1_wp9645.pdf,2017-2019,"Switzerland, not the EU: 23,074 households with a car newly registered in 2017-2019, mixed logit. A model-level elasticity: it counts buyers taken from other models, the group's sister brands included. With any sourced margin it fails the Lerner check (analysis/optimal_incentive_report.md), so use it for relative price sensitivity across buyers, not as a level.","Context: leak 1 (X5, the optimal incentive)"
x5_elast_ch_highinc,"New-car own-price elasticity, highest income quartile (Switzerland)",-1.37,,,% sales per 1% price,SOURCED,"Bigler P. and Radulescu D., 'Environmental, Redistributive and Revenue Effects of Policies Promoting Fuel Efficient and Electric Vehicles', CESifo Working Paper 9645 (2022), text on PDF pp. 5 and 25",,https://www.uni-goettingen.de/de/document/download/afa340fae477aec9ccfdb3ef4548656a.pdf/cesifo1_wp9645.pdf,2017-2019,"Switzerland, not the EU: 23,074 households with a car newly registered in 2017-2019, mixed logit. A model-level elasticity: it counts buyers taken from other models, the group's sister brands included. With any sourced margin it fails the Lerner check (analysis/optimal_incentive_report.md), so use it for relative price sensitivity across buyers, not as a level.","Context: leak 1 (X5, the optimal incentive)"
x5_scrap_nontargeted,"Sales response to a market-wide scrappage subsidy, all cars (non-targeted schemes)",1.4,,,% sales per percentage point of price,SOURCED,"Leheyda N. and Verboven F., 'Scrapping Subsidies during the Financial Crisis - Evidence from Europe', ZEW Discussion Paper 13-079 (2013), p. 6 and Table 3 p. 21",,https://d.repec.org/n?u=RePEc:zbw:zewdip:13079&r=,2005-2011,"Nine European countries, monthly, 2005-2011, difference-in-differences. A market-wide, temporary subsidy, so it has no brand switching and sits below what one group's own incentive would move. The three months after a non-targeted scheme dip by only -0.034 per unit of incentive against +1.416 during it (Table 3). The published version (Grigolon, Leheyda and Verboven, IJIO 44, 2016) is not checked.","Context: leak 1 (X5, the optimal incentive)"
x5_scrap_targeted,"Sales response to a targeted scrappage subsidy, eligible cars",2.8,,,% sales per percentage point of price,SOURCED,"Leheyda N. and Verboven F., 'Scrapping Subsidies during the Financial Crisis - Evidence from Europe', ZEW Discussion Paper 13-079 (2013), p. 6 and Table 3 p. 21",,https://d.repec.org/n?u=RePEc:zbw:zewdip:13079&r=,2005-2011,"Nine European countries, monthly, 2005-2011, difference-in-differences. A market-wide, temporary subsidy, so it has no brand switching and sits below what one group's own incentive would move. The three months after a non-targeted scheme dip by only -0.034 per unit of incentive against +1.416 during it (Table 3). The published version (Grigolon, Leheyda and Verboven, IJIO 44, 2016) is not checked.","Context: leak 1 (X5, the optimal incentive)"
x5_markup_grv,"Price minus marginal cost, as a share of price: European average",26,,,% of price,SOURCED,"Grigolon L., Reynaert M. and Verboven F., 'Consumer valuation of fuel costs and tax policy: Evidence from the European car market', TSE Working Paper 17-836 (2017), p. 25; published in AEJ: Economic Policy 2018",,https://www.tse-fr.eu/sites/default/files/TSE/documents/doc/wp/2017/wp_tse_836.pdf,1998-2011,"Seven European countries, 1998-2011, implied by a BLP demand model with multi-product pricing (""on average around 26%""), so it is consistent with that model's own elasticities, which the text does not state. Older than the group, and a contribution margin, above the group's reported gross margin (pl_sale_margin_pct_list).","Context: leak 1 (X5, the optimal incentive)"
rebate_passthrough,Share of a customer rebate that reaches the buyer,70,70,90,%,SOURCED,"Busse, Silva-Risso & Zettelmeyer, $1,000 Cash Back, American Economic Review 2006",,https://www.aeaweb.org/articles?id=10.1257/aer.96.4.1253,2006,"US data. The value is the low end, as in dealer_passthrough_low. A customer rebate passes through at 70-90%, a dealer discount at 30-40%. Finance offers (subsidised rates through the captive) are not covered.","Context: leak 1 (X5, the optimal incentive)"
x5_group_share_eu,"Group brands' share of 2025 new-car registrations, EU + EFTA + UK",14.3,,,%,SOURCED,"ACEA, New car registrations: +1.8% in 2025, press release tables (December 2025), EU + EFTA + UK table p. 6",,https://www.acea.auto/files/Press_release_car_registrations_December_2025.pdf,2025,"Stellantis, 1,892,556 cars; 15.3% in the EU alone. Stellantis is a same-scale proxy for the anonymous group. Under a plain logit, a buyer leaving one model goes to a sister brand with about this chance; buyers switch more within a segment, so it is a lower bound on the share of extra sales taken from sister brands.","Context: leak 1 (X5, the optimal incentive)"
x5_pull_forward,Share of an incentive's extra sales only pulled forward from later months,10,0,50,%,ASSUMPTION,Our estimate,,,2026-09-26,"No study gives this share for a manufacturer's own incentive. The 2009 European schemes show little (Leheyda and Verboven 2013, Table 3: a small three-month dip; Böckers, Heimeshoff and Müller, DICE DP 56: a small contraction). France's 1990s schemes show a lot (Adda and Cooper, JPE 2000), with no share in the abstract. The value leans to the European 2009 evidence; 50 is a stress value.","Context: leak 1 (X5, the optimal incentive)"
x5_elast_ch_petrol_q1,"New-car own-price elasticity, petrol (gasoline) cars, income quartile 1 (Switzerland)",-2.376,,,% sales per 1% price,SOURCED,"Bigler P. and Radulescu D., 'Environmental, Redistributive and Revenue Effects of Policies Promoting Fuel Efficient and Electric Vehicles', CESifo Working Paper 9645 (2022), Appendix Table 14, PDF p. 47",,https://www.uni-goettingen.de/de/document/download/afa340fae477aec9ccfdb3ef4548656a.pdf/cesifo1_wp9645.pdf,2017-2019,"Switzerland, not the EU: households with a car newly registered in 2017-2019, mixed logit. Income quartiles of equal size (below 62.9, 62.9-93.67, 93.67-131.7, from 131.7 thousand francs); the four quartiles of each fuel average to that fuel's all-buyer figure in Table 5. A mean over the cars each group chose, so part of the gap is richer buyers choosing dearer cars. X5 uses only the ratio between quartiles, not the level (analysis/optimal_incentive_report.md).","Context: leak 1 (X5, the optimal incentive)"
x5_elast_ch_petrol_q2,"New-car own-price elasticity, petrol (gasoline) cars, income quartile 2 (Switzerland)",-2.087,,,% sales per 1% price,SOURCED,"Bigler P. and Radulescu D., 'Environmental, Redistributive and Revenue Effects of Policies Promoting Fuel Efficient and Electric Vehicles', CESifo Working Paper 9645 (2022), Appendix Table 14, PDF p. 47",,https://www.uni-goettingen.de/de/document/download/afa340fae477aec9ccfdb3ef4548656a.pdf/cesifo1_wp9645.pdf,2017-2019,"Switzerland, not the EU: households with a car newly registered in 2017-2019, mixed logit. Income quartiles of equal size (below 62.9, 62.9-93.67, 93.67-131.7, from 131.7 thousand francs); the four quartiles of each fuel average to that fuel's all-buyer figure in Table 5. A mean over the cars each group chose, so part of the gap is richer buyers choosing dearer cars. X5 uses only the ratio between quartiles, not the level (analysis/optimal_incentive_report.md).","Context: leak 1 (X5, the optimal incentive)"
x5_elast_ch_petrol_q3,"New-car own-price elasticity, petrol (gasoline) cars, income quartile 3 (Switzerland)",-1.862,,,% sales per 1% price,SOURCED,"Bigler P. and Radulescu D., 'Environmental, Redistributive and Revenue Effects of Policies Promoting Fuel Efficient and Electric Vehicles', CESifo Working Paper 9645 (2022), Appendix Table 14, PDF p. 47",,https://www.uni-goettingen.de/de/document/download/afa340fae477aec9ccfdb3ef4548656a.pdf/cesifo1_wp9645.pdf,2017-2019,"Switzerland, not the EU: households with a car newly registered in 2017-2019, mixed logit. Income quartiles of equal size (below 62.9, 62.9-93.67, 93.67-131.7, from 131.7 thousand francs); the four quartiles of each fuel average to that fuel's all-buyer figure in Table 5. A mean over the cars each group chose, so part of the gap is richer buyers choosing dearer cars. X5 uses only the ratio between quartiles, not the level (analysis/optimal_incentive_report.md).","Context: leak 1 (X5, the optimal incentive)"
x5_elast_ch_petrol_q4,"New-car own-price elasticity, petrol (gasoline) cars, income quartile 4 (Switzerland)",-1.26,,,% sales per 1% price,SOURCED,"Bigler P. and Radulescu D., 'Environmental, Redistributive and Revenue Effects of Policies Promoting Fuel Efficient and Electric Vehicles', CESifo Working Paper 9645 (2022), Appendix Table 14, PDF p. 47",,https://www.uni-goettingen.de/de/document/download/afa340fae477aec9ccfdb3ef4548656a.pdf/cesifo1_wp9645.pdf,2017-2019,"Switzerland, not the EU: households with a car newly registered in 2017-2019, mixed logit. Income quartiles of equal size (below 62.9, 62.9-93.67, 93.67-131.7, from 131.7 thousand francs); the four quartiles of each fuel average to that fuel's all-buyer figure in Table 5. A mean over the cars each group chose, so part of the gap is richer buyers choosing dearer cars. X5 uses only the ratio between quartiles, not the level (analysis/optimal_incentive_report.md).","Context: leak 1 (X5, the optimal incentive)"
x5_elast_ch_diesel_q1,"New-car own-price elasticity, diesel cars, income quartile 1 (Switzerland)",-2.117,,,% sales per 1% price,SOURCED,"Bigler P. and Radulescu D., 'Environmental, Redistributive and Revenue Effects of Policies Promoting Fuel Efficient and Electric Vehicles', CESifo Working Paper 9645 (2022), Appendix Table 14, PDF p. 47",,https://www.uni-goettingen.de/de/document/download/afa340fae477aec9ccfdb3ef4548656a.pdf/cesifo1_wp9645.pdf,2017-2019,"Switzerland, not the EU: households with a car newly registered in 2017-2019, mixed logit. Income quartiles of equal size (below 62.9, 62.9-93.67, 93.67-131.7, from 131.7 thousand francs); the four quartiles of each fuel average to that fuel's all-buyer figure in Table 5. A mean over the cars each group chose, so part of the gap is richer buyers choosing dearer cars. X5 uses only the ratio between quartiles, not the level (analysis/optimal_incentive_report.md).","Context: leak 1 (X5, the optimal incentive)"
x5_elast_ch_diesel_q2,"New-car own-price elasticity, diesel cars, income quartile 2 (Switzerland)",-2.051,,,% sales per 1% price,SOURCED,"Bigler P. and Radulescu D., 'Environmental, Redistributive and Revenue Effects of Policies Promoting Fuel Efficient and Electric Vehicles', CESifo Working Paper 9645 (2022), Appendix Table 14, PDF p. 47",,https://www.uni-goettingen.de/de/document/download/afa340fae477aec9ccfdb3ef4548656a.pdf/cesifo1_wp9645.pdf,2017-2019,"Switzerland, not the EU: households with a car newly registered in 2017-2019, mixed logit. Income quartiles of equal size (below 62.9, 62.9-93.67, 93.67-131.7, from 131.7 thousand francs); the four quartiles of each fuel average to that fuel's all-buyer figure in Table 5. A mean over the cars each group chose, so part of the gap is richer buyers choosing dearer cars. X5 uses only the ratio between quartiles, not the level (analysis/optimal_incentive_report.md).","Context: leak 1 (X5, the optimal incentive)"
x5_elast_ch_diesel_q3,"New-car own-price elasticity, diesel cars, income quartile 3 (Switzerland)",-1.93,,,% sales per 1% price,SOURCED,"Bigler P. and Radulescu D., 'Environmental, Redistributive and Revenue Effects of Policies Promoting Fuel Efficient and Electric Vehicles', CESifo Working Paper 9645 (2022), Appendix Table 14, PDF p. 47",,https://www.uni-goettingen.de/de/document/download/afa340fae477aec9ccfdb3ef4548656a.pdf/cesifo1_wp9645.pdf,2017-2019,"Switzerland, not the EU: households with a car newly registered in 2017-2019, mixed logit. Income quartiles of equal size (below 62.9, 62.9-93.67, 93.67-131.7, from 131.7 thousand francs); the four quartiles of each fuel average to that fuel's all-buyer figure in Table 5. A mean over the cars each group chose, so part of the gap is richer buyers choosing dearer cars. X5 uses only the ratio between quartiles, not the level (analysis/optimal_incentive_report.md).","Context: leak 1 (X5, the optimal incentive)"
x5_elast_ch_diesel_q4,"New-car own-price elasticity, diesel cars, income quartile 4 (Switzerland)",-1.373,,,% sales per 1% price,SOURCED,"Bigler P. and Radulescu D., 'Environmental, Redistributive and Revenue Effects of Policies Promoting Fuel Efficient and Electric Vehicles', CESifo Working Paper 9645 (2022), Appendix Table 14, PDF p. 47",,https://www.uni-goettingen.de/de/document/download/afa340fae477aec9ccfdb3ef4548656a.pdf/cesifo1_wp9645.pdf,2017-2019,"Switzerland, not the EU: households with a car newly registered in 2017-2019, mixed logit. Income quartiles of equal size (below 62.9, 62.9-93.67, 93.67-131.7, from 131.7 thousand francs); the four quartiles of each fuel average to that fuel's all-buyer figure in Table 5. A mean over the cars each group chose, so part of the gap is richer buyers choosing dearer cars. X5 uses only the ratio between quartiles, not the level (analysis/optimal_incentive_report.md).","Context: leak 1 (X5, the optimal incentive)"
x5_elast_ch_electric_q1,"New-car own-price elasticity, electric cars, income quartile 1 (Switzerland)",-1.397,,,% sales per 1% price,SOURCED,"Bigler P. and Radulescu D., 'Environmental, Redistributive and Revenue Effects of Policies Promoting Fuel Efficient and Electric Vehicles', CESifo Working Paper 9645 (2022), Appendix Table 14, PDF p. 47",,https://www.uni-goettingen.de/de/document/download/afa340fae477aec9ccfdb3ef4548656a.pdf/cesifo1_wp9645.pdf,2017-2019,"Switzerland, not the EU: households with a car newly registered in 2017-2019, mixed logit. Income quartiles of equal size (below 62.9, 62.9-93.67, 93.67-131.7, from 131.7 thousand francs); the four quartiles of each fuel average to that fuel's all-buyer figure in Table 5. A mean over the cars each group chose, so part of the gap is richer buyers choosing dearer cars. X5 uses only the ratio between quartiles, not the level (analysis/optimal_incentive_report.md).","Context: leak 1 (X5, the optimal incentive)"
x5_elast_ch_electric_q2,"New-car own-price elasticity, electric cars, income quartile 2 (Switzerland)",-1.665,,,% sales per 1% price,SOURCED,"Bigler P. and Radulescu D., 'Environmental, Redistributive and Revenue Effects of Policies Promoting Fuel Efficient and Electric Vehicles', CESifo Working Paper 9645 (2022), Appendix Table 14, PDF p. 47",,https://www.uni-goettingen.de/de/document/download/afa340fae477aec9ccfdb3ef4548656a.pdf/cesifo1_wp9645.pdf,2017-2019,"Switzerland, not the EU: households with a car newly registered in 2017-2019, mixed logit. Income quartiles of equal size (below 62.9, 62.9-93.67, 93.67-131.7, from 131.7 thousand francs); the four quartiles of each fuel average to that fuel's all-buyer figure in Table 5. A mean over the cars each group chose, so part of the gap is richer buyers choosing dearer cars. X5 uses only the ratio between quartiles, not the level (analysis/optimal_incentive_report.md).","Context: leak 1 (X5, the optimal incentive)"
x5_elast_ch_electric_q3,"New-car own-price elasticity, electric cars, income quartile 3 (Switzerland)",-2.018,,,% sales per 1% price,SOURCED,"Bigler P. and Radulescu D., 'Environmental, Redistributive and Revenue Effects of Policies Promoting Fuel Efficient and Electric Vehicles', CESifo Working Paper 9645 (2022), Appendix Table 14, PDF p. 47",,https://www.uni-goettingen.de/de/document/download/afa340fae477aec9ccfdb3ef4548656a.pdf/cesifo1_wp9645.pdf,2017-2019,"Switzerland, not the EU: households with a car newly registered in 2017-2019, mixed logit. Income quartiles of equal size (below 62.9, 62.9-93.67, 93.67-131.7, from 131.7 thousand francs); the four quartiles of each fuel average to that fuel's all-buyer figure in Table 5. A mean over the cars each group chose, so part of the gap is richer buyers choosing dearer cars. X5 uses only the ratio between quartiles, not the level (analysis/optimal_incentive_report.md).","Context: leak 1 (X5, the optimal incentive)"
x5_elast_ch_electric_q4,"New-car own-price elasticity, electric cars, income quartile 4 (Switzerland)",-1.874,,,% sales per 1% price,SOURCED,"Bigler P. and Radulescu D., 'Environmental, Redistributive and Revenue Effects of Policies Promoting Fuel Efficient and Electric Vehicles', CESifo Working Paper 9645 (2022), Appendix Table 14, PDF p. 47",,https://www.uni-goettingen.de/de/document/download/afa340fae477aec9ccfdb3ef4548656a.pdf/cesifo1_wp9645.pdf,2017-2019,"Switzerland, not the EU: households with a car newly registered in 2017-2019, mixed logit. Income quartiles of equal size (below 62.9, 62.9-93.67, 93.67-131.7, from 131.7 thousand francs); the four quartiles of each fuel average to that fuel's all-buyer figure in Table 5. A mean over the cars each group chose, so part of the gap is richer buyers choosing dearer cars. X5 uses only the ratio between quartiles, not the level (analysis/optimal_incentive_report.md).","Context: leak 1 (X5, the optimal incentive)"
x5_elast_ch_hybrid_q1,"New-car own-price elasticity, hybrid cars, income quartile 1 (Switzerland)",-1.796,,,% sales per 1% price,SOURCED,"Bigler P. and Radulescu D., 'Environmental, Redistributive and Revenue Effects of Policies Promoting Fuel Efficient and Electric Vehicles', CESifo Working Paper 9645 (2022), Appendix Table 14, PDF p. 47",,https://www.uni-goettingen.de/de/document/download/afa340fae477aec9ccfdb3ef4548656a.pdf/cesifo1_wp9645.pdf,2017-2019,"Switzerland, not the EU: households with a car newly registered in 2017-2019, mixed logit. Income quartiles of equal size (below 62.9, 62.9-93.67, 93.67-131.7, from 131.7 thousand francs); the four quartiles of each fuel average to that fuel's all-buyer figure in Table 5. A mean over the cars each group chose, so part of the gap is richer buyers choosing dearer cars. X5 uses only the ratio between quartiles, not the level (analysis/optimal_incentive_report.md).","Context: leak 1 (X5, the optimal incentive)"
x5_elast_ch_hybrid_q2,"New-car own-price elasticity, hybrid cars, income quartile 2 (Switzerland)",-1.844,,,% sales per 1% price,SOURCED,"Bigler P. and Radulescu D., 'Environmental, Redistributive and Revenue Effects of Policies Promoting Fuel Efficient and Electric Vehicles', CESifo Working Paper 9645 (2022), Appendix Table 14, PDF p. 47",,https://www.uni-goettingen.de/de/document/download/afa340fae477aec9ccfdb3ef4548656a.pdf/cesifo1_wp9645.pdf,2017-2019,"Switzerland, not the EU: households with a car newly registered in 2017-2019, mixed logit. Income quartiles of equal size (below 62.9, 62.9-93.67, 93.67-131.7, from 131.7 thousand francs); the four quartiles of each fuel average to that fuel's all-buyer figure in Table 5. A mean over the cars each group chose, so part of the gap is richer buyers choosing dearer cars. X5 uses only the ratio between quartiles, not the level (analysis/optimal_incentive_report.md).","Context: leak 1 (X5, the optimal incentive)"
x5_elast_ch_hybrid_q3,"New-car own-price elasticity, hybrid cars, income quartile 3 (Switzerland)",-1.901,,,% sales per 1% price,SOURCED,"Bigler P. and Radulescu D., 'Environmental, Redistributive and Revenue Effects of Policies Promoting Fuel Efficient and Electric Vehicles', CESifo Working Paper 9645 (2022), Appendix Table 14, PDF p. 47",,https://www.uni-goettingen.de/de/document/download/afa340fae477aec9ccfdb3ef4548656a.pdf/cesifo1_wp9645.pdf,2017-2019,"Switzerland, not the EU: households with a car newly registered in 2017-2019, mixed logit. Income quartiles of equal size (below 62.9, 62.9-93.67, 93.67-131.7, from 131.7 thousand francs); the four quartiles of each fuel average to that fuel's all-buyer figure in Table 5. A mean over the cars each group chose, so part of the gap is richer buyers choosing dearer cars. X5 uses only the ratio between quartiles, not the level (analysis/optimal_incentive_report.md).","Context: leak 1 (X5, the optimal incentive)"
x5_elast_ch_hybrid_q4,"New-car own-price elasticity, hybrid cars, income quartile 4 (Switzerland)",-1.668,,,% sales per 1% price,SOURCED,"Bigler P. and Radulescu D., 'Environmental, Redistributive and Revenue Effects of Policies Promoting Fuel Efficient and Electric Vehicles', CESifo Working Paper 9645 (2022), Appendix Table 14, PDF p. 47",,https://www.uni-goettingen.de/de/document/download/afa340fae477aec9ccfdb3ef4548656a.pdf/cesifo1_wp9645.pdf,2017-2019,"Switzerland, not the EU: households with a car newly registered in 2017-2019, mixed logit. Income quartiles of equal size (below 62.9, 62.9-93.67, 93.67-131.7, from 131.7 thousand francs); the four quartiles of each fuel average to that fuel's all-buyer figure in Table 5. A mean over the cars each group chose, so part of the gap is richer buyers choosing dearer cars. X5 uses only the ratio between quartiles, not the level (analysis/optimal_incentive_report.md).","Context: leak 1 (X5, the optimal incentive)"
x5_acea25_bev,"New cars registered in 2025, battery electric, EU + EFTA + UK",2585187,,,cars,SOURCED,"ACEA, New car registrations: +1.8% in 2025, press release tables (December 2025), registrations by power source, EU + EFTA + UK, p. 4",,https://www.acea.auto/files/Press_release_car_registrations_December_2025.pdf,2025,"January-December 2025. ACEA's hybrid electric count includes mild hybrids, which are close to petrol cars; X5 brackets that by counting them as hybrids and as petrol. 'Others' (352,937: gas, ethanol, fuel cell) is left out.","Context: leak 1 (X5, the optimal incentive)"
x5_acea25_phev,"New cars registered in 2025, plug-in hybrid, EU + EFTA + UK",1272901,,,cars,SOURCED,"ACEA, New car registrations: +1.8% in 2025, press release tables (December 2025), registrations by power source, EU + EFTA + UK, p. 4",,https://www.acea.auto/files/Press_release_car_registrations_December_2025.pdf,2025,"January-December 2025. ACEA's hybrid electric count includes mild hybrids, which are close to petrol cars; X5 brackets that by counting them as hybrids and as petrol. 'Others' (352,937: gas, ethanol, fuel cell) is left out.","Context: leak 1 (X5, the optimal incentive)"
x5_acea25_hev,"New cars registered in 2025, hybrid electric (full and mild), EU + EFTA + UK",4566850,,,cars,SOURCED,"ACEA, New car registrations: +1.8% in 2025, press release tables (December 2025), registrations by power source, EU + EFTA + UK, p. 4",,https://www.acea.auto/files/Press_release_car_registrations_December_2025.pdf,2025,"January-December 2025. ACEA's hybrid electric count includes mild hybrids, which are close to petrol cars; X5 brackets that by counting them as hybrids and as petrol. 'Others' (352,937: gas, ethanol, fuel cell) is left out.","Context: leak 1 (X5, the optimal incentive)"
x5_acea25_petrol,"New cars registered in 2025, petrol, EU + EFTA + UK",3467041,,,cars,SOURCED,"ACEA, New car registrations: +1.8% in 2025, press release tables (December 2025), registrations by power source, EU + EFTA + UK, p. 4",,https://www.acea.auto/files/Press_release_car_registrations_December_2025.pdf,2025,"January-December 2025. ACEA's hybrid electric count includes mild hybrids, which are close to petrol cars; X5 brackets that by counting them as hybrids and as petrol. 'Others' (352,937: gas, ethanol, fuel cell) is left out.","Context: leak 1 (X5, the optimal incentive)"
x5_acea25_diesel,"New cars registered in 2025, diesel, EU + EFTA + UK",1026354,,,cars,SOURCED,"ACEA, New car registrations: +1.8% in 2025, press release tables (December 2025), registrations by power source, EU + EFTA + UK, p. 4",,https://www.acea.auto/files/Press_release_car_registrations_December_2025.pdf,2025,"January-December 2025. ACEA's hybrid electric count includes mild hybrids, which are close to petrol cars; X5 brackets that by counting them as hybrids and as petrol. 'Others' (352,937: gas, ethanol, fuel cell) is left out.","Context: leak 1 (X5, the optimal incentive)"
x5_targeting_gain_central,"Profit from giving each income quartile its own incentive, central case",0.1109,,,% of revenue,MEASURED,analysis/optimal_incentive_report.md,central >> gain (% of revenue),,2026-09-26,"Targeting on income alone, with income known exactly: Swiss income-quartile elasticity ratios (2017-2019) by fuel, weighted by the 2025 EU + EFTA + UK fuel mix, the 26% European margin, and the anchor that today's uniform incentive is the best uniform one. So the level of spend is not measured; only a randomised holdout can. Replaces targeting_leak_pct in leak 1 (26 September); the level of spend is a named line with no number, for the pilot's randomised holdout.",Leak 1
x5_targeting_gain_low,"The same, lowest case of the one-at-a-time table",0.0523,,,% of revenue,MEASURED,analysis/optimal_incentive_report.md,"range, low >> gain (% of revenue)",,2026-09-26,"Pull-forward at 50%. Targeting on income alone, with income known exactly: Swiss income-quartile elasticity ratios (2017-2019) by fuel, weighted by the 2025 EU + EFTA + UK fuel mix, the 26% European margin, and the anchor that today's uniform incentive is the best uniform one. So the level of spend is not measured; only a randomised holdout can. Replaces targeting_leak_pct in leak 1 (26 September); the level of spend is a named line with no number, for the pilot's randomised holdout.",Leak 1
x5_targeting_gain_high,"The same, highest case of the one-at-a-time table",0.2057,,,% of revenue,MEASURED,analysis/optimal_incentive_report.md,"range, high >> gain (% of revenue)",,2026-09-26,"All hybrid-electric cars, mild hybrids included, counted as petrol. Targeting on income alone, with income known exactly: Swiss income-quartile elasticity ratios (2017-2019) by fuel, weighted by the 2025 EU + EFTA + UK fuel mix, the 26% European margin, and the anchor that today's uniform incentive is the best uniform one. So the level of spend is not measured; only a randomised holdout can. Replaces targeting_leak_pct in leak 1 (26 September); the level of spend is a named line with no number, for the pilot's randomised holdout.",Leak 1
x5_targeting_gain_pct_spend,The central case as a share of today's incentive spend,1.4,,,% of incentive spend,MEASURED,analysis/optimal_incentive_report.md,central >> gain (% of today's incentive spend),,2026-09-26,"Comparable with targeting_leak_pct (an ASSUMPTION of 10%). Divides by pl_incentive_pct_list, itself an ASSUMPTION. Targeting on income alone, with income known exactly: Swiss income-quartile elasticity ratios (2017-2019) by fuel, weighted by the 2025 EU + EFTA + UK fuel mix, the 26% European margin, and the anchor that today's uniform incentive is the best uniform one. So the level of spend is not measured; only a randomised holdout can. Not in the workbook: moving it there changes the headline and waits for the user (X5 part 5).","Context: leak 1 (X5, the optimal incentive)"
x5_type_saving_low,"Spend saved per euro of dealer discount by a customer rebate with the same effect on the buyer's price, low end",42.9,,,%,MEASURED,analysis/optimal_incentive_report.md,"customer rebate instead of dealer discount, low >> saving per euro of dealer discount (%)",,2026-09-26,"US pass-through data (Busse et al.): dealer discounts 30-40%, customer rebates 70-90%. An upper bound on the saving: what a dealer keeps may buy selling effort, which this doesn't value.","Context: leak 1 (X5, the optimal incentive)"
x5_type_saving_high,"The same, high end",66.7,,,%,MEASURED,analysis/optimal_incentive_report.md,"customer rebate instead of dealer discount, high >> saving per euro of dealer discount (%)",,2026-09-26,"US pass-through data (Busse et al.). An upper bound, as for x5_type_saving_low.","Context: leak 1 (X5, the optimal incentive)"
ecb_deposit_rate,ECB deposit facility rate,2.50,,,% a year,SOURCED,"European Central Bank, key ECB interest rates table, row with effect from 16 September 2026",,https://www.ecb.europa.eu/stats/policy_and_exchange_rates/key_ecb_interest_rates/html/index.en.html,2026-09-16,"An overnight rate, used to discount a level-risk charge set aside over a 36- or 48-month contract. A three- or four-year rate would fit the term better; the charge moves little with it (X6 part 2).","Context: leak 3 (X6, pricing the level)"
x6_el_share_core_36m_median,"Market-level expected loss on a 36-month residual, core markets",3.61,,,% of residual,MEASURED,analysis/level_charge_report.md,"group car, 36 months, median >> expected shortfall (% of residual)",,2026-09-26,"Expected loss from the market level only, on Eurostat HICP used-car indices for the group's core markets (FR IT DE ES PL NL PT), 2016-12 to 2025-12, residual assumed right on average (the median move). Rests on two to five effective independent windows, one decade including the 2021-22 shortage, and retail rather than auction prices. No capital cost (X6 part 3).","Context: leak 3 (X6, pricing the level)"
x6_el_share_core_48m_median,"Market-level expected loss on a 48-month residual, core markets",4.49,,,% of residual,MEASURED,analysis/level_charge_report.md,"group car, 48 months, median >> expected shortfall (% of residual)",,2026-09-26,"Expected loss from the market level only, on Eurostat HICP used-car indices for the group's core markets (FR IT DE ES PL NL PT), 2016-12 to 2025-12, residual assumed right on average (the median move). Rests on two to five effective independent windows, one decade including the 2021-22 shortage, and retail rather than auction prices. No capital cost (X6 part 3).","Context: leak 3 (X6, pricing the level)"
x6_loss_contract_group_48m,"Market-level expected loss per 48-month contract, group car",614,,,EUR per contract,MEASURED,analysis/level_charge_report.md,"group car, 48 months, median >> expected loss per contract (EUR)",,2026-09-26,"Expected loss from the market level only, on Eurostat HICP used-car indices for the group's core markets (FR IT DE ES PL NL PT), 2016-12 to 2025-12, residual assumed right on average (the median move). Rests on two to five effective independent windows, one decade including the 2021-22 shortage, and retail rather than auction prices. No capital cost (X6 part 3). Group car: Enlarged Europe net revenue per vehicle as the price (a scale, not a list price), UK value retained at the term (retained_3y_uk, retained_4y_uk).","Context: leak 3 (X6, pricing the level)"
x6_charge_month_group_48m,"Market-level charge per month, 48-month contract, group car",12.19,,,EUR per month,MEASURED,analysis/level_charge_report.md,"group car, 48 months, median >> per month at the ECB rate (EUR)",,2026-09-26,"Expected loss from the market level only, on Eurostat HICP used-car indices for the group's core markets (FR IT DE ES PL NL PT), 2016-12 to 2025-12, residual assumed right on average (the median move). Rests on two to five effective independent windows, one decade including the 2021-22 shortage, and retail rather than auction prices. No capital cost (X6 part 3). Group car: Enlarged Europe net revenue per vehicle as the price (a scale, not a list price), UK value retained at the term (retained_3y_uk, retained_4y_uk). Set aside at ecb_deposit_rate.","Context: leak 3 (X6, pricing the level)"
x6_charge_month_group_36m,"Market-level charge per month, 36-month contract, group car",14.81,,,EUR per month,MEASURED,analysis/level_charge_report.md,"group car, 36 months, median >> per month at the ECB rate (EUR)",,2026-09-26,"Expected loss from the market level only, on Eurostat HICP used-car indices for the group's core markets (FR IT DE ES PL NL PT), 2016-12 to 2025-12, residual assumed right on average (the median move). Rests on two to five effective independent windows, one decade including the 2021-22 shortage, and retail rather than auction prices. No capital cost (X6 part 3). Group car: Enlarged Europe net revenue per vehicle as the price (a scale, not a list price), UK value retained at the term (retained_3y_uk, retained_4y_uk). Set aside at ecb_deposit_rate.","Context: leak 3 (X6, pricing the level)"
x6_charge_month_group_48m_nochange,The same with the residual set at today's level,4.61,,,EUR per month,MEASURED,analysis/level_charge_report.md,"group car, 48 months, no change >> per month at the ECB rate (EUR)",,2026-09-26,"The level rose over the window, so a residual set at today's level carried a cushion: this shows the decade's drift, not a lower risk. Expected loss from the market level only, on Eurostat HICP used-car indices for the group's core markets (FR IT DE ES PL NL PT), 2016-12 to 2025-12, residual at today's level. Rests on two to five effective independent windows, one decade including the 2021-22 shortage, and retail rather than auction prices. No capital cost (X6 part 3). Group car: Enlarged Europe net revenue per vehicle as the price (a scale, not a list price), UK value retained at the term (retained_3y_uk, retained_4y_uk).","Context: leak 3 (X6, pricing the level)"
x6_worst_tenth_group_48m,"Average market-level loss per 48-month contract in the worst tenth of windows, group car",2534,,,EUR per contract,MEASURED,analysis/level_charge_report.md,"group car, 48 months, median >> worst tenth per contract (EUR)",,2026-09-26,"A tail measure, not a charge. Expected loss from the market level only, on Eurostat HICP used-car indices for the group's core markets (FR IT DE ES PL NL PT), 2016-12 to 2025-12, residual assumed right on average (the median move). Rests on two to five effective independent windows, one decade including the 2021-22 shortage, and retail rather than auction prices. No capital cost (X6 part 3). Group car: Enlarged Europe net revenue per vehicle as the price (a scale, not a list price), UK value retained at the term (retained_3y_uk, retained_4y_uk).","Context: leak 3 (X6, pricing the level)"
x6_charge_month_corsa_48m,"Market-level charge per month, 48-month contract, the sample Corsa",6.29,,,EUR per month,MEASURED,analysis/level_charge_report.md,"Corsa, 48 months, median >> per month at the ECB rate (EUR)",,2026-09-26,"Expected loss from the market level only, on Eurostat HICP used-car indices for the group's core markets (FR IT DE ES PL NL PT), 2016-12 to 2025-12, residual assumed right on average (the median move). Rests on two to five effective independent windows, one decade including the 2021-22 shortage, and retail rather than auction prices. No capital cost (X6 part 3). The solution doc's sample car: new_car_price_eur (entry trim) x retained_4y_uk.","Context: leak 3 (X6, pricing the level)"
crr_total_capital_ratio,Minimum total own funds ratio for a bank,8,,,% of risk-weighted exposure,SOURCED,"Regulation (EU) No 575/2013 (CRR), Article 92(1)(c), via the EBA interactive single rulebook",,https://www.eba.europa.eu/regulation-and-policy/single-rulebook/interactive-single-rulebook/16057,2013,"The Pillar 1 minimum. Banks hold more: buffers (crd_conservation_buffer), Pillar 2 and management margins.","Context: leak 3 (X6, pricing the level)"
crd_conservation_buffer,Capital conservation buffer,2.5,,,% of risk-weighted exposure,SOURCED,"Directive 2013/36/EU (CRD), Article 129, via the EBA interactive single rulebook",,https://www.eba.europa.eu/regulation-and-policy/single-rulebook/interactive-single-rulebook/101341,2013,"Common Equity Tier 1 on top of the Article 92 minimum. Other buffers (countercyclical, systemic) vary by bank and country and are left out.","Context: leak 3 (X6, pricing the level)"
crr_residual_rwea_rule,"Risk-weighted amount of a leased asset's residual: (1/t) x 100% x residual, t = max(1, whole years left)",,,,text,SOURCED,"CRR Article 134(7), as quoted and interpreted in EBA Q&A 2014_1241",,https://www.eba.europa.eu/single-rule-book-qa/qna/view/publicId/2014_1241,2014,"The residual is the undiscounted estimate at the lease end, reassessed periodically. Standardised approach; CRR3 changes not checked. It applies to a bank's leases, not to the manufacturer's own buy-back book.","Context: leak 3 (X6, pricing the level)"
eba_bank_coe,"European banks' estimated cost of equity, most common bracket",10,10,12,% a year,SOURCED,"EBA Risk Assessment Questionnaire, Autumn 2024, Question 4 (p. 8)",,https://www.eba.europa.eu/sites/default/files/2024-11/76fd734f-e7fb-48ec-b833-f1d788350082/RAQ%20Booklet%20graphs%20Autumn%202024.pdf,2024-09,Share of banks: 10-12%: 38%; 12% or more: 28%; 8-10%: 25%. The value is the bracket's low end. A captive's own hurdle rate is not published.,"Context: leak 3 (X6, pricing the level)"
gh_rv_premium_low,"Modelled fair residual-value insurance premium, low end",1.6,,,% of insured value,SOURCED,"Goldberg G. M. and Hegde S. P., 'Residual Value Risk and Insurance: Evidence from the Consumer Automobile Industry', EFMA 2009 annual meeting paper 64, abstract (PDF p. 2)",,https://www.efmaefm.org/0efmameetings/efma%20annual%20meetings/2009-Milan/papers/64.pdf,1990-2006,"US data: a Black-Scholes put on wholesale prices of three models, 1990-2006, two- to five-year policies. A model's fair premium, not a market quote. The same abstract finds realised losses of 7-12% from inflated residuals, which 'would have imposed huge underwriting losses on residual value insurers'.","Context: leak 3 (X6, pricing the level)"
gh_rv_premium_high,"Modelled fair residual-value insurance premium, high end",2.5,,,% of insured value,SOURCED,"Goldberg G. M. and Hegde S. P., 'Residual Value Risk and Insurance: Evidence from the Consumer Automobile Industry', EFMA 2009 annual meeting paper 64, abstract (PDF p. 2)",,https://www.efmaefm.org/0efmameetings/efma%20annual%20meetings/2009-Milan/papers/64.pdf,1990-2006,"US data: a Black-Scholes put on wholesale prices of three models, 1990-2006, two- to five-year policies. A model's fair premium, not a market quote. The same abstract finds realised losses of 7-12% from inflated residuals, which 'would have imposed huge underwriting losses on residual value insurers'.","Context: leak 3 (X6, pricing the level)"
sp_eu_rv_haircut_bbb,"S&P initial haircut to base residuals, typical European auto ABS, BBB",17.0,,,% of base residual,SOURCED,"S&P Global Ratings, Global Auto ABS Methodology And Assumptions, 31 March 2022, Table 5 (initial haircuts to base residuals), case 2, 'the typical European auto ABS'",,https://www.maalot.co.il/Publications/MT20220405091436.PDF,2022-03-31,"A rating-agency stress on the base residual, before pool-specific adjustments; not a probability. Case 2 has no third-party residual forecaster. Case 1, the typical US lease deal, is lower (AAA 26%, BBB 13%).","Context: leak 3 (X6, pricing the level)"
sp_eu_rv_haircut_aaa,"S&P initial haircut to base residuals, typical European auto ABS, AAA",34.0,,,% of base residual,SOURCED,"S&P Global Ratings, Global Auto ABS Methodology And Assumptions, 31 March 2022, Table 5 (initial haircuts to base residuals), case 2, 'the typical European auto ABS'",,https://www.maalot.co.il/Publications/MT20220405091436.PDF,2022-03-31,"A rating-agency stress on the base residual, before pool-specific adjustments; not a probability. Case 2 has no third-party residual forecaster. Case 1, the typical US lease deal, is lower (AAA 26%, BBB 13%).","Context: leak 3 (X6, pricing the level)"
dbrs_sfse_rv_loss_aa,"DBRS residual-value loss estimate, the group's Spanish ABS, AA",26.9,,,% of residual,SOURCED,"Morningstar DBRS, rating action of 22 April 2025 on Auto ABS Spanish Loans 2022-1 FT (originator Stellantis Financial Services Espana)",,https://dbrs.morningstar.com/research/452120,2025-04-22,"The group's own Spanish balloon-loan securitisation: DBRS's residual-value loss estimate under its rating stress. One deal, one market, loans with balloon rather than leases.","Context: leak 3 (X6, pricing the level)"
dbrs_sfse_rv_loss_bbbh,"DBRS residual-value loss estimate, the group's Spanish ABS, BBB (high)",15.3,,,% of residual,SOURCED,"Morningstar DBRS, rating action of 22 April 2025 on Auto ABS Spanish Loans 2022-1 FT (originator Stellantis Financial Services Espana)",,https://dbrs.morningstar.com/research/452120,2025-04-22,"The group's own Spanish balloon-loan securitisation: DBRS's residual-value loss estimate under its rating stress. One deal, one market, loans with balloon rather than leases.","Context: leak 3 (X6, pricing the level)"
x6_capital_contract_group_48m,"Capital cost of holding the level risk, 48-month contract, group car",258,,,EUR per contract,MEASURED,analysis/level_charge_report.md,"group car, 48 months >> capital cost (EUR)",,2026-09-26,"Group car, 48-month bank lease: expected loss from the market level (core markets, residual right on average) plus the capital CRR 134(7) ties to the residual, at the 8% minimum plus the 2.5% conservation buffer, charged at the EBA survey's 10% cost of equity net of the ECB deposit rate. Not for the manufacturer's own buy-back book, which sits outside bank capital rules. Same data caveats as x6_loss_contract_group_48m.","Context: leak 3 (X6, pricing the level)"
x6_price_contract_group_48m,"Price to hold the level risk (expected loss plus capital), 48-month contract, group car",873,,,EUR per contract,MEASURED,analysis/level_charge_report.md,"group car, 48 months >> price to hold it (EUR)",,2026-09-26,"Group car, 48-month bank lease: expected loss from the market level (core markets, residual right on average) plus the capital CRR 134(7) ties to the residual, at the 8% minimum plus the 2.5% conservation buffer, charged at the EBA survey's 10% cost of equity net of the ECB deposit rate. Not for the manufacturer's own buy-back book, which sits outside bank capital rules. Same data caveats as x6_loss_contract_group_48m.","Context: leak 3 (X6, pricing the level)"
x6_price_share_group_48m,The same as a share of the residual,6.38,,,% of residual,MEASURED,analysis/level_charge_report.md,"group car, 48 months >> price (% of residual)",,2026-09-26,"Group car, 48-month bank lease: expected loss from the market level (core markets, residual right on average) plus the capital CRR 134(7) ties to the residual, at the 8% minimum plus the 2.5% conservation buffer, charged at the EBA survey's 10% cost of equity net of the ECB deposit rate. Not for the manufacturer's own buy-back book, which sits outside bank capital rules. Same data caveats as x6_loss_contract_group_48m.","Context: leak 3 (X6, pricing the level)"
buyback_assets_2024_eur_m,"Assets sold with a buy-back commitment, 2024",1938,,,EUR m,SOURCED,"Stellantis Form 20-F FY2025 consolidated statement of financial position, 2024 comparative",,https://www.sec.gov/Archives/edgar/data/1605484/000160548426000021/stellantis-20251231.htm,2024-12-31,Year-end balance; the year's average book is not disclosed.,"Context: leak 3 (X6, pricing the level)"
x6_oos_coverage_36m,"Share of realised level shortfalls a charge set from past data would have covered, 36-month contracts",0.99,,,ratio,MEASURED,analysis/level_charge_report.md,"36 months, out of sample >> coverage over all vintages",,2026-09-26,"Out-of-sample back-test of the median-strike charge: each contract's charge set from its own market's windows that had already ended (at least 24), residual at that history's median move. Charge collected over shortfall realised, all start years. Until 2014 the test is France alone; later start years add the other core markets and return into the 2021-22 shortage, which flatters the total.","Context: leak 3 (X6, pricing the level)"
x6_oos_coverage_48m,"Share of realised level shortfalls a charge set from past data would have covered, 48-month contracts",0.63,,,ratio,MEASURED,analysis/level_charge_report.md,"48 months, out of sample >> coverage over all vintages",,2026-09-26,"Out-of-sample back-test of the median-strike charge: each contract's charge set from its own market's windows that had already ended (at least 24), residual at that history's median move. Charge collected over shortfall realised, all start years. Until 2014 the test is France alone; later start years add the other core markets and return into the 2021-22 shortage, which flatters the total.","Context: leak 3 (X6, pricing the level)"
x6_charge_cold_36m,"Market-level expected loss, 36-month contracts started with the level below its 3-year average (bottom tercile)",10.7,,,% of residual,MEASURED,analysis/level_charge_report.md,"36 months, cold >> expected shortfall (% of residual)",,2026-09-26,"All 26 EU markets' full Eurostat HICP used-car histories (France from 1996), pooled; the shortfall of a residual set at the pooled median move. The gap is the log level against its average over the previous 36 months at the contract's start; terciles of the gap. Few independent episodes, overlapping windows, and the 2021-22 reversal only partly observed.","Context: leak 3 (X6, pricing the level)"
x6_charge_middle_36m,"The same, middle tercile",1.59,,,% of residual,MEASURED,analysis/level_charge_report.md,"36 months, middle >> expected shortfall (% of residual)",,2026-09-26,"All 26 EU markets' full Eurostat HICP used-car histories (France from 1996), pooled; the shortfall of a residual set at the pooled median move. The gap is the log level against its average over the previous 36 months at the contract's start; terciles of the gap. Few independent episodes, overlapping windows, and the 2021-22 reversal only partly observed.","Context: leak 3 (X6, pricing the level)"
x6_charge_cold_48m,"Market-level expected loss, 48-month contracts started with the level below its 3-year average (bottom tercile)",15.03,,,% of residual,MEASURED,analysis/level_charge_report.md,"48 months, cold >> expected shortfall (% of residual)",,2026-09-26,"All 26 EU markets' full Eurostat HICP used-car histories (France from 1996), pooled; the shortfall of a residual set at the pooled median move. The gap is the log level against its average over the previous 36 months at the contract's start; terciles of the gap. Few independent episodes, overlapping windows, and the 2021-22 reversal only partly observed.","Context: leak 3 (X6, pricing the level)"
x6_charge_middle_48m,"The same, middle tercile",2.3,,,% of residual,MEASURED,analysis/level_charge_report.md,"48 months, middle >> expected shortfall (% of residual)",,2026-09-26,"All 26 EU markets' full Eurostat HICP used-car histories (France from 1996), pooled; the shortfall of a residual set at the pooled median move. The gap is the log level against its average over the previous 36 months at the contract's start; terciles of the gap. Few independent episodes, overlapping windows, and the 2021-22 reversal only partly observed.","Context: leak 3 (X6, pricing the level)"
x6_state_error_saved_36m,"Error saved by a charge that moves with the level, markets left out, 36 months",31.9,,,%,MEASURED,analysis/level_charge_report.md,"36 months >> error saved by the moving charge, left-out markets (%)",,2026-09-26,"All 26 EU markets' full Eurostat HICP used-car histories (France from 1996), pooled; the shortfall of a residual set at the pooled median move. The gap is the log level against its average over the previous 36 months at the contract's start; terciles of the gap. Few independent episodes, overlapping windows, and the 2021-22 reversal only partly observed.","Context: leak 3 (X6, pricing the level)"
x6_state_error_saved_48m,"The same, 48 months",50.2,,,%,MEASURED,analysis/level_charge_report.md,"48 months >> error saved by the moving charge, left-out markets (%)",,2026-09-26,"All 26 EU markets' full Eurostat HICP used-car histories (France from 1996), pooled; the shortfall of a residual set at the pooled median move. The gap is the log level against its average over the previous 36 months at the contract's start; terciles of the gap. Few independent episodes, overlapping windows, and the 2021-22 reversal only partly observed.","Context: leak 3 (X6, pricing the level)"
x6_state_peak_36m,The same for 36-month contracts started in 2021-22 (negative: the moving charge did worse),-3.7,,,%,MEASURED,analysis/level_charge_report.md,"36 months >> the same, contracts started 2021-22 (%)",,2026-09-26,"All 26 EU markets' full Eurostat HICP used-car histories (France from 1996), pooled; the shortfall of a residual set at the pooled median move. The gap is the log level against its average over the previous 36 months at the contract's start; terciles of the gap. Few independent episodes, overlapping windows, and the 2021-22 reversal only partly observed.","Context: leak 3 (X6, pricing the level)"
ald_car_proceeds_2018,"ALD proceeds of cars sold, 2018",2814.3,,,EUR m,SOURCED,"ALD Universal Registration Document 2019, note 8c Car sales result (2018 comparative)",,https://dl.bourse.lu/dl?v=6Ny2mVkXyTm5znSIowf6r/PiW/epL4vfYZIFMqEQcyySNJd+LmbUp30l1h8ZEPC8d4XW9HHTAgO7B9D6HB/gjN1PicQ+W/QbjTq7RJQPcAtxw3598y+WiCha5SEzlfQP4Yc/AVCQ+vb4iRW+0O+vZ0cU7+I8PdEAxkBf9Z+BikrB3gI28NtxcaGDW3uf4hCF7VSqWLGiUVQA+o21bHEca3sjzqLXaLEuPTddPUwQ49apWON4xZJYFwyeDN8ciHqf,2018-12-31,"ALD before the LeasePlan merger: the margin over book is its realised resale result against the depreciated residual set at contract start, which mixes the market level with the car's condition, mix, remarketing costs and policy (contract extensions, provisions).",Context: X7 part 3 (a professional's residual error)
ald_car_cost_2018,"ALD cost of cars sold (written-down value plus disposal costs), 2018",2711.9,,,EUR m,SOURCED,"ALD Universal Registration Document 2019, note 8c Car sales result (2018 comparative)",,https://dl.bourse.lu/dl?v=6Ny2mVkXyTm5znSIowf6r/PiW/epL4vfYZIFMqEQcyySNJd+LmbUp30l1h8ZEPC8d4XW9HHTAgO7B9D6HB/gjN1PicQ+W/QbjTq7RJQPcAtxw3598y+WiCha5SEzlfQP4Yc/AVCQ+vb4iRW+0O+vZ0cU7+I8PdEAxkBf9Z+BikrB3gI28NtxcaGDW3uf4hCF7VSqWLGiUVQA+o21bHEca3sjzqLXaLEuPTddPUwQ49apWON4xZJYFwyeDN8ciHqf,2018-12-31,"ALD before the LeasePlan merger: the margin over book is its realised resale result against the depreciated residual set at contract start, which mixes the market level with the car's condition, mix, remarketing costs and policy (contract extensions, provisions).",Context: X7 part 3 (a professional's residual error)
ald_ucs_per_unit_2018,"ALD used car sales result per unit, 2018",362,,,EUR per car,SOURCED,"ALD Universal Registration Document 2019, management report (2018 comparative)",,https://dl.bourse.lu/dl?v=6Ny2mVkXyTm5znSIowf6r/PiW/epL4vfYZIFMqEQcyySNJd+LmbUp30l1h8ZEPC8d4XW9HHTAgO7B9D6HB/gjN1PicQ+W/QbjTq7RJQPcAtxw3598y+WiCha5SEzlfQP4Yc/AVCQ+vb4iRW+0O+vZ0cU7+I8PdEAxkBf9Z+BikrB3gI28NtxcaGDW3uf4hCF7VSqWLGiUVQA+o21bHEca3sjzqLXaLEuPTddPUwQ49apWON4xZJYFwyeDN8ciHqf,2018-12-31,Used to reconcile the per-car figure with proceeds less cost and the cars sold.,Context: X7 part 3 (a professional's residual error)
ald_used_cars_sold_k_2018,"ALD used cars sold, 2018",283,,,thousand cars,SOURCED,"ALD Universal Registration Document 2019, management report (2018 comparative)",,https://dl.bourse.lu/dl?v=6Ny2mVkXyTm5znSIowf6r/PiW/epL4vfYZIFMqEQcyySNJd+LmbUp30l1h8ZEPC8d4XW9HHTAgO7B9D6HB/gjN1PicQ+W/QbjTq7RJQPcAtxw3598y+WiCha5SEzlfQP4Yc/AVCQ+vb4iRW+0O+vZ0cU7+I8PdEAxkBf9Z+BikrB3gI28NtxcaGDW3uf4hCF7VSqWLGiUVQA+o21bHEca3sjzqLXaLEuPTddPUwQ49apWON4xZJYFwyeDN8ciHqf,2018-12-31,Used to reconcile the per-car figure.,Context: X7 part 3 (a professional's residual error)
ald_car_proceeds_2019,"ALD proceeds of cars sold, 2019",3097.4,,,EUR m,SOURCED,"ALD Universal Registration Document 2019, note 8c Car sales result",,https://dl.bourse.lu/dl?v=6Ny2mVkXyTm5znSIowf6r/PiW/epL4vfYZIFMqEQcyySNJd+LmbUp30l1h8ZEPC8d4XW9HHTAgO7B9D6HB/gjN1PicQ+W/QbjTq7RJQPcAtxw3598y+WiCha5SEzlfQP4Yc/AVCQ+vb4iRW+0O+vZ0cU7+I8PdEAxkBf9Z+BikrB3gI28NtxcaGDW3uf4hCF7VSqWLGiUVQA+o21bHEca3sjzqLXaLEuPTddPUwQ49apWON4xZJYFwyeDN8ciHqf,2019-12-31,"ALD before the LeasePlan merger: the margin over book is its realised resale result against the depreciated residual set at contract start, which mixes the market level with the car's condition, mix, remarketing costs and policy (contract extensions, provisions).",Context: X7 part 3 (a professional's residual error)
ald_car_cost_2019,"ALD cost of cars sold (written-down value plus disposal costs), 2019",3022.4,,,EUR m,SOURCED,"ALD Universal Registration Document 2019, note 8c Car sales result",,https://dl.bourse.lu/dl?v=6Ny2mVkXyTm5znSIowf6r/PiW/epL4vfYZIFMqEQcyySNJd+LmbUp30l1h8ZEPC8d4XW9HHTAgO7B9D6HB/gjN1PicQ+W/QbjTq7RJQPcAtxw3598y+WiCha5SEzlfQP4Yc/AVCQ+vb4iRW+0O+vZ0cU7+I8PdEAxkBf9Z+BikrB3gI28NtxcaGDW3uf4hCF7VSqWLGiUVQA+o21bHEca3sjzqLXaLEuPTddPUwQ49apWON4xZJYFwyeDN8ciHqf,2019-12-31,"ALD before the LeasePlan merger: the margin over book is its realised resale result against the depreciated residual set at contract start, which mixes the market level with the car's condition, mix, remarketing costs and policy (contract extensions, provisions).",Context: X7 part 3 (a professional's residual error)
ald_ucs_per_unit_2019,"ALD used car sales result per unit, 2019",254,,,EUR per car,SOURCED,"ALD Universal Registration Document 2019, management report",,https://dl.bourse.lu/dl?v=6Ny2mVkXyTm5znSIowf6r/PiW/epL4vfYZIFMqEQcyySNJd+LmbUp30l1h8ZEPC8d4XW9HHTAgO7B9D6HB/gjN1PicQ+W/QbjTq7RJQPcAtxw3598y+WiCha5SEzlfQP4Yc/AVCQ+vb4iRW+0O+vZ0cU7+I8PdEAxkBf9Z+BikrB3gI28NtxcaGDW3uf4hCF7VSqWLGiUVQA+o21bHEca3sjzqLXaLEuPTddPUwQ49apWON4xZJYFwyeDN8ciHqf,2019-12-31,Used to reconcile the per-car figure with proceeds less cost and the cars sold.,Context: X7 part 3 (a professional's residual error)
ald_used_cars_sold_k_2019,"ALD used cars sold, 2019",296,,,thousand cars,SOURCED,"ALD Universal Registration Document 2019, management report",,https://dl.bourse.lu/dl?v=6Ny2mVkXyTm5znSIowf6r/PiW/epL4vfYZIFMqEQcyySNJd+LmbUp30l1h8ZEPC8d4XW9HHTAgO7B9D6HB/gjN1PicQ+W/QbjTq7RJQPcAtxw3598y+WiCha5SEzlfQP4Yc/AVCQ+vb4iRW+0O+vZ0cU7+I8PdEAxkBf9Z+BikrB3gI28NtxcaGDW3uf4hCF7VSqWLGiUVQA+o21bHEca3sjzqLXaLEuPTddPUwQ49apWON4xZJYFwyeDN8ciHqf,2019-12-31,Used to reconcile the per-car figure.,Context: X7 part 3 (a professional's residual error)
ald_car_proceeds_2020,"ALD proceeds of cars sold, 2020",3378.3,,,EUR m,SOURCED,"ALD Universal Registration Document 2021, note 8c Car sales result (2020 comparative)",,https://www.ayvens.com/-/media/ayvens/public/cp/files/leaseplan-documents-and-publication-archives/acquisition-documents/2021-universal-registration-document--pdf.pdf,2020-12-31,"ALD before the LeasePlan merger: the margin over book is its realised resale result against the depreciated residual set at contract start, which mixes the market level with the car's condition, mix, remarketing costs and policy (contract extensions, provisions).",Context: X7 part 3 (a professional's residual error)
ald_car_cost_2020,"ALD cost of cars sold (written-down value plus disposal costs), 2020",3317.1,,,EUR m,SOURCED,"ALD Universal Registration Document 2021, note 8c Car sales result (2020 comparative)",,https://www.ayvens.com/-/media/ayvens/public/cp/files/leaseplan-documents-and-publication-archives/acquisition-documents/2021-universal-registration-document--pdf.pdf,2020-12-31,"ALD before the LeasePlan merger: the margin over book is its realised resale result against the depreciated residual set at contract start, which mixes the market level with the car's condition, mix, remarketing costs and policy (contract extensions, provisions).",Context: X7 part 3 (a professional's residual error)
ald_ucs_per_unit_2020,"ALD used car sales result per unit, 2020",201,,,EUR per car,SOURCED,"ALD Universal Registration Document 2020, management report",,https://www.ayvens.com/-/media/ayvens/public/cp/files/events/annual-shareholders-meetings/assemblee-generale-mixte-2021/universal-registration-document-en.pdf,2020-12-31,Used to reconcile the per-car figure with proceeds less cost and the cars sold.,Context: X7 part 3 (a professional's residual error)
ald_car_proceeds_2021,"ALD proceeds of cars sold, 2021",3863.7,,,EUR m,SOURCED,"ALD Universal Registration Document 2021, note 8c Car sales result",,https://www.ayvens.com/-/media/ayvens/public/cp/files/leaseplan-documents-and-publication-archives/acquisition-documents/2021-universal-registration-document--pdf.pdf,2021-12-31,"ALD before the LeasePlan merger: the margin over book is its realised resale result against the depreciated residual set at contract start, which mixes the market level with the car's condition, mix, remarketing costs and policy (contract extensions, provisions).",Context: X7 part 3 (a professional's residual error)
ald_car_cost_2021,"ALD cost of cars sold (written-down value plus disposal costs), 2021",3426.0,,,EUR m,SOURCED,"ALD Universal Registration Document 2021, note 8c Car sales result",,https://www.ayvens.com/-/media/ayvens/public/cp/files/leaseplan-documents-and-publication-archives/acquisition-documents/2021-universal-registration-document--pdf.pdf,2021-12-31,"ALD before the LeasePlan merger: the margin over book is its realised resale result against the depreciated residual set at contract start, which mixes the market level with the car's condition, mix, remarketing costs and policy (contract extensions, provisions).",Context: X7 part 3 (a professional's residual error)
ald_ucs_per_unit_2021,"ALD used car sales result per unit, 2021",1422,,,EUR per car,SOURCED,"ALD Universal Registration Document 2021, management report",,https://www.ayvens.com/-/media/ayvens/public/cp/files/leaseplan-documents-and-publication-archives/acquisition-documents/2021-universal-registration-document--pdf.pdf,2021-12-31,Used to reconcile the per-car figure with proceeds less cost and the cars sold.,Context: X7 part 3 (a professional's residual error)
ald_used_cars_sold_k_2021,"ALD used cars sold, 2021",308,,,thousand cars,SOURCED,"ALD Universal Registration Document 2021, management report",,https://www.ayvens.com/-/media/ayvens/public/cp/files/leaseplan-documents-and-publication-archives/acquisition-documents/2021-universal-registration-document--pdf.pdf,2021-12-31,Used to reconcile the per-car figure.,Context: X7 part 3 (a professional's residual error)
ald_car_proceeds_2022,"ALD proceeds of cars sold, 2022",3953.6,,,EUR m,SOURCED,"ALD Universal Registration Document 2022, note 9c Car sales result",,https://www.ayvens.com/-/media/ayvens/public/cp/files/newsroom-download-centre/pdfs-newco/sustainability/universal-registration-document/ald2022_urd_en_mel.pdf,2022-12-31,"ALD before the LeasePlan merger: the margin over book is its realised resale result against the depreciated residual set at contract start, which mixes the market level with the car's condition, mix, remarketing costs and policy (contract extensions, provisions).",Context: X7 part 3 (a professional's residual error)
ald_car_cost_2022,"ALD cost of cars sold (written-down value plus disposal costs), 2022",3205.9,,,EUR m,SOURCED,"ALD Universal Registration Document 2022, note 9c Car sales result",,https://www.ayvens.com/-/media/ayvens/public/cp/files/newsroom-download-centre/pdfs-newco/sustainability/universal-registration-document/ald2022_urd_en_mel.pdf,2022-12-31,"ALD before the LeasePlan merger: the margin over book is its realised resale result against the depreciated residual set at contract start, which mixes the market level with the car's condition, mix, remarketing costs and policy (contract extensions, provisions).",Context: X7 part 3 (a professional's residual error)
ald_ucs_per_unit_2022,"ALD used car sales result per unit, 2022",2846,,,EUR per car,SOURCED,"ALD Universal Registration Document 2022, management report",,https://www.ayvens.com/-/media/ayvens/public/cp/files/newsroom-download-centre/pdfs-newco/sustainability/universal-registration-document/ald2022_urd_en_mel.pdf,2022-12-31,Used to reconcile the per-car figure with proceeds less cost and the cars sold. 2022: after the reduction in depreciation costs booked in earlier quarters.,Context: X7 part 3 (a professional's residual error)
ald_used_cars_sold_k_2022,"ALD used cars sold, 2022",263,,,thousand cars,SOURCED,"ALD Universal Registration Document 2022, management report",,https://www.ayvens.com/-/media/ayvens/public/cp/files/newsroom-download-centre/pdfs-newco/sustainability/universal-registration-document/ald2022_urd_en_mel.pdf,2022-12-31,Used to reconcile the per-car figure.,Context: X7 part 3 (a professional's residual error)
ayvens_car_proceeds_2023,"Ayvens proceeds of cars sold, 2023",6458.8,,,EUR m,SOURCED,"Ayvens Universal Registration Document 2024, consolidated income statement (2023 restated)",,https://www.ayvens.com/-/media/ayvens/public/cp/files/events/annual-shareholders-meetings/assemblee-generale-2025/2024_ayvens_urd_en_mel_250411.pdf,2023-12-31,"Ayvens after the LeasePlan merger (May 2023): LeasePlan cars were revalued to market at acquisition and depreciation was cut in 2022-23 and reversed in 2024-25, so the margin is not a residual forecast error. Information only.",Context: X7 part 3 (a professional's residual error)
ayvens_car_cost_2023,"Ayvens cost of cars sold (written-down value plus disposal costs), 2023",5380.3,,,EUR m,SOURCED,"Ayvens Universal Registration Document 2024, consolidated income statement (2023 restated)",,https://www.ayvens.com/-/media/ayvens/public/cp/files/events/annual-shareholders-meetings/assemblee-generale-2025/2024_ayvens_urd_en_mel_250411.pdf,2023-12-31,"Ayvens after the LeasePlan merger (May 2023): LeasePlan cars were revalued to market at acquisition and depreciation was cut in 2022-23 and reversed in 2024-25, so the margin is not a residual forecast error. Information only. Restated in the 2024 document: EUR 748.6m moved out of cost of cars sold.",Context: X7 part 3 (a professional's residual error)
ayvens_ucs_per_unit_2023,"Ayvens used car sales result per unit before depreciation adjustments, 2023",2401,,,EUR per car,SOURCED,"Ayvens Universal Registration Document 2024, section 2 financial results (2023 comparative)",,https://www.ayvens.com/-/media/ayvens/public/cp/files/events/annual-shareholders-meetings/assemblee-generale-2025/2024_ayvens_urd_en_mel_250411.pdf,2023-12-31,Used to reconcile the per-car figure with proceeds less cost and the cars sold.,Context: X7 part 3 (a professional's residual error)
ayvens_used_cars_sold_k_2023,"Ayvens used cars sold, 2023",449,,,thousand cars,SOURCED,"Ayvens Universal Registration Document 2024, section 2 financial results (2023 comparative)",,https://www.ayvens.com/-/media/ayvens/public/cp/files/events/annual-shareholders-meetings/assemblee-generale-2025/2024_ayvens_urd_en_mel_250411.pdf,2023-12-31,Used to reconcile the per-car figure.,Context: X7 part 3 (a professional's residual error)
ayvens_car_proceeds_2024,"Ayvens proceeds of cars sold, 2024",8883.3,,,EUR m,SOURCED,"Ayvens Universal Registration Document 2025, note 8c Car sales result (2024 comparative)",,https://www.ayvens.com/-/media/ayvens/public/cp/files/regulated-information/2-annual-financial-reports-registration-documents-ammendments/2026/ayvens2025_urd_2025_en_mel_26_04_09.pdf,2024-12-31,"Ayvens after the LeasePlan merger (May 2023): LeasePlan cars were revalued to market at acquisition and depreciation was cut in 2022-23 and reversed in 2024-25, so the margin is not a residual forecast error. Information only.",Context: X7 part 3 (a professional's residual error)
ayvens_car_cost_2024,"Ayvens cost of cars sold (written-down value plus disposal costs), 2024",7975.4,,,EUR m,SOURCED,"Ayvens Universal Registration Document 2025, note 8c Car sales result (2024 comparative)",,https://www.ayvens.com/-/media/ayvens/public/cp/files/regulated-information/2-annual-financial-reports-registration-documents-ammendments/2026/ayvens2025_urd_2025_en_mel_26_04_09.pdf,2024-12-31,"Ayvens after the LeasePlan merger (May 2023): LeasePlan cars were revalued to market at acquisition and depreciation was cut in 2022-23 and reversed in 2024-25, so the margin is not a residual forecast error. Information only.",Context: X7 part 3 (a professional's residual error)
ayvens_ucs_per_unit_2024,"Ayvens used car sales result per unit before depreciation adjustments, 2024",1455,,,EUR per car,SOURCED,"Ayvens Universal Registration Document 2024, section 2 financial results",,https://www.ayvens.com/-/media/ayvens/public/cp/files/events/annual-shareholders-meetings/assemblee-generale-2025/2024_ayvens_urd_en_mel_250411.pdf,2024-12-31,Used to reconcile the per-car figure with proceeds less cost and the cars sold.,Context: X7 part 3 (a professional's residual error)
ayvens_used_cars_sold_k_2024,"Ayvens used cars sold, 2024",624,,,thousand cars,SOURCED,"Ayvens Universal Registration Document 2024, section 2 financial results",,https://www.ayvens.com/-/media/ayvens/public/cp/files/events/annual-shareholders-meetings/assemblee-generale-2025/2024_ayvens_urd_en_mel_250411.pdf,2024-12-31,Used to reconcile the per-car figure.,Context: X7 part 3 (a professional's residual error)
ayvens_car_proceeds_2025,"Ayvens proceeds of cars sold, 2025",8690.3,,,EUR m,SOURCED,"Ayvens Universal Registration Document 2025, note 8c Car sales result",,https://www.ayvens.com/-/media/ayvens/public/cp/files/regulated-information/2-annual-financial-reports-registration-documents-ammendments/2026/ayvens2025_urd_2025_en_mel_26_04_09.pdf,2025-12-31,"Ayvens after the LeasePlan merger (May 2023): LeasePlan cars were revalued to market at acquisition and depreciation was cut in 2022-23 and reversed in 2024-25, so the margin is not a residual forecast error. Information only.",Context: X7 part 3 (a professional's residual error)
ayvens_car_cost_2025,"Ayvens cost of cars sold (written-down value plus disposal costs), 2025",8062.2,,,EUR m,SOURCED,"Ayvens Universal Registration Document 2025, note 8c Car sales result",,https://www.ayvens.com/-/media/ayvens/public/cp/files/regulated-information/2-annual-financial-reports-registration-documents-ammendments/2026/ayvens2025_urd_2025_en_mel_26_04_09.pdf,2025-12-31,"Ayvens after the LeasePlan merger (May 2023): LeasePlan cars were revalued to market at acquisition and depreciation was cut in 2022-23 and reversed in 2024-25, so the margin is not a residual forecast error. Information only.",Context: X7 part 3 (a professional's residual error)
ayvens_ucs_per_unit_2025,"Ayvens used car sales result per unit before depreciation adjustments, 2025",1075,,,EUR per car,SOURCED,"Ayvens Universal Registration Document 2025, section 2.1.3.1 financial performance",,https://www.ayvens.com/-/media/ayvens/public/cp/files/regulated-information/2-annual-financial-reports-registration-documents-ammendments/2026/ayvens2025_urd_2025_en_mel_26_04_09.pdf,2025-12-31,Used to reconcile the per-car figure with proceeds less cost and the cars sold.,Context: X7 part 3 (a professional's residual error)
ayvens_used_cars_sold_k_2025,"Ayvens used cars sold, 2025",584,,,thousand cars,SOURCED,"Ayvens Universal Registration Document 2025, section 2.1.3.1 financial performance",,https://www.ayvens.com/-/media/ayvens/public/cp/files/regulated-information/2-annual-financial-reports-registration-documents-ammendments/2026/ayvens2025_urd_2025_en_mel_26_04_09.pdf,2025-12-31,Used to reconcile the per-car figure.,Context: X7 part 3 (a professional's residual error)
ald_ucs_per_unit_ex_depr_2022,"ALD used car sales result per unit had it booked no reduction in depreciation costs, 2022",3269,,,EUR per car,SOURCED,"ALD Universal Registration Document 2022, management report",,https://www.ayvens.com/-/media/ayvens/public/cp/files/newsroom-download-centre/pdfs-newco/sustainability/universal-registration-document/ald2022_urd_en_mel.pdf,2022-12-31,"ALD cut depreciation in 2022 for cars expected to sell above book, moving part of the resale gain into the leasing margin; this per-car figure undoes that, so the 2022 margin is measured against the original residual.",Context: X7 part 3 (a professional's residual error)
autoscout24_fr_avg_price_2021_pct,"AutoScout24 France barometer: average used-car price change, December 2020 to December 2021",13.0,,,%,SOURCED,"Caradisiac, 6 January 2022, citing the AutoScout24 barometer",,https://www.caradisiac.com/le-prix-moyen-des-voitures-d-occasion-a-grimpe-de-13-193921.htm,2021-12-31,"The average asking price of all used cars advertised on AutoScout24 France: not constant age or mix, so a shift towards dearer cars inflates it. Used only to show that France's official used-car index (CP07112) missed the 2021 rise.",Context: X7 part 3 (France's official index)
x7_best_ratio_3m,"Lowest RMSE ratio against no change, 3 months ahead, 26 EU markets (damped trend)",0.873,,,ratio,MEASURED,analysis/level_long_report.md,"26 markets, 3 months >> its RMSE ratio",,2026-09-26,"Beats no change at 5% (DM-HLN): short-run momentum. Eurostat HICP used-car index (CP07112), 26 EU markets' full monthly histories (France from 1996, most from 2014-16); rolling origin, expanding window, each market weighted equally; reproduces part 1 (level_forecast_report.md) cell for cell. Retail, constant-age index prices, not the auction prices a lessor gets: a lessor's and a guide's prices moved more than the index (x7_ald_slope_*, x7_caphpi_slope_36m). Overlapping windows; from 36 months few independent ones, so not beating no change means not detectably better (x7_power_*).",Context: X7 (can anyone forecast the level)
x7_best_ratio_12m,"Lowest RMSE ratio against no change, 12 months ahead, 26 EU markets (damped trend)",0.941,,,ratio,MEASURED,analysis/level_long_report.md,"26 markets, 12 months >> its RMSE ratio",,2026-09-26,"Not significant (x7_best_p_12m). Eurostat HICP used-car index (CP07112), 26 EU markets' full monthly histories (France from 1996, most from 2014-16); rolling origin, expanding window, each market weighted equally; reproduces part 1 (level_forecast_report.md) cell for cell. Retail, constant-age index prices, not the auction prices a lessor gets: a lessor's and a guide's prices moved more than the index (x7_ald_slope_*, x7_caphpi_slope_36m). Overlapping windows; from 36 months few independent ones, so not beating no change means not detectably better (x7_power_*).",Context: X7 (can anyone forecast the level)
x7_best_p_12m,"Its DM-HLN p-value, two-sided",0.109,,,p,MEASURED,analysis/level_long_report.md,"26 markets, 12 months >> its DM-HLN p",,2026-09-26,"Eurostat HICP used-car index (CP07112), 26 EU markets' full monthly histories (France from 1996, most from 2014-16); rolling origin, expanding window, each market weighted equally; reproduces part 1 (level_forecast_report.md) cell for cell. Retail, constant-age index prices, not the auction prices a lessor gets: a lessor's and a guide's prices moved more than the index (x7_ald_slope_*, x7_caphpi_slope_36m). Overlapping windows; from 36 months few independent ones, so not beating no change means not detectably better (x7_power_*).",Context: X7 (can anyone forecast the level)
x7_realterms_ratio_48m,"Real terms (2% a year): RMSE ratio against no change, 48 months ahead, 26 EU markets",0.863,,,ratio,MEASURED,analysis/level_long_report.md,"26 markets, 48 months >> real terms RMSE ratio",,2026-09-26,"Real terms is no change after inflation: the level grows at the ECB's 2% target, fixed in advance; the same figures as part 2a (level_indicators_report.md). The lowest error from 36 months on, not significant, and a larger expected shortfall: the costlier strike for pricing (X6). Eurostat HICP used-car index (CP07112), 26 EU markets' full monthly histories (France from 1996, most from 2014-16); rolling origin, expanding window, each market weighted equally; reproduces part 1 (level_forecast_report.md) cell for cell. Retail, constant-age index prices, not the auction prices a lessor gets: a lessor's and a guide's prices moved more than the index (x7_ald_slope_*, x7_caphpi_slope_36m). Overlapping windows; from 36 months few independent ones, so not beating no change means not detectably better (x7_power_*).",Context: X7 (can anyone forecast the level)
x7_realterms_p_48m,"Its DM-HLN p-value, two-sided",0.500,,,p,MEASURED,analysis/level_long_report.md,"26 markets, 48 months >> real terms DM-HLN p",,2026-09-26,"Real terms is no change after inflation: the level grows at the ECB's 2% target, fixed in advance; the same figures as part 2a (level_indicators_report.md). The lowest error from 36 months on, not significant, and a larger expected shortfall: the costlier strike for pricing (X6). Eurostat HICP used-car index (CP07112), 26 EU markets' full monthly histories (France from 1996, most from 2014-16); rolling origin, expanding window, each market weighted equally; reproduces part 1 (level_forecast_report.md) cell for cell. Retail, constant-age index prices, not the auction prices a lessor gets: a lessor's and a guide's prices moved more than the index (x7_ald_slope_*, x7_caphpi_slope_36m). Overlapping windows; from 36 months few independent ones, so not beating no change means not detectably better (x7_power_*).",Context: X7 (can anyone forecast the level)
x7_realterms_down_48m,"Its downside ratio: expected shortfall against no change's, 48 months",2.051,,,ratio,MEASURED,analysis/level_long_report.md,"26 markets, 48 months >> real terms downside ratio",,2026-09-26,"Real terms is no change after inflation: the level grows at the ECB's 2% target, fixed in advance; the same figures as part 2a (level_indicators_report.md). The lowest error from 36 months on, not significant, and a larger expected shortfall: the costlier strike for pricing (X6). Eurostat HICP used-car index (CP07112), 26 EU markets' full monthly histories (France from 1996, most from 2014-16); rolling origin, expanding window, each market weighted equally; reproduces part 1 (level_forecast_report.md) cell for cell. Retail, constant-age index prices, not the auction prices a lessor gets: a lessor's and a guide's prices moved more than the index (x7_ald_slope_*, x7_caphpi_slope_36m). Overlapping windows; from 36 months few independent ones, so not beating no change means not detectably better (x7_power_*).",Context: X7 (can anyone forecast the level)
x7_nofr_best_ratio_12m,"Without France: lowest RMSE ratio against no change, 12 months ahead, 25 EU markets",0.941,,,ratio,MEASURED,analysis/level_long_report.md,"25 markets, no France, 12 months >> its RMSE ratio",,2026-09-26,"Part 1's back-test without France, whose official index (INSEE: Argus guide values, smoothed since 2018) barely moves. The verdicts are unchanged at every horizon. Eurostat HICP used-car index (CP07112), 26 EU markets' full monthly histories (France from 1996, most from 2014-16); rolling origin, expanding window, each market weighted equally; reproduces part 1 (level_forecast_report.md) cell for cell. Retail, constant-age index prices, not the auction prices a lessor gets: a lessor's and a guide's prices moved more than the index (x7_ald_slope_*, x7_caphpi_slope_36m). Overlapping windows; from 36 months few independent ones, so not beating no change means not detectably better (x7_power_*).",Context: X7 (can anyone forecast the level)
x7_nofr_best_p_12m,"Its DM-HLN p-value, two-sided",0.109,,,p,MEASURED,analysis/level_long_report.md,"25 markets, no France, 12 months >> its DM-HLN p",,2026-09-26,"Part 1's back-test without France, whose official index (INSEE: Argus guide values, smoothed since 2018) barely moves. The verdicts are unchanged at every horizon. Eurostat HICP used-car index (CP07112), 26 EU markets' full monthly histories (France from 1996, most from 2014-16); rolling origin, expanding window, each market weighted equally; reproduces part 1 (level_forecast_report.md) cell for cell. Retail, constant-age index prices, not the auction prices a lessor gets: a lessor's and a guide's prices moved more than the index (x7_ald_slope_*, x7_caphpi_slope_36m). Overlapping windows; from 36 months few independent ones, so not beating no change means not detectably better (x7_power_*).",Context: X7 (can anyone forecast the level)
x7_uk_best_ratio_12m,"UK, 1988-2026: lowest RMSE ratio against no change, 12 months ahead",1.054,,,ratio,MEASURED,analysis/level_long_report.md,"UK, ONS, 1988 on, 12 months >> its RMSE ratio",,2026-09-26,"ONS CPI second-hand cars (D7E9), 1988-2026, UK: retail prices from a trade guide for 35 models aged 1-3 to January 2024, Auto Trader listings from February 2024 (not revised). Part 1's models; the lowest ratio is above 1, so every model did worse than no change. One series, not a panel.",Context: X7 (can anyone forecast the level)
x7_uk_best_ratio_48m,"UK, 1988-2026: lowest RMSE ratio against no change, 48 months ahead",1.028,,,ratio,MEASURED,analysis/level_long_report.md,"UK, ONS, 1988 on, 48 months >> its RMSE ratio",,2026-09-26,"ONS CPI second-hand cars (D7E9), 1988-2026, UK: retail prices from a trade guide for 35 models aged 1-3 to January 2024, Auto Trader listings from February 2024 (not revised). Part 1's models; the lowest ratio is above 1, so every model did worse than no change. One series, not a panel.",Context: X7 (can anyone forecast the level)
x7_us1953_realterms_ratio_48m,"US, 1953-2026 (US data): real terms' RMSE ratio against no change, 48 months",0.841,,,ratio,MEASURED,analysis/level_long_report.md,"US, 1953 on (US data), 48 months >> real terms RMSE ratio",,2026-09-26,"US data: US CPI used cars and trucks (BLS, seasonally adjusted; J.D. Power valuation prices, cars aged 2-7). From 1953 real terms beats no change significantly from 12 months on, but BLS did not adjust used-car prices for quality from 1952 to 1987 (Pashigian, BLS working paper 338, 2001), and from 1987 the gain vanishes. No 2% target existed for most of the history.",Context: X7 (can anyone forecast the level)
x7_us1953_realterms_p_48m,"Its DM-HLN p-value, two-sided",0.031,,,p,MEASURED,analysis/level_long_report.md,"US, 1953 on (US data), 48 months >> real terms DM-HLN p",,2026-09-26,"US data: US CPI used cars and trucks (BLS, seasonally adjusted; J.D. Power valuation prices, cars aged 2-7). From 1953 real terms beats no change significantly from 12 months on, but BLS did not adjust used-car prices for quality from 1952 to 1987 (Pashigian, BLS working paper 338, 2001), and from 1987 the gain vanishes. No 2% target existed for most of the history.",Context: X7 (can anyone forecast the level)
x7_us1987_realterms_ratio_48m,"US, 1987-2026 (US data, quality-adjusted years): real terms' RMSE ratio, 48 months",0.976,,,ratio,MEASURED,analysis/level_long_report.md,"US, 1987 on (US data), 48 months >> real terms RMSE ratio",,2026-09-26,"US data: US CPI used cars and trucks (BLS, seasonally adjusted; J.D. Power valuation prices, cars aged 2-7). From 1953 real terms beats no change significantly from 12 months on, but BLS did not adjust used-car prices for quality from 1952 to 1987 (Pashigian, BLS working paper 338, 2001), and from 1987 the gain vanishes. No 2% target existed for most of the history.",Context: X7 (can anyone forecast the level)
x7_us1987_realterms_p_48m,"Its DM-HLN p-value, two-sided",0.872,,,p,MEASURED,analysis/level_long_report.md,"US, 1987 on (US data), 48 months >> real terms DM-HLN p",,2026-09-26,"US data: US CPI used cars and trucks (BLS, seasonally adjusted; J.D. Power valuation prices, cars aged 2-7). From 1953 real terms beats no change significantly from 12 months on, but BLS did not adjust used-car prices for quality from 1952 to 1987 (Pashigian, BLS working paper 338, 2001), and from 1987 the gain vanishes. No 2% target existed for most of the history.",Context: X7 (can anyone forecast the level)
x7_power_48m_panel_market,"Chance of detecting a forecaster truly 10% better than no change at 48 months, one market of typical EU panel length",4,,,%,MEASURED,analysis/level_long_report.md,"a typical panel market (median length), 0.90 >> detected at 48 months",,2026-09-26,"A simulation, not data: a random walk plus a mean-reverting part (half-life 24 months), sized so an oracle with no estimation error is 10% better than no change at 48 months (RMSE ratio 0.90); the share of 200 worlds in which DM-HLN detects it at 5%. An upper bound for any real forecaster, for one shape of skill.",Context: X7 (can anyone forecast the level)
x7_power_48m_uk,The same at the UK's history length (1988-2026),22,,,%,MEASURED,analysis/level_long_report.md,"UK, ONS, 1988 on, 0.90 >> detected at 48 months",,2026-09-26,"A simulation, not data: a random walk plus a mean-reverting part (half-life 24 months), sized so an oracle with no estimation error is 10% better than no change at 48 months (RMSE ratio 0.90); the share of 200 worlds in which DM-HLN detects it at 5%. An upper bound for any real forecaster, for one shape of skill.",Context: X7 (can anyone forecast the level)
x7_power_48m_us1953,The same at the US history length (1953-2026),38,,,%,MEASURED,analysis/level_long_report.md,"US, 1953 on (US data), 0.90 >> detected at 48 months",,2026-09-26,"A simulation, not data: a random walk plus a mean-reverting part (half-life 24 months), sized so an oracle with no estimation error is 10% better than no change at 48 months (RMSE ratio 0.90); the share of 200 worlds in which DM-HLN detects it at 5%. An upper bound for any real forecaster, for one shape of skill.",Context: X7 (can anyone forecast the level)
x7_caphpi_rmse_36m,"cap hpi's own 36-month new-car forecast misses: RMSE, 23 quarterly results falling due 2021-2026 (UK)",29.3,,,pp,MEASURED,analysis/level_guide_report.md,"36 months, all windows >> cap hpi RMSE (pp)",,2026-09-26,"cap hpi's gold book forecasts for new cars against its own black book values when due, as printed in 23 quarterly editions of its new-car Future car market overview (March 2021 to September 2026), beside no change on the ONS index over the same months; UK. cap hpi's miss includes the curve (a car's value at 36 months and 60,000 miles, or 12 and 20,000) and its truth is a guide value, not sale prices. Overlapping windows over one cycle: descriptive, not a test.",Context: X7 (can anyone forecast the level)
x7_caphpi_nochange_rmse_36m,No change on the ONS index over the same 36-month windows: RMSE,15.6,,,pp,MEASURED,analysis/level_guide_report.md,"36 months, all windows >> no change RMSE (pp)",,2026-09-26,"cap hpi's gold book forecasts for new cars against its own black book values when due, as printed in 23 quarterly editions of its new-car Future car market overview (March 2021 to September 2026), beside no change on the ONS index over the same months; UK. cap hpi's miss includes the curve (a car's value at 36 months and 60,000 miles, or 12 and 20,000) and its truth is a guide value, not sale prices. Overlapping windows over one cycle: descriptive, not a test.",Context: X7 (can anyone forecast the level)
x7_caphpi_rmse_12m,"cap hpi's own 12-month new-car forecast misses: RMSE, 23 quarterly results (UK)",16.9,,,pp,MEASURED,analysis/level_guide_report.md,"12 months, all windows >> cap hpi RMSE (pp)",,2026-09-26,"cap hpi's gold book forecasts for new cars against its own black book values when due, as printed in 23 quarterly editions of its new-car Future car market overview (March 2021 to September 2026), beside no change on the ONS index over the same months; UK. cap hpi's miss includes the curve (a car's value at 36 months and 60,000 miles, or 12 and 20,000) and its truth is a guide value, not sale prices. Overlapping windows over one cycle: descriptive, not a test.",Context: X7 (can anyone forecast the level)
x7_caphpi_nochange_rmse_12m,No change on the ONS index over the same 12-month windows: RMSE,9.4,,,pp,MEASURED,analysis/level_guide_report.md,"12 months, all windows >> no change RMSE (pp)",,2026-09-26,"cap hpi's gold book forecasts for new cars against its own black book values when due, as printed in 23 quarterly editions of its new-car Future car market overview (March 2021 to September 2026), beside no change on the ONS index over the same months; UK. cap hpi's miss includes the curve (a car's value at 36 months and 60,000 miles, or 12 and 20,000) and its truth is a guide value, not sale prices. Overlapping windows over one cycle: descriptive, not a test.",Context: X7 (can anyone forecast the level)
x7_caphpi_closer_rose_36m,"36-month windows in which cap hpi's miss was smaller than no change's, of those in which the level rose",0,,,windows,MEASURED,analysis/level_guide_report.md,"36 months, level rose >> windows cap hpi was closer",,2026-09-26,"cap hpi's gold book forecasts for new cars against its own black book values when due, as printed in 23 quarterly editions of its new-car Future car market overview (March 2021 to September 2026), beside no change on the ONS index over the same months; UK. cap hpi's miss includes the curve (a car's value at 36 months and 60,000 miles, or 12 and 20,000) and its truth is a guide value, not sale prices. Overlapping windows over one cycle: descriptive, not a test.",Context: X7 (can anyone forecast the level)
x7_caphpi_closer_fell_36m,"The same, of those in which the level fell",6,,,windows,MEASURED,analysis/level_guide_report.md,"36 months, level fell >> windows cap hpi was closer",,2026-09-26,"cap hpi's gold book forecasts for new cars against its own black book values when due, as printed in 23 quarterly editions of its new-car Future car market overview (March 2021 to September 2026), beside no change on the ONS index over the same months; UK. cap hpi's miss includes the curve (a car's value at 36 months and 60,000 miles, or 12 and 20,000) and its truth is a guide value, not sale prices. Overlapping windows over one cycle: descriptive, not a test.",Context: X7 (can anyone forecast the level)
x7_caphpi_intercept_36m,cap hpi's 36-month miss when the level is flat (a line fitted on no change's miss),-11.1,,,pp,MEASURED,analysis/level_guide_report.md,"36 months >> cap hpi miss with a flat level (intercept, pp)",,2026-09-26,"cap hpi's gold book forecasts for new cars against its own black book values when due, as printed in 23 quarterly editions of its new-car Future car market overview (March 2021 to September 2026), beside no change on the ONS index over the same months; UK. cap hpi's miss includes the curve (a car's value at 36 months and 60,000 miles, or 12 and 20,000) and its truth is a guide value, not sale prices. Overlapping windows over one cycle: descriptive, not a test.",Context: X7 (can anyone forecast the level)
x7_caphpi_slope_36m,Points of cap hpi's 36-month miss per point of no change's miss,1.40,,,ratio,MEASURED,analysis/level_guide_report.md,36 months >> cap hpi miss per point of no change's miss (slope),,2026-09-26,"cap hpi's gold book forecasts for new cars against its own black book values when due, as printed in 23 quarterly editions of its new-car Future car market overview (March 2021 to September 2026), beside no change on the ONS index over the same months; UK. cap hpi's miss includes the curve (a car's value at 36 months and 60,000 miles, or 12 and 20,000) and its truth is a guide value, not sale prices. Overlapping windows over one cycle: descriptive, not a test.",Context: X7 (can anyone forecast the level)
x7_ald_slope_36m,"ALD's resale margin per point of the index move over a 36-month contract (5-market mean, 2018-2022)",2.01,,,ratio,MEASURED,analysis/level_professional_report.md,"5-market mean, 36 months >> slope of margin on level move",,2026-09-26,"ALD's realised resale margin (proceeds over written-down cost, less 1; 2022 against the original residual), clean years 2018-2022, against the 5-market mean index move over the contract; few points (years with data in the report). Above 1: no foresight, and the prices a lessor met moved more than the index.",Context: X7 (can anyone forecast the level)
x7_ald_slope_48m,The same over a 48-month contract,1.95,,,ratio,MEASURED,analysis/level_professional_report.md,"5-market mean, 48 months >> slope of margin on level move",,2026-09-26,"ALD's realised resale margin (proceeds over written-down cost, less 1; 2022 against the original residual), clean years 2018-2022, against the 5-market mean index move over the contract; few points (years with data in the report). Above 1: no foresight, and the prices a lessor met moved more than the index.",Context: X7 (can anyone forecast the level)
caphpi_accuracy_target_pct,"cap hpi's forecast accuracy target, agreed with customers (plus or minus)",5,,,%,SOURCED,"cap hpi, Future new car market overview, September 2021, section 3 Historic Forecast Accuracy",,https://www.cap-hpi.com/wp-content/uploads/2024/06/20210825161947_CarNew_September2021.pdf,2021-09,"cap hpi's own statement: accuracy 'generally' within it, though petrol missed it in 2017-18 and 2021 hit it 'severely'. Its own averages since measurement began are far outside it at 36 months (level_guide_report.md).",Context: X7 (can anyone forecast the level)
kba_wohnmobile_2019,"German new registrations of motorhomes, 2019 (inside KBA's passenger-car total)",53920,,,cars,SOURCED,"KBA, Neuzulassungen von Personenkraftwagen im Jahr 2019 nach Segmenten (segment Wohnmobile)",,https://www.kba.de/DE/Statistik/Fahrzeuge/Neuzulassungen/Segmente/2019/2019_segmente_uebersicht.html,2019-12-31,"KBA counts motorhomes inside its passenger-car totals, under the base vehicle's make. The EU CO2 register excludes them as special-purpose vehicles, so X8's German cross-check removes them from KBA's figures. Peugeot Boxer and Opel Movano motorhomes are not listed separately.",Context: X8 (the merger's diversification dividend)
kba_wohnmobile_fiat_ducato_2019,"German new motorhomes on the Fiat Ducato, 2019",30327,,,cars,SOURCED,"KBA, Neuzulassungen von Personenkraftwagen im Jahr 2019 nach Segmenten (segment Wohnmobile)",,https://www.kba.de/DE/Statistik/Fahrzeuge/Neuzulassungen/Segmente/2019/2019_segmente_uebersicht.html,2019-12-31,"KBA counts motorhomes inside its passenger-car totals, under the base vehicle's make. The EU CO2 register excludes them as special-purpose vehicles, so X8's German cross-check removes them from KBA's figures. Peugeot Boxer and Opel Movano motorhomes are not listed separately.",Context: X8 (the merger's diversification dividend)
kba_wohnmobile_citroen_jumper_2019,"German new motorhomes on the Citroen Jumper, 2019",7709,,,cars,SOURCED,"KBA, Neuzulassungen von Personenkraftwagen im Jahr 2019 nach Segmenten (segment Wohnmobile)",,https://www.kba.de/DE/Statistik/Fahrzeuge/Neuzulassungen/Segmente/2019/2019_segmente_uebersicht.html,2019-12-31,"KBA counts motorhomes inside its passenger-car totals, under the base vehicle's make. The EU CO2 register excludes them as special-purpose vehicles, so X8's German cross-check removes them from KBA's figures. Peugeot Boxer and Opel Movano motorhomes are not listed separately.",Context: X8 (the merger's diversification dividend)
x8_eff_markets_psa,"PSA's legacy book: effective number of markets (one over the Herfindahl index of its country shares, 2019)",6.6,,,markets,MEASURED,analysis/merger_diversification_report.md,PSA >> effective number of markets,,2026-09-26,"New passenger cars registered in 2019 by Member State and make, from the EU CO2 monitoring register (EEA DISCODATA, final data, duplicates removed); PSA includes Opel and Vauxhall. Registrations stand in for where each book's residuals sit; no finance arm publishes its residual exposure by country. Checked against RDW (Netherlands) and KBA less motorhomes (Germany).",Context: X8 (the merger's diversification dividend)
x8_eff_markets_fca,FCA's legacy book: effective number of markets (2019),3.4,,,markets,MEASURED,analysis/merger_diversification_report.md,FCA >> effective number of markets,,2026-09-26,"New passenger cars registered in 2019 by Member State and make, from the EU CO2 monitoring register (EEA DISCODATA, final data, duplicates removed); PSA includes Opel and Vauxhall. Registrations stand in for where each book's residuals sit; no finance arm publishes its residual exposure by country. Checked against RDW (Netherlands) and KBA less motorhomes (Germany).",Context: X8 (the merger's diversification dividend)
x8_eff_markets_merged,The merged book: effective number of markets (2019),6.7,,,markets,MEASURED,analysis/merger_diversification_report.md,merged >> effective number of markets,,2026-09-26,"New passenger cars registered in 2019 by Member State and make, from the EU CO2 monitoring register (EEA DISCODATA, final data, duplicates removed); PSA includes Opel and Vauxhall. Registrations stand in for where each book's residuals sit; no finance arm publishes its residual exposure by country. Checked against RDW (Netherlands) and KBA less motorhomes (Germany).",Context: X8 (the merger's diversification dividend)
x8_fca_italy_share,FCA's legacy book: share of its 2019 registrations in Italy,51.1,,,%,MEASURED,analysis/merger_diversification_report.md,FCA >> largest market,,2026-09-26,"New passenger cars registered in 2019 by Member State and make, from the EU CO2 monitoring register (EEA DISCODATA, final data, duplicates removed); PSA includes Opel and Vauxhall. Registrations stand in for where each book's residuals sit; no finance arm publishes its residual exposure by country. Checked against RDW (Netherlands) and KBA less motorhomes (Germany).",Context: X8 (the merger's diversification dividend)
x8_psa_france_share,PSA's legacy book: share of its 2019 registrations in France,29.8,,,%,MEASURED,analysis/merger_diversification_report.md,PSA >> largest market,,2026-09-26,"New passenger cars registered in 2019 by Member State and make, from the EU CO2 monitoring register (EEA DISCODATA, final data, duplicates removed); PSA includes Opel and Vauxhall. Registrations stand in for where each book's residuals sit; no finance arm publishes its residual exposure by country. Checked against RDW (Netherlands) and KBA less motorhomes (Germany).",Context: X8 (the merger's diversification dividend)
x8_div_p10_1y_pct,"The merger's dividend on the one-in-ten-year one-year fall, % of the books apart",12.4,,,%,MEASURED,analysis/merger_diversification_report.md,"one-year fall, p10 >> dividend, % of apart",,2026-09-26,"The book's move is its markets' moves weighted by 2019 registrations, over X6's 26 Eurostat markets and the UK (ONS), December 2016 to December 2025, local currency; apart is PSA's and FCA's figures weighted by their shares of the merged cars. The expected loss cannot move (losses add); only the tail can. One window with one rise and one fall; overlapping windows; the index understates the level a lessor meets (X7). Sensitivities in the report (without France, France as EA20, Belgium, euros, 2018 weights).",Context: X8 (the merger's diversification dividend)
x8_div_worst_1y_pct,"The merger's dividend on the worst one-year fall, % of the books apart",21.8,,,%,MEASURED,analysis/merger_diversification_report.md,"one-year fall, worst >> dividend, % of apart",,2026-09-26,"The book's move is its markets' moves weighted by 2019 registrations, over X6's 26 Eurostat markets and the UK (ONS), December 2016 to December 2025, local currency; apart is PSA's and FCA's figures weighted by their shares of the merged cars. The expected loss cannot move (losses add); only the tail can. One window with one rise and one fall; overlapping windows; the index understates the level a lessor meets (X7). Sensitivities in the report (without France, France as EA20, Belgium, euros, 2018 weights).",Context: X8 (the merger's diversification dividend)
x8_div_36m_tail_pct,"The merger's dividend on the worst tenth of 36-month losses (median strike), % of the books apart",0.6,,,%,MEASURED,analysis/merger_diversification_report.md,"36-month loss per euro of residual, worst tenth, median strike >> dividend, % of apart",,2026-09-26,"The book's move is its markets' moves weighted by 2019 registrations, over X6's 26 Eurostat markets and the UK (ONS), December 2016 to December 2025, local currency; apart is PSA's and FCA's figures weighted by their shares of the merged cars. The expected loss cannot move (losses add); only the tail can. One window with one rise and one fall; overlapping windows; the index understates the level a lessor meets (X7). Sensitivities in the report (without France, France as EA20, Belgium, euros, 2018 weights).",Context: X8 (the merger's diversification dividend)
x8_div_48m_tail_pct,"The merger's dividend on the worst tenth of 48-month losses (median strike), % of the books apart",0.0,,,%,MEASURED,analysis/merger_diversification_report.md,"48-month loss per euro of residual, worst tenth, median strike >> dividend, % of apart",,2026-09-26,"The book's move is its markets' moves weighted by 2019 registrations, over X6's 26 Eurostat markets and the UK (ONS), December 2016 to December 2025, local currency; apart is PSA's and FCA's figures weighted by their shares of the merged cars. The expected loss cannot move (losses add); only the tail can. One window with one rise and one fall; overlapping windows; the index understates the level a lessor meets (X7). Sensitivities in the report (without France, France as EA20, Belgium, euros, 2018 weights).",Context: X8 (the merger's diversification dividend)
x8_books_corr_1y,Correlation of the two legacy books' one-year level moves,0.94,,,correlation,MEASURED,analysis/merger_diversification_report.md,"correlation of the two books' one-year moves, all windows >> value",,2026-09-26,"The book's move is its markets' moves weighted by 2019 registrations, over X6's 26 Eurostat markets and the UK (ONS), December 2016 to December 2025, local currency; apart is PSA's and FCA's figures weighted by their shares of the merged cars. The expected loss cannot move (losses add); only the tail can. One window with one rise and one fall; overlapping windows; the index understates the level a lessor meets (X7). Sensitivities in the report (without France, France as EA20, Belgium, euros, 2018 weights).",Context: X8 (the merger's diversification dividend)
x8_coincide_48m,Share of the two books' worst-tenth 48-month windows that coincide,100,,,%,MEASURED,analysis/merger_diversification_report.md,share of the two books' worst-tenth 48-month windows that coincide >> value,,2026-09-26,"The book's move is its markets' moves weighted by 2019 registrations, over X6's 26 Eurostat markets and the UK (ONS), December 2016 to December 2025, local currency; apart is PSA's and FCA's figures weighted by their shares of the merged cars. The expected loss cannot move (losses add); only the tail can. One window with one rise and one fall; overlapping windows; the index understates the level a lessor meets (X7). Sensitivities in the report (without France, France as EA20, Belgium, euros, 2018 weights).",Context: X8 (the merger's diversification dividend)
x8_merged_p10_1y,"The merged book's one-in-ten-year one-year level fall, spread as its 2019 registrations",1.16,,,%,MEASURED,analysis/merger_diversification_report.md,"the merged book's p10 one-year fall, spread as its 2019 registrations >> fall (%)",,2026-09-26,"The book's move is its markets' moves weighted by 2019 registrations, over X6's 26 Eurostat markets and the UK (ONS), December 2016 to December 2025, local currency; apart is PSA's and FCA's figures weighted by their shares of the merged cars. The expected loss cannot move (losses add); only the tail can. One window with one rise and one fall; overlapping windows; the index understates the level a lessor meets (X7). Sensitivities in the report (without France, France as EA20, Belgium, euros, 2018 weights).",Context: X8 (the merger's diversification dividend)
x8_merged_worst_1y,The merged book's worst one-year level fall,1.46,,,%,MEASURED,analysis/merger_diversification_report.md,the merged book's worst one-year fall >> fall (%),,2026-09-26,"The book's move is its markets' moves weighted by 2019 registrations, over X6's 26 Eurostat markets and the UK (ONS), December 2016 to December 2025, local currency; apart is PSA's and FCA's figures weighted by their shares of the merged cars. The expected loss cannot move (losses add); only the tail can. One window with one rise and one fall; overlapping windows; the index understates the level a lessor meets (X7). Sensitivities in the report (without France, France as EA20, Belgium, euros, 2018 weights).",Context: X8 (the merger's diversification dividend)
x8_core_tail_pl_share,Share of the workbook's pooled worst-tenth one-year windows (core markets) that are Poland's,72,,,%,MEASURED,analysis/merger_diversification_report.md,PL >> share of the pooled worst tenth,,2026-09-26,"The windows behind level_1y_p10_core: the 7 core markets' one-year moves, pooled, December 2016 to December 2025. Poland is a few % of the merged book (x8 part 1). The book's move is its markets' moves weighted by 2019 registrations, over X6's 26 Eurostat markets and the UK (ONS), December 2016 to December 2025, local currency; apart is PSA's and FCA's figures weighted by their shares of the merged cars. The expected loss cannot move (losses add); only the tail can. One window with one rise and one fall; overlapping windows; the index understates the level a lessor meets (X7). Sensitivities in the report (without France, France as EA20, Belgium, euros, 2018 weights).",Context: X8 (the merger's diversification dividend)
x8_div_eur_base,The merger's dividend on leak 3's base: each legacy book's own one-in-ten-year fall against the merged book's (main run),8.7,,,EUR m a year,MEASURED,analysis/merger_diversification_report.md,the merger's dividend on leak 3's base: each legacy book's own one-in-ten-year fall against the merged book's (main run) >> EUR m a year,,2026-09-26,"On leak 3's book, the buy-back payables due within a year (buyback_payables_current_eur_m), split by 2019 registrations, a proxy for the buy-back book's own country mix. Context only. The book's move is its markets' moves weighted by 2019 registrations, over X6's 26 Eurostat markets and the UK (ONS), December 2016 to December 2025, local currency; apart is PSA's and FCA's figures weighted by their shares of the merged cars. The expected loss cannot move (losses add); only the tail can. One window with one rise and one fall; overlapping windows; the index understates the level a lessor meets (X7). Sensitivities in the report (without France, France as EA20, Belgium, euros, 2018 weights).",Context: X8 (the merger's diversification dividend)
x8_div_eur_base_low,"The same, lowest across the sensitivities (negative: a p10 is not always subadditive)",-4.5,,,EUR m a year,MEASURED,analysis/merger_diversification_report.md,"the same, lowest across the sensitivities >> EUR m a year",,2026-09-26,"On leak 3's book, the buy-back payables due within a year (buyback_payables_current_eur_m), split by 2019 registrations, a proxy for the buy-back book's own country mix. Context only: never a value-at-risk input. The book's move is its markets' moves weighted by 2019 registrations, over X6's 26 Eurostat markets and the UK (ONS), December 2016 to December 2025, local currency; apart is PSA's and FCA's figures weighted by their shares of the merged cars. The expected loss cannot move (losses add); only the tail can. One window with one rise and one fall; overlapping windows; the index understates the level a lessor meets (X7). Sensitivities in the report (without France, France as EA20, Belgium, euros, 2018 weights).",Context: X8 (the merger's diversification dividend)
x8_div_eur_base_high,"The same, highest across the sensitivities",11.3,,,EUR m a year,MEASURED,analysis/merger_diversification_report.md,"the same, highest across the sensitivities >> EUR m a year",,2026-09-26,"On leak 3's book, the buy-back payables due within a year (buyback_payables_current_eur_m), split by 2019 registrations, a proxy for the buy-back book's own country mix. Context only: never a value-at-risk input. The book's move is its markets' moves weighted by 2019 registrations, over X6's 26 Eurostat markets and the UK (ONS), December 2016 to December 2025, local currency; apart is PSA's and FCA's figures weighted by their shares of the merged cars. The expected loss cannot move (losses add); only the tail can. One window with one rise and one fall; overlapping windows; the index understates the level a lessor meets (X7). Sensitivities in the report (without France, France as EA20, Belgium, euros, 2018 weights).",Context: X8 (the merger's diversification dividend)
x8_div_eur_stress,"The merger's dividend on each book's own worst year, on leak 3's book (main run)",21.6,,,EUR m a year,MEASURED,analysis/merger_diversification_report.md,"the merger's dividend on each book's own worst year, on leak 3's book (main run) >> EUR m a year",,2026-09-26,"On leak 3's book, the buy-back payables due within a year (buyback_payables_current_eur_m), split by 2019 registrations, a proxy for the buy-back book's own country mix. Context only. The book's move is its markets' moves weighted by 2019 registrations, over X6's 26 Eurostat markets and the UK (ONS), December 2016 to December 2025, local currency; apart is PSA's and FCA's figures weighted by their shares of the merged cars. The expected loss cannot move (losses add); only the tail can. One window with one rise and one fall; overlapping windows; the index understates the level a lessor meets (X7). Sensitivities in the report (without France, France as EA20, Belgium, euros, 2018 weights).",Context: X8 (the merger's diversification dividend)
x8_leak3_base_book_eur,Leak 3's base level shock with France's own index (the workbook carries France by the euro-area index),61.8,,,EUR m a year,MEASURED,analysis/merger_diversification_report.md,"the same, France's own index >> EUR m a year",,2026-09-26,"On leak 3's book, the buy-back payables due within a year (buyback_payables_current_eur_m), split by 2019 registrations, a proxy for the buy-back book's own country mix. Context only. The book's move is its markets' moves weighted by 2019 registrations, over X6's 26 Eurostat markets and the UK (ONS), December 2016 to December 2025, local currency; apart is PSA's and FCA's figures weighted by their shares of the merged cars. The expected loss cannot move (losses add); only the tail can. One window with one rise and one fall; overlapping windows; the index understates the level a lessor meets (X7). Sensitivities in the report (without France, France as EA20, Belgium, euros, 2018 weights).",Context: X8 (the merger's diversification dividend)
x8_leak3_base_book_nofr_eur,Leak 3's base level shock without France,87.1,,,EUR m a year,MEASURED,analysis/merger_diversification_report.md,the same without France >> EUR m a year,,2026-09-26,"On leak 3's book, the buy-back payables due within a year (buyback_payables_current_eur_m), split by 2019 registrations, a proxy for the buy-back book's own country mix. Context only. The book's move is its markets' moves weighted by 2019 registrations, over X6's 26 Eurostat markets and the UK (ONS), December 2016 to December 2025, local currency; apart is PSA's and FCA's figures weighted by their shares of the merged cars. The expected loss cannot move (losses add); only the tail can. One window with one rise and one fall; overlapping windows; the index understates the level a lessor meets (X7). Sensitivities in the report (without France, France as EA20, Belgium, euros, 2018 weights).",Context: X8 (the merger's diversification dividend)
x8_leak3_stress_book_eur,The merged book's own worst one-year fall on leak 3's book (not the stress: its history holds no Europe-wide crash),77.5,,,EUR m a year,MEASURED,analysis/merger_diversification_report.md,"the merged book's own worst fall, France's own index (not the stress: its history holds no Europe-wide crash) >> EUR m a year",,2026-09-26,"On leak 3's book, the buy-back payables due within a year (buyback_payables_current_eur_m), split by 2019 registrations, a proxy for the buy-back book's own country mix. Context only. The book's move is its markets' moves weighted by 2019 registrations, over X6's 26 Eurostat markets and the UK (ONS), December 2016 to December 2025, local currency; apart is PSA's and FCA's figures weighted by their shares of the merged cars. The expected loss cannot move (losses add); only the tail can. One window with one rise and one fall; overlapping windows; the index understates the level a lessor meets (X7). Sensitivities in the report (without France, France as EA20, Belgium, euros, 2018 weights).",Context: X8 (the merger's diversification dividend)
x8_div_contract_48m,"The merger's dividend per 48-month contract in the worst tenth of windows, X6's group car (median strike)",0,,,EUR per contract,MEASURED,analysis/merger_diversification_report.md,"the merger's dividend per 48-month contract in the worst tenth of windows, X6's group car (median strike) >> EUR per contract",,2026-09-26,"On leak 3's book, the buy-back payables due within a year (buyback_payables_current_eur_m), split by 2019 registrations, a proxy for the buy-back book's own country mix. Context only: never a value-at-risk input. The book's move is its markets' moves weighted by 2019 registrations, over X6's 26 Eurostat markets and the UK (ONS), December 2016 to December 2025, local currency; apart is PSA's and FCA's figures weighted by their shares of the merged cars. The expected loss cannot move (losses add); only the tail can. One window with one rise and one fall; overlapping windows; the index understates the level a lessor meets (X7). Sensitivities in the report (without France, France as EA20, Belgium, euros, 2018 weights).",Context: X8 (the merger's diversification dividend)
x8_div_contract_36m,The same per 36-month contract,7,,,EUR per contract,MEASURED,analysis/merger_diversification_report.md,"the merger's dividend per 36-month contract in the worst tenth of windows, X6's group car (median strike) >> EUR per contract",,2026-09-26,"On leak 3's book, the buy-back payables due within a year (buyback_payables_current_eur_m), split by 2019 registrations, a proxy for the buy-back book's own country mix. Context only: never a value-at-risk input. The book's move is its markets' moves weighted by 2019 registrations, over X6's 26 Eurostat markets and the UK (ONS), December 2016 to December 2025, local currency; apart is PSA's and FCA's figures weighted by their shares of the merged cars. The expected loss cannot move (losses add); only the tail can. One window with one rise and one fall; overlapping windows; the index understates the level a lessor meets (X7). Sensitivities in the report (without France, France as EA20, Belgium, euros, 2018 weights).",Context: X8 (the merger's diversification dividend)
x9_pl_ev_slump_gap,"Poland: the used-EV level less petrol's, May 2022 to summer 2023, same model and age",-19.1,,,points,MEASURED,analysis/ev_level_report.md,"Poland: EV level less petrol, May 2022 to summer 2023 (points) >> value",,2026-09-26,"Asking prices, Poland (four scrapes of the national classifieds, 2021-2023), PLN; the same make, model, fuel and whole year of age at each scrape, log mileage per fuel; make-model cluster bootstrap. Only the EV-less-petrol gap is used: the advert indices do not track the official index in level (later vintages, list-price inflation), and what is common to fuels cancels in the gap; newer EVs' longer range works against finding a fall. One slump, one market; not a distribution of EV shocks.",Context: X9 (EV residual risk)
x9_pl_ev_slump_gap_lo,"Its 95% range, low",-25.5,,,points,MEASURED,analysis/ev_level_report.md,"Poland: that slump's 95% range, low (points) >> value",,2026-09-26,"Asking prices, Poland (four scrapes of the national classifieds, 2021-2023), PLN; the same make, model, fuel and whole year of age at each scrape, log mileage per fuel; make-model cluster bootstrap. Only the EV-less-petrol gap is used: the advert indices do not track the official index in level (later vintages, list-price inflation), and what is common to fuels cancels in the gap; newer EVs' longer range works against finding a fall. One slump, one market; not a distribution of EV shocks.",Context: X9 (EV residual risk)
x9_pl_ev_slump_gap_hi,"Its 95% range, high",-14.1,,,points,MEASURED,analysis/ev_level_report.md,"Poland: that slump's 95% range, high (points) >> value",,2026-09-26,"Asking prices, Poland (four scrapes of the national classifieds, 2021-2023), PLN; the same make, model, fuel and whole year of age at each scrape, log mileage per fuel; make-model cluster bootstrap. Only the EV-less-petrol gap is used: the advert indices do not track the official index in level (later vintages, list-price inflation), and what is common to fuels cancels in the gap; newer EVs' longer range works against finding a fall. One slump, one market; not a distribution of EV shocks.",Context: X9 (EV residual risk)
x9_pl_ev_slump_gap_notesla,The same without Tesla,-18.0,,,points,MEASURED,analysis/ev_level_report.md,"Poland: EV less petrol, without Tesla, May 2022 to summer 2023 (points) >> value",,2026-09-26,"Asking prices, Poland (four scrapes of the national classifieds, 2021-2023), PLN; the same make, model, fuel and whole year of age at each scrape, log mileage per fuel; make-model cluster bootstrap. Only the EV-less-petrol gap is used: the advert indices do not track the official index in level (later vintages, list-price inflation), and what is common to fuels cancels in the gap; newer EVs' longer range works against finding a fall. One slump, one market; not a distribution of EV shocks.",Context: X9 (EV residual risk)
x9_pl_hybrid_slump_gap,"Poland: hybrids less petrol over the same months (a non-EV group, for scale)",-2.7,,,points,MEASURED,analysis/ev_level_report.md,"Poland: hybrid less petrol (a non-EV group), May 2022 to summer 2023 (points) >> value",,2026-09-26,"Asking prices, Poland (four scrapes of the national classifieds, 2021-2023), PLN; the same make, model, fuel and whole year of age at each scrape, log mileage per fuel; make-model cluster bootstrap. Only the EV-less-petrol gap is used: the advert indices do not track the official index in level (later vintages, list-price inflation), and what is common to fuels cancels in the gap; newer EVs' longer range works against finding a fall. One slump, one market; not a distribution of EV shocks.",Context: X9 (EV residual risk)
x9_curve_gap_pt,"EV depreciation a year less petrol's, Portugal 2023-24 adverts",3.8,,,points a year,MEASURED,analysis/ev_level_report.md,"Portugal, 2023-24: EV depreciation less petrol's (points a year) >> value",,2026-09-26,"Asking prices; one cross-section per source; a fixed effect per make, model and fuel, age and log mileage per fuel. A cross-section reads vintage list prices as depreciation: the two sources where EVs are steeper were scraped after the 2023 fall. Positive: EVs lose value faster a year.",Context: X9 (EV residual risk)
x9_curve_gap_nl,"The same, Netherlands November 2025",0.9,,,points a year,MEASURED,analysis/ev_level_report.md,"Netherlands, November 2025: EV depreciation less petrol's (points a year) >> value",,2026-09-26,"Asking prices; one cross-section per source; a fixed effect per make, model and fuel, age and log mileage per fuel. A cross-section reads vintage list prices as depreciation: the two sources where EVs are steeper were scraped after the 2023 fall. Positive: EVs lose value faster a year.",Context: X9 (EV residual risk)
x9_curve_gap_de,"The same, Germany June 2023",-2.0,,,points a year,MEASURED,analysis/ev_level_report.md,"Germany, June 2023: EV depreciation less petrol's (points a year) >> value",,2026-09-26,"Asking prices; one cross-section per source; a fixed effect per make, model and fuel, age and log mileage per fuel. A cross-section reads vintage list prices as depreciation: the two sources where EVs are steeper were scraped after the 2023 fall. Positive: EVs lose value faster a year.",Context: X9 (EV residual risk)
x9_curve_gap_se,"The same, Sweden 2021-22",-4.3,,,points a year,MEASURED,analysis/ev_level_report.md,"Sweden, 2021-22: EV depreciation less petrol's (points a year) >> value",,2026-09-26,"Asking prices; one cross-section per source; a fixed effect per make, model and fuel, age and log mileage per fuel. A cross-section reads vintage list prices as depreciation: the two sources where EVs are steeper were scraped after the 2023 fall. Positive: EVs lose value faster a year.",Context: X9 (EV residual risk)
x9_us_bev_p10_1y,"US: used battery-EV level, one-year move, p10",-21.5,,,%,MEASURED,analysis/ev_level_us_report.md,"battery EVs: one-year move, p10 (%) >> value",,2026-09-26,"US DATA. Washington State used EV and plug-in title transfers, 2017-2026 (self-reported prices), index per make, model and year of age, 3-month average; market = US CPI used cars and trucks (CUSR0000SETA02). US incentives and Tesla's weight differ from Europe's; one EV boom and bust. A scale, not a European figure; the European evidence is x9_pl_ev_slump_gap.",Context: X9 (EV residual risk)
x9_us_market_p10_1y,"US: whole used market (CPI), one-year move, p10, same months",-6.7,,,%,MEASURED,analysis/ev_level_us_report.md,"US used market (CPI): one-year move, p10 (%) >> value",,2026-09-26,"US DATA. Washington State used EV and plug-in title transfers, 2017-2026 (self-reported prices), index per make, model and year of age, 3-month average; market = US CPI used cars and trucks (CUSR0000SETA02). US incentives and Tesla's weight differ from Europe's; one EV boom and bust. A scale, not a European figure; the European evidence is x9_pl_ev_slump_gap.",Context: X9 (EV residual risk)
x9_us_bev_notesla_p10_1y,"US: battery EVs without Tesla, one-year move, p10",-17.1,,,%,MEASURED,analysis/ev_level_us_report.md,"battery EVs without Tesla: one-year move, p10 (%) >> value",,2026-09-26,"US DATA. Washington State used EV and plug-in title transfers, 2017-2026 (self-reported prices), index per make, model and year of age, 3-month average; market = US CPI used cars and trucks (CUSR0000SETA02). US incentives and Tesla's weight differ from Europe's; one EV boom and bust. A scale, not a European figure; the European evidence is x9_pl_ev_slump_gap.",Context: X9 (EV residual risk)
x9_us_phev_p10_1y,"US: plug-in hybrids, one-year move, p10",-9.0,,,%,MEASURED,analysis/ev_level_us_report.md,"plug-in hybrids: one-year move, p10 (%) >> value",,2026-09-26,"US DATA. Washington State used EV and plug-in title transfers, 2017-2026 (self-reported prices), index per make, model and year of age, 3-month average; market = US CPI used cars and trucks (CUSR0000SETA02). US incentives and Tesla's weight differ from Europe's; one EV boom and bust. A scale, not a European figure; the European evidence is x9_pl_ev_slump_gap.",Context: X9 (EV residual risk)
x9_us_bev_peak_fall,"US: battery-EV level, largest fall from a peak",-45.3,,,%,MEASURED,analysis/ev_level_us_report.md,battery EVs: largest fall from a peak (%) >> value,,2026-09-26,"US DATA. Washington State used EV and plug-in title transfers, 2017-2026 (self-reported prices), index per make, model and year of age, 3-month average; market = US CPI used cars and trucks (CUSR0000SETA02). US incentives and Tesla's weight differ from Europe's; one EV boom and bust. A scale, not a European figure; the European evidence is x9_pl_ev_slump_gap.",Context: X9 (EV residual risk)
x9_us_ratio_p10_1y,US: battery EVs' one-year p10 fall against the market's (ratio),3.22,,,ratio,MEASURED,analysis/ev_level_us_report.md,"battery EVs against the market: one-year move, p10 (ratio) >> value",,2026-09-26,"US DATA. Washington State used EV and plug-in title transfers, 2017-2026 (self-reported prices), index per make, model and year of age, 3-month average; market = US CPI used cars and trucks (CUSR0000SETA02). US incentives and Tesla's weight differ from Europe's; one EV boom and bust. A scale, not a European figure; the European evidence is x9_pl_ev_slump_gap.",Context: X9 (EV residual risk)
x9_us_ratio_p10_1y_lo,"Its 90% range, low",2.66,,,ratio,MEASURED,analysis/ev_level_us_report.md,"battery EVs against the market: one-year move, p10 (ratio), 90% range, low >> value",,2026-09-26,"US DATA. Washington State used EV and plug-in title transfers, 2017-2026 (self-reported prices), index per make, model and year of age, 3-month average; market = US CPI used cars and trucks (CUSR0000SETA02). US incentives and Tesla's weight differ from Europe's; one EV boom and bust. A scale, not a European figure; the European evidence is x9_pl_ev_slump_gap.",Context: X9 (EV residual risk)
x9_us_ratio_p10_1y_hi,"Its 90% range, high",3.36,,,ratio,MEASURED,analysis/ev_level_us_report.md,"battery EVs against the market: one-year move, p10 (ratio), 90% range, high >> value",,2026-09-26,"US DATA. Washington State used EV and plug-in title transfers, 2017-2026 (self-reported prices), index per make, model and year of age, 3-month average; market = US CPI used cars and trucks (CUSR0000SETA02). US incentives and Tesla's weight differ from Europe's; one EV boom and bust. A scale, not a European figure; the European evidence is x9_pl_ev_slump_gap.",Context: X9 (EV residual risk)
x9_us_ratio_48m_median,"US: battery EVs' 48-month expected shortfall against the market's, median strike (X6's)",1.60,,,ratio,MEASURED,analysis/ev_level_us_report.md,"battery EVs against the market: 48-month expected shortfall, median strike (ratio) >> value",,2026-09-26,"US DATA. Washington State used EV and plug-in title transfers, 2017-2026 (self-reported prices), index per make, model and year of age, 3-month average; market = US CPI used cars and trucks (CUSR0000SETA02). US incentives and Tesla's weight differ from Europe's; one EV boom and bust. A scale, not a European figure; the European evidence is x9_pl_ev_slump_gap.",Context: X9 (EV residual risk)
x9_us_ratio_48m_median_lo,"Its 90% range, low",1.06,,,ratio,MEASURED,analysis/ev_level_us_report.md,"battery EVs against the market: 48-month expected shortfall, median strike (ratio), 90% range, low >> value",,2026-09-26,"US DATA. Washington State used EV and plug-in title transfers, 2017-2026 (self-reported prices), index per make, model and year of age, 3-month average; market = US CPI used cars and trucks (CUSR0000SETA02). US incentives and Tesla's weight differ from Europe's; one EV boom and bust. A scale, not a European figure; the European evidence is x9_pl_ev_slump_gap.",Context: X9 (EV residual risk)
x9_us_ratio_48m_median_hi,"Its 90% range, high",1.84,,,ratio,MEASURED,analysis/ev_level_us_report.md,"battery EVs against the market: 48-month expected shortfall, median strike (ratio), 90% range, high >> value",,2026-09-26,"US DATA. Washington State used EV and plug-in title transfers, 2017-2026 (self-reported prices), index per make, model and year of age, 3-month average; market = US CPI used cars and trucks (CUSR0000SETA02). US incentives and Tesla's weight differ from Europe's; one EV boom and bust. A scale, not a European figure; the European evidence is x9_pl_ev_slump_gap.",Context: X9 (EV residual risk)
x9_group_bev_share_2024,"The group's battery-EV share of its EU registrations, 2024 (final)",10.2,,,%,MEASURED,analysis/ev_exposure_report.md,"the group's battery-EV share of its registrations, 2024 (%) >> value",,2026-09-26,"New-car registrations, EU CO2 monitoring register (EEA; EU, Norway, Iceland, so no UK from 2021), the group's legacy makes (X8); battery EV = fuel mode E, plug-in = P. A proxy for the books: the buy-back book's buyers and mix are not published (most of it is due within a year, a rental fleet's term).",Context: X9 (EV residual risk)
x9_group_phev_share_2024,"The group's plug-in hybrid share, 2024",3.7,,,%,MEASURED,analysis/ev_exposure_report.md,"the group's plug-in hybrid share, 2024 (%) >> value",,2026-09-26,"New-car registrations, EU CO2 monitoring register (EEA; EU, Norway, Iceland, so no UK from 2021), the group's legacy makes (X8); battery EV = fuel mode E, plug-in = P. A proxy for the books: the buy-back book's buyers and mix are not published (most of it is due within a year, a rental fleet's term).",Context: X9 (EV residual risk)
x9_market_bev_share_2024,"The whole market's battery-EV share, 2024",14.5,,,%,MEASURED,analysis/ev_exposure_report.md,"the whole market's battery-EV share, 2024 (%) >> value",,2026-09-26,"New-car registrations, EU CO2 monitoring register (EEA; EU, Norway, Iceland, so no UK from 2021), the group's legacy makes (X8); battery EV = fuel mode E, plug-in = P. A proxy for the books: the buy-back book's buyers and mix are not published (most of it is due within a year, a rental fleet's term).",Context: X9 (EV residual risk)
x9_group_bev_share_2025p,"The group's battery-EV share, 2025 (provisional)",13.6,,,%,MEASURED,analysis/ev_exposure_report.md,2025 (provisional) >> battery EV (%),,2026-09-26,"New-car registrations, EU CO2 monitoring register (EEA; EU, Norway, Iceland, so no UK from 2021), the group's legacy makes (X8); battery EV = fuel mode E, plug-in = P. A proxy for the books: the buy-back book's buyers and mix are not published (most of it is due within a year, a rental fleet's term).",Context: X9 (EV residual risk)
x9_ev_cov_asbuilt,"Battery EVs: coverage of the value engine's 80% band, as built, six markets",79,,,%,MEASURED,analysis/ev_bands_report.md,"battery EVs, all markets: coverage of the 80% band as built >> value",,2026-09-26,"Held-out asking prices in six European markets (GB, NL, DE, SE, PL, PT), priced by the value engine fitted on the other half of each market's cars, models with 30 training cars; today's value only, not the level at return. Battery EV against petrol and diesel.",Context: X9 (EV residual risk)
x9_ice_cov_asbuilt,Petrol and diesel cars: the same,78,,,%,MEASURED,analysis/ev_bands_report.md,"combustion cars, all markets: coverage as built >> value",,2026-09-26,"Held-out asking prices in six European markets (GB, NL, DE, SE, PL, PT), priced by the value engine fitted on the other half of each market's cars, models with 30 training cars; today's value only, not the level at return. Battery EV against petrol and diesel.",Context: X9 (EV residual risk)
x9_ev_typical_err,Battery EVs: the value engine's typical error on held-out cars,10.4,,,%,MEASURED,analysis/ev_bands_report.md,"battery EVs, all markets: typical error (%) >> value",,2026-09-26,"Held-out asking prices in six European markets (GB, NL, DE, SE, PL, PT), priced by the value engine fitted on the other half of each market's cars, models with 30 training cars; today's value only, not the level at return. Battery EV against petrol and diesel.",Context: X9 (EV residual risk)
x9_ice_typical_err,Petrol and diesel cars: the same,11.2,,,%,MEASURED,analysis/ev_bands_report.md,"combustion cars, all markets: typical error (%) >> value",,2026-09-26,"Held-out asking prices in six European markets (GB, NL, DE, SE, PL, PT), priced by the value engine fitted on the other half of each market's cars, models with 30 training cars; today's value only, not the level at return. Battery EV against petrol and diesel.",Context: X9 (EV residual risk)
x9_ev_excess_err,Battery EVs' excess typical error over petrol and diesel: the ceiling on what battery health could explain,-0.9,,,points,MEASURED,analysis/ev_bands_report.md,"battery EVs' excess typical error over combustion cars, all markets (points) >> value",,2026-09-26,"Held-out asking prices in six European markets (GB, NL, DE, SE, PL, PT), priced by the value engine fitted on the other half of each market's cars, models with 30 training cars; today's value only, not the level at return. Battery EV against petrol and diesel.",Context: X9 (EV residual risk)
x15_cov_all_asbuilt,"The value engine's 80% band: coverage of held-out cars, 8 markets, as built",79.2,,,%,MEASURED,analysis/conformal_bands_report.md,as built >> all test cars,,2026-09-26,"The value engine's own 80% band on held-out cars of 8 markets (GB, PL, SE, DE, PT, NL, FR, AT; models with 30+ training cars), calibrated by split conformal prediction on a separate held-out half. Advertised prices. The guarantee needs exchangeability: it fixes today's band, not the level three years out (engine_check, X7).",Context: X15 (quick methods upgrades)
x15_cov_old_asbuilt,"The same, cars 12 years and older, as built",70.1,,,%,MEASURED,analysis/conformal_bands_report.md,as built >> cars 12 years and older,,2026-09-26,"The value engine's own 80% band on held-out cars of 8 markets (GB, PL, SE, DE, PT, NL, FR, AT; models with 30+ training cars), calibrated by split conformal prediction on a separate held-out half. Advertised prices. The guarantee needs exchangeability: it fixes today's band, not the level three years out (engine_check, X7).",Context: X15 (quick methods upgrades)
x15_cov_old_calibrated,"The same, cars 12 years and older, calibrated per market and age band",79.5,,,%,MEASURED,analysis/conformal_bands_report.md,calibrated per market and age >> cars 12 years and older,,2026-09-26,"The value engine's own 80% band on held-out cars of 8 markets (GB, PL, SE, DE, PT, NL, FR, AT; models with 30+ training cars), calibrated by split conformal prediction on a separate held-out half. Advertised prices. The guarantee needs exchangeability: it fixes today's band, not the level three years out (engine_check, X7).",Context: X15 (quick methods upgrades)
x15_slices_below_asbuilt,"Market-and-age slices with coverage significantly below 80% (one-sided 5%), as built, of 40",7,,,slices,MEASURED,analysis/conformal_bands_report.md,"as built >> slices below 80% at 5% (one-sided), of 40",,2026-09-26,"The value engine's own 80% band on held-out cars of 8 markets (GB, PL, SE, DE, PT, NL, FR, AT; models with 30+ training cars), calibrated by split conformal prediction on a separate held-out half. Advertised prices. The guarantee needs exchangeability: it fixes today's band, not the level three years out (engine_check, X7).",Context: X15 (quick methods upgrades)
x15_slices_below_calibrated,"The same, calibrated per market and age band, of 40",3,,,slices,MEASURED,analysis/conformal_bands_report.md,"calibrated per market and age >> slices below 80% at 5% (one-sided), of 40",,2026-09-26,"The value engine's own 80% band on held-out cars of 8 markets (GB, PL, SE, DE, PT, NL, FR, AT; models with 30+ training cars), calibrated by split conformal prediction on a separate held-out half. Advertised prices. The guarantee needs exchangeability: it fixes today's band, not the level three years out (engine_check, X7).",Context: X15 (quick methods upgrades)
x15_pilot_customers_per_arm,Customers per arm to detect the Phase 2 gate if customers could be randomised individually,9803,,,customers,MEASURED,analysis/pilot_size_report.md,"the gate (2 points), power 80%, base 50%, 100 customers per dealer >> customers per arm, unclustered",,2026-09-26,"A dealer-randomised pilot (skeptic A8's repair) sized to the programme's own Phase 2 gate (gate_uplift_pp at gate_uplift_significance_pct, TARGET rows): customers per arm times the design effect 1 + (m - 1) x ICC (CONSORT cluster extension). Base retention 50%, the largest size any base rate needs; power 80%. No automotive ICC is published; the grid spans the trial literature (consort_icc_*, jnci_icc_*).",Context: X15 (quick methods upgrades)
x15_pilot_dealers_icc001,"Dealers per arm for the Phase 2 gate, 100 customers per dealer, ICC 0.01",196,,,dealers,MEASURED,analysis/pilot_size_report.md,"the gate (2 points), power 80%, base 50%, 100 customers per dealer >> dealers per arm, ICC 0.01",,2026-09-26,"A dealer-randomised pilot (skeptic A8's repair) sized to the programme's own Phase 2 gate (gate_uplift_pp at gate_uplift_significance_pct, TARGET rows): customers per arm times the design effect 1 + (m - 1) x ICC (CONSORT cluster extension). Base retention 50%, the largest size any base rate needs; power 80%. No automotive ICC is published; the grid spans the trial literature (consort_icc_*, jnci_icc_*).",Context: X15 (quick methods upgrades)
x15_pilot_dealers_icc005,"Dealers per arm for the Phase 2 gate, 100 customers per dealer, ICC 0.05",584,,,dealers,MEASURED,analysis/pilot_size_report.md,"the gate (2 points), power 80%, base 50%, 100 customers per dealer >> dealers per arm, ICC 0.05",,2026-09-26,"A dealer-randomised pilot (skeptic A8's repair) sized to the programme's own Phase 2 gate (gate_uplift_pp at gate_uplift_significance_pct, TARGET rows): customers per arm times the design effect 1 + (m - 1) x ICC (CONSORT cluster extension). Base retention 50%, the largest size any base rate needs; power 80%. No automotive ICC is published; the grid spans the trial literature (consort_icc_*, jnci_icc_*).",Context: X15 (quick methods upgrades)
x15_pilot_dealers_icc01,"Dealers per arm for the Phase 2 gate, 100 customers per dealer, ICC 0.10",1069,,,dealers,MEASURED,analysis/pilot_size_report.md,"the gate (2 points), power 80%, base 50%, 100 customers per dealer >> dealers per arm, ICC 0.1",,2026-09-26,"A dealer-randomised pilot (skeptic A8's repair) sized to the programme's own Phase 2 gate (gate_uplift_pp at gate_uplift_significance_pct, TARGET rows): customers per arm times the design effect 1 + (m - 1) x ICC (CONSORT cluster extension). Base retention 50%, the largest size any base rate needs; power 80%. No automotive ICC is published; the grid spans the trial literature (consort_icc_*, jnci_icc_*).",Context: X15 (quick methods upgrades)
x15_pilot_mde_100_icc001,"Smallest uplift 100 dealers per arm (100 customers each) can detect, ICC 0.01",2.8,,,percentage points,MEASURED,analysis/pilot_size_report.md,"100 dealers per arm, 100 customers each >> smallest uplift, ICC 0.01 (points)",,2026-09-26,"A dealer-randomised pilot (skeptic A8's repair) sized to the programme's own Phase 2 gate (gate_uplift_pp at gate_uplift_significance_pct, TARGET rows): customers per arm times the design effect 1 + (m - 1) x ICC (CONSORT cluster extension). Base retention 50%, the largest size any base rate needs; power 80%. No automotive ICC is published; the grid spans the trial literature (consort_icc_*, jnci_icc_*).",Context: X15 (quick methods upgrades)
x15_pilot_mde_100_icc005,"The same, ICC 0.05",4.8,,,percentage points,MEASURED,analysis/pilot_size_report.md,"100 dealers per arm, 100 customers each >> smallest uplift, ICC 0.05 (points)",,2026-09-26,"A dealer-randomised pilot (skeptic A8's repair) sized to the programme's own Phase 2 gate (gate_uplift_pp at gate_uplift_significance_pct, TARGET rows): customers per arm times the design effect 1 + (m - 1) x ICC (CONSORT cluster extension). Base retention 50%, the largest size any base rate needs; power 80%. No automotive ICC is published; the grid spans the trial literature (consort_icc_*, jnci_icc_*).",Context: X15 (quick methods upgrades)
x15_pilot_mde_100_icc01,"The same, ICC 0.10",6.5,,,percentage points,MEASURED,analysis/pilot_size_report.md,"100 dealers per arm, 100 customers each >> smallest uplift, ICC 0.1 (points)",,2026-09-26,"A dealer-randomised pilot (skeptic A8's repair) sized to the programme's own Phase 2 gate (gate_uplift_pp at gate_uplift_significance_pct, TARGET rows): customers per arm times the design effect 1 + (m - 1) x ICC (CONSORT cluster extension). Base retention 50%, the largest size any base rate needs; power 80%. No automotive ICC is published; the grid spans the trial literature (consort_icc_*, jnci_icc_*).",Context: X15 (quick methods upgrades)
x15_pilot_blocked_customers,"Customers per arm for the Phase 2 gate, the group's flag randomised within dealers, ICC 0.10",8822,,,customers,MEASURED,analysis/pilot_size_report.md,"customers per arm, the flag randomised within dealers (the gate, power 80%, base 50%, ICC 0.1) >> value",,2026-09-26,"The Phase 2 gate (gate_uplift_pp at gate_uplift_significance_pct, TARGET rows) tested by randomising the group's own flag customer by customer within each dealer (the design chosen 26 September): each dealer a block, so the dealer effect cancels; dealers contact whom they like in both halves, so the test measures what the programme adds over business as usual. Base retention 50% (the largest size), power 80%, ICC 0.1. Spillover to unflagged customers biases toward zero; a few wholly unflagged dealers measure it (two-stage randomised saturation, Baird, Bohren, McIntosh and Ozler, REStat 2018). Checked by simulation.",Context: X15 (quick methods upgrades)
x15_pilot_blocked_spill25_customers,"The same, with a quarter of the uplift spilling over to unflagged customers",15683,,,customers,MEASURED,analysis/pilot_size_report.md,"the same, with a quarter of the uplift spilling over to unflagged customers >> value",,2026-09-26,"The Phase 2 gate (gate_uplift_pp at gate_uplift_significance_pct, TARGET rows) tested by randomising the group's own flag customer by customer within each dealer (the design chosen 26 September): each dealer a block, so the dealer effect cancels; dealers contact whom they like in both halves, so the test measures what the programme adds over business as usual. Base retention 50% (the largest size), power 80%, ICC 0.1. Spillover to unflagged customers biases toward zero; a few wholly unflagged dealers measure it (two-stage randomised saturation, Baird, Bohren, McIntosh and Ozler, REStat 2018). Checked by simulation.",Context: X15 (quick methods upgrades)
x15_pilot_blocked_share_pct,Both arms of the within-dealer pilot as a share of one year's financed EU sales,2.7,,,%,MEASURED,analysis/pilot_size_report.md,"both arms, as a share of one year's financed EU sales (%) >> value",,2026-09-26,"The Phase 2 gate (gate_uplift_pp at gate_uplift_significance_pct, TARGET rows) tested by randomising the group's own flag customer by customer within each dealer (the design chosen 26 September): each dealer a block, so the dealer effect cancels; dealers contact whom they like in both halves, so the test measures what the programme adds over business as usual. Base retention 50% (the largest size), power 80%, ICC 0.1. Spillover to unflagged customers biases toward zero; a few wholly unflagged dealers measure it (two-stage randomised saturation, Baird, Bohren, McIntosh and Ozler, REStat 2018). Checked by simulation. Rests on sfse_eu_nv_contracts_2025, a disclosed count (X14); the pilot's markets and window hold a fraction of it, sized per market in X14 part 3.",Context: X15 (quick methods upgrades)
x14_pilot_share_fr,France: both arms of the Phase 2 pilot as a share of a year's financed contracts,11,,,%,MEASURED,analysis/pilot_markets_report.md,"France: both arms, share of a year's contracts (%) >> value",,2026-09-26,"The chosen Phase 2 pilot (the group's flag randomised within dealers; X15's customers per arm at power 80%, base retention 50%, ICC 0.1) beside a year of the market's SFSE new-car contracts, which stand in for a year of its contract ends. France's count is disclosed (sfse_contracts_fr_2025). Every candidate market's contracts sit in a joint venture with a partner bank; whether a customer-level randomised flag is allowed under its contracts and privacy terms is not public (a Phase 1 task).",Context: X14 (the pilot by market)
x14_pilot_share_fr_spill,The same with a quarter of the uplift spilling over,20,,,%,MEASURED,analysis/pilot_markets_report.md,"France: both arms with spillover, share of a year's contracts (%) >> value",,2026-09-26,"The chosen Phase 2 pilot (the group's flag randomised within dealers; X15's customers per arm at power 80%, base retention 50%, ICC 0.1) beside a year of the market's SFSE new-car contracts, which stand in for a year of its contract ends. France's count is disclosed (sfse_contracts_fr_2025). Every candidate market's contracts sit in a joint venture with a partner bank; whether a customer-level randomised flag is allowed under its contracts and privacy terms is not public (a Phase 1 task).",Context: X14 (the pilot by market)
x14_pilot_share_at_spill,Austria: both arms with spillover as a share of a year's financed contracts,140,,,%,MEASURED,analysis/pilot_markets_report.md,"Austria: both arms with spillover, share of a year's contracts (%) >> value",,2026-09-26,"The chosen Phase 2 pilot (the group's flag randomised within dealers; X15's customers per arm at power 80%, base retention 50%, ICC 0.1) beside a year of the market's SFSE new-car contracts, which stand in for a year of its contract ends. Austria's count is disclosed; it rose 60% in 2025, so the contract ends coming up are fewer. Every candidate market's contracts sit in a joint venture with a partner bank; whether a customer-level randomised flag is allowed under its contracts and privacy terms is not public (a Phase 1 task).",Context: X14 (the pilot by market)
x14_pilot_share_be_lu_spill,Belgium-Luxembourg: both arms with spillover as a share of a year's financed contracts,142,,,%,MEASURED,analysis/pilot_markets_report.md,"Belgium-Luxembourg: both arms with spillover, share of a year's contracts (%) >> value",,2026-09-26,"The chosen Phase 2 pilot (the group's flag randomised within dealers; X15's customers per arm at power 80%, base retention 50%, ICC 0.1) beside a year of the market's SFSE new-car contracts, which stand in for a year of its contract ends. The count is disclosed. Every candidate market's contracts sit in a joint venture with a partner bank; whether a customer-level randomised flag is allowed under its contracts and privacy terms is not public (a Phase 1 task).",Context: X14 (the pilot by market)
x14_pilot_markets_fit,Markets where both arms with spillover take half a year's financed contracts or less (of seven),3,,,markets,MEASURED,analysis/pilot_markets_report.md,markets where both arms with spillover take half a year's contracts or less >> value,,2026-09-26,"The chosen Phase 2 pilot (the group's flag randomised within dealers; X15's customers per arm at power 80%, base retention 50%, ICC 0.1) beside a year of the market's SFSE new-car contracts, which stand in for a year of its contract ends. France on its disclosed count; Italy and Germany on rate x car registrations, which leaves vans out and understates them. The UK, the Netherlands and Portugal are not assessed. Every candidate market's contracts sit in a joint venture with a partner bank; whether a customer-level randomised flag is allowed under its contracts and privacy terms is not public (a Phase 1 task).",Context: X14 (the pilot by market)
consort_icc_often_below,Intracluster correlation in cluster randomised trials: 'often <0.05' (CONSORT),0.05,,,ICC,SOURCED,"Campbell, Piaggio, Elbourne & Altman, Consort 2010 statement: extension to cluster randomised trials, BMJ 2012;345:e5661 (design effect 1+(m-1)rho)",,https://aura.abdn.ac.uk/handle/2164/2742,2012-09-04,"A typical value in health trials, not a bound; provider-dependent outcomes run higher (jnci_icc_provider_*).",Context: X15 (quick methods upgrades)
jnci_icc_provider_low,"ICC of provider-dependent (documentation) outcomes, NCORP cluster trials: low end",0.15,,,ICC,SOURCED,"Snavely et al., Intracluster correlation coefficients from cluster randomized trials conducted within the NCI Community Oncology Research Program, JNCI Monographs 2025(68):65",,https://academic.oup.com/jncimono/article/2025/68/65/8030354,2025-03-01,"Nine health-care trials; ICCs from about 0 to 0.50 overall. A dealer-run retention outcome is provider-dependent, so X15 part 2's grid runs to 0.20.",Context: X15 (quick methods upgrades)
jnci_icc_provider_high,The same: high end,0.31,,,ICC,SOURCED,"Snavely et al., JNCI Monographs 2025(68):65 (as above)",,https://academic.oup.com/jncimono/article/2025/68/65/8030354,2025-03-01,As jnci_icc_provider_low.,Context: X15 (quick methods upgrades)
x15_uplift_gap_hillstrom,"Hillstrom, corrected: best uplift model against the response model, top decile",-0.21,,,percentage points,MEASURED,analysis/uplift_second_report.md,"Hillstrom e-mail: best uplift model (Two-model (T-learner)) against the response model, top decile, adjusted (points) >> figure",,2026-09-26,"The uplift engine's machine (same gradient boosting settings, a held-out half, top-decile uplift, 400 bootstrap draws), corrected for unequal arms: class transformation and scoring weighted by the inverse of a cross-fitted propensity. Hillstrom e-mail (the engine's trial, clean), Criteo ads v2.1 (20% sample, nearly balanced: its pooled tests were subsampled to one ratio), Lenta SMS (fails the randomisation test; not evidence). Not cars; the question is methodological. Adjustment assumes no hidden selection.",Context: X15 (quick methods upgrades)
x15_uplift_gap_criteo,"Criteo ads (20% sample), adjusted: best uplift model against the response model, top decile",0.29,,,percentage points,MEASURED,analysis/uplift_second_report.md,"Criteo ads, 20% sample: best uplift model (Class transformation (weighted)) against the response model, top decile, adjusted (points) >> figure",,2026-09-26,"The uplift engine's machine (same gradient boosting settings, a held-out half, top-decile uplift, 400 bootstrap draws), corrected for unequal arms: class transformation and scoring weighted by the inverse of a cross-fitted propensity. Hillstrom e-mail (the engine's trial, clean), Criteo ads v2.1 (20% sample, nearly balanced: its pooled tests were subsampled to one ratio), Lenta SMS (fails the randomisation test; not evidence). Not cars; the question is methodological. Adjustment assumes no hidden selection.",Context: X15 (quick methods upgrades)
x15_uplift_gap_criteo_lo,"Its 95% range, low",-0.24,,,percentage points,MEASURED,analysis/uplift_second_report.md,"Criteo ads, 20% sample: its 95% range, low (points) >> figure",,2026-09-26,"The uplift engine's machine (same gradient boosting settings, a held-out half, top-decile uplift, 400 bootstrap draws), corrected for unequal arms: class transformation and scoring weighted by the inverse of a cross-fitted propensity. Hillstrom e-mail (the engine's trial, clean), Criteo ads v2.1 (20% sample, nearly balanced: its pooled tests were subsampled to one ratio), Lenta SMS (fails the randomisation test; not evidence). Not cars; the question is methodological. Adjustment assumes no hidden selection.",Context: X15 (quick methods upgrades)
x15_uplift_gap_criteo_hi,"Its 95% range, high",0.84,,,percentage points,MEASURED,analysis/uplift_second_report.md,"Criteo ads, 20% sample: its 95% range, high (points) >> figure",,2026-09-26,"The uplift engine's machine (same gradient boosting settings, a held-out half, top-decile uplift, 400 bootstrap draws), corrected for unequal arms: class transformation and scoring weighted by the inverse of a cross-fitted propensity. Hillstrom e-mail (the engine's trial, clean), Criteo ads v2.1 (20% sample, nearly balanced: its pooled tests were subsampled to one ratio), Lenta SMS (fails the randomisation test; not evidence). Not cars; the question is methodological. Adjustment assumes no hidden selection.",Context: X15 (quick methods upgrades)
x15_uplift_gap_lenta,"Lenta SMS, adjusted (not evidence: fails the randomisation test): best uplift model against the response model",0.01,,,percentage points,MEASURED,analysis/uplift_second_report.md,"Lenta SMS: best uplift model (Two-model (T-learner)) against the response model, top decile, adjusted (points) >> figure",,2026-09-26,"The uplift engine's machine (same gradient boosting settings, a held-out half, top-decile uplift, 400 bootstrap draws), corrected for unequal arms: class transformation and scoring weighted by the inverse of a cross-fitted propensity. Hillstrom e-mail (the engine's trial, clean), Criteo ads v2.1 (20% sample, nearly balanced: its pooled tests were subsampled to one ratio), Lenta SMS (fails the randomisation test; not evidence). Not cars; the question is methodological. Adjustment assumes no hidden selection.",Context: X15 (quick methods upgrades)
x15_auc_hillstrom,"Classifier two-sample test: AUC predicting treatment from the features, Hillstrom (0.5 = balanced)",0.498,,,AUC,MEASURED,analysis/uplift_second_report.md,Hillstrom e-mail >> classifier AUC predicting treatment,,2026-09-26,"The uplift engine's machine (same gradient boosting settings, a held-out half, top-decile uplift, 400 bootstrap draws), corrected for unequal arms: class transformation and scoring weighted by the inverse of a cross-fitted propensity. Hillstrom e-mail (the engine's trial, clean), Criteo ads v2.1 (20% sample, nearly balanced: its pooled tests were subsampled to one ratio), Lenta SMS (fails the randomisation test; not evidence). Not cars; the question is methodological. Adjustment assumes no hidden selection.",Context: X15 (quick methods upgrades)
x15_auc_criteo,"The same, Criteo ads (20% sample)",0.510,,,AUC,MEASURED,analysis/uplift_second_report.md,"Criteo ads, 20% sample >> classifier AUC predicting treatment",,2026-09-26,"The uplift engine's machine (same gradient boosting settings, a held-out half, top-decile uplift, 400 bootstrap draws), corrected for unequal arms: class transformation and scoring weighted by the inverse of a cross-fitted propensity. Hillstrom e-mail (the engine's trial, clean), Criteo ads v2.1 (20% sample, nearly balanced: its pooled tests were subsampled to one ratio), Lenta SMS (fails the randomisation test; not evidence). Not cars; the question is methodological. Adjustment assumes no hidden selection.",Context: X15 (quick methods upgrades)
x15_auc_lenta,"The same, Lenta SMS",0.556,,,AUC,MEASURED,analysis/uplift_second_report.md,Lenta SMS >> classifier AUC predicting treatment,,2026-09-26,"The uplift engine's machine (same gradient boosting settings, a held-out half, top-decile uplift, 400 bootstrap draws), corrected for unequal arms: class transformation and scoring weighted by the inverse of a cross-fitted propensity. Hillstrom e-mail (the engine's trial, clean), Criteo ads v2.1 (20% sample, nearly balanced: its pooled tests were subsampled to one ratio), Lenta SMS (fails the randomisation test; not evidence). Not cars; the question is methodological. Adjustment assumes no hidden selection.",Context: X15 (quick methods upgrades)
x11_fi_exit_twice_10_20,"Finland: leaving traffic use per doubling of cohort mileage, ages 10-20",1.84,,,times,MEASURED,analysis/fi_exit_report.md,twice the mileage >> Finland,,2026-09-26,"Traficom open vehicle file (CC BY 4.0), snapshots of 30 June 2024, 2025 and 2026 (the first two from Internet Archive captures, SHA-1 checked). Passenger cars followed on a key of fixed attributes plus colour, unique in each file; identical cars registered on one day are dropped. Leaving traffic use means absent from the next snapshot: scrapped, exported or laid up, with no reason per car. Main sample: cars whose reading changed in the year before the baseline (inspected then), whole years since first use, the UK's km band, the UK script's own decile and elasticity functions. Association, not a causal effect.",Context: X11 (a second odometer register)
x11_uk_exit_twice_10_20,"UK: leaving the tested fleet per doubling of cohort mileage, ages 10-20 (refitted)",1.91,,,times,MEASURED,analysis/fi_exit_report.md,twice the mileage >> UK,,2026-09-26,"UK DVSA anonymised MOT extracts (OGL v3.0): readiness_mileage.py part 1's saved age-by-decile cells (cars tested in March 2024, not tested again by July 2025), refitted on ages 10-20 with its own elasticity function; the full refit reproduces its saved elasticity exactly. Not tested again is a proxy for leaving the fleet.",Context: X11 (a second odometer register)
x11_fi_exit_elast_10_20,"Finland: its elasticity, ages 10-20",0.882,,,elasticity,MEASURED,analysis/fi_exit_report.md,elasticity >> Finland,,2026-09-26,"Traficom open vehicle file (CC BY 4.0), snapshots of 30 June 2024, 2025 and 2026 (the first two from Internet Archive captures, SHA-1 checked). Passenger cars followed on a key of fixed attributes plus colour, unique in each file; identical cars registered on one day are dropped. Leaving traffic use means absent from the next snapshot: scrapped, exported or laid up, with no reason per car. Main sample: cars whose reading changed in the year before the baseline (inspected then), whole years since first use, the UK's km band, the UK script's own decile and elasticity functions. Association, not a causal effect.",Context: X11 (a second odometer register)
x11_uk_exit_elast_10_20,"UK: its elasticity, ages 10-20 (refitted)",0.930,,,elasticity,MEASURED,analysis/fi_exit_report.md,elasticity >> UK,,2026-09-26,"UK DVSA anonymised MOT extracts (OGL v3.0): readiness_mileage.py part 1's saved age-by-decile cells (cars tested in March 2024, not tested again by July 2025), refitted on ages 10-20 with its own elasticity function; the full refit reproduces its saved elasticity exactly. Not tested again is a proxy for leaving the fleet.",Context: X11 (a second odometer register)
x11_fi_uk_gap_se,"Finland less UK, ages 10-20, in standard errors",1.1,,,standard errors,MEASURED,analysis/fi_exit_report.md,"difference, in standard errors >> Finland",,2026-09-26,"Traficom open vehicle file (CC BY 4.0), snapshots of 30 June 2024, 2025 and 2026 (the first two from Internet Archive captures, SHA-1 checked). Passenger cars followed on a key of fixed attributes plus colour, unique in each file; identical cars registered on one day are dropped. Leaving traffic use means absent from the next snapshot: scrapped, exported or laid up, with no reason per car. Main sample: cars whose reading changed in the year before the baseline (inspected then), whole years since first use, the UK's km band, the UK script's own decile and elasticity functions. Association, not a causal effect. The two standard errors combined in quadrature.",Context: X11 (a second odometer register)
x11_fi_exit_twice_main,"Finland: leaving traffic use per doubling of cohort mileage, ages 4-20",1.73,,,times,MEASURED,analysis/fi_exit_report.md,Main: inspected in the year before the baseline >> twice the mileage,,2026-09-26,"Traficom open vehicle file (CC BY 4.0), snapshots of 30 June 2024, 2025 and 2026 (the first two from Internet Archive captures, SHA-1 checked). Passenger cars followed on a key of fixed attributes plus colour, unique in each file; identical cars registered on one day are dropped. Leaving traffic use means absent from the next snapshot: scrapped, exported or laid up, with no reason per car. Main sample: cars whose reading changed in the year before the baseline (inspected then), whole years since first use, the UK's km band, the UK script's own decile and elasticity functions. Association, not a causal effect. At 4-9 a fresh Finnish car is on a two-year cycle and not due in the follow-up year, unlike a UK car: compare the UK on ages 10-20 only.",Context: X11 (a second odometer register)
x11_fi_exit_rate_main,Finland: share of the main sample gone a year later,6.1,,,%,MEASURED,analysis/fi_exit_report.md,Main: inspected in the year before the baseline >> exit rate,,2026-09-26,"Traficom open vehicle file (CC BY 4.0), snapshots of 30 June 2024, 2025 and 2026 (the first two from Internet Archive captures, SHA-1 checked). Passenger cars followed on a key of fixed attributes plus colour, unique in each file; identical cars registered on one day are dropped. Leaving traffic use means absent from the next snapshot: scrapped, exported or laid up, with no reason per car. Main sample: cars whose reading changed in the year before the baseline (inspected then), whole years since first use, the UK's km band, the UK script's own decile and elasticity functions. Association, not a causal effect.",Context: X11 (a second odometer register)
x11_fi_exit_twice_stale,"Finland: the same with every reading, fresh or not, ages 4-20",1.55,,,times,MEASURED,analysis/fi_exit_report.md,"All readings, fresh or not >> twice the mileage",,2026-09-26,"Traficom open vehicle file (CC BY 4.0), snapshots of 30 June 2024, 2025 and 2026 (the first two from Internet Archive captures, SHA-1 checked). Passenger cars followed on a key of fixed attributes plus colour, unique in each file; identical cars registered on one day are dropped. Leaving traffic use means absent from the next snapshot: scrapped, exported or laid up, with no reason per car. Main sample: cars whose reading changed in the year before the baseline (inspected then), whole years since first use, the UK's km band, the UK script's own decile and elasticity functions. Association, not a causal effect. Stale readings rank a car below its true place in the cohort, which flattens the gradient.",Context: X11 (a second odometer register)
x11_fi_exit_twice_permanent,"Finland: per doubling, exits still gone a year later, ages 10-20",2.16,,,times,MEASURED,analysis/fi_exit_report.md,Baseline 2024: still gone in 2026 (permanent) >> twice the mileage,,2026-09-26,"Traficom open vehicle file (CC BY 4.0), snapshots of 30 June 2024, 2025 and 2026 (the first two from Internet Archive captures, SHA-1 checked). Passenger cars followed on a key of fixed attributes plus colour, unique in each file; identical cars registered on one day are dropped. Leaving traffic use means absent from the next snapshot: scrapped, exported or laid up, with no reason per car. Main sample: cars whose reading changed in the year before the baseline (inspected then), whole years since first use, the UK's km band, the UK script's own decile and elasticity functions. Association, not a causal effect. Baseline 2024, gone in 2025, looked for again in 2026 (ages 10-20, all readings; inspections are yearly there).",Context: X11 (a second odometer register)
x11_fi_exit_twice_laidup,"Finland: per doubling, exits back a year later (laid up), ages 10-20",1.24,,,times,MEASURED,analysis/fi_exit_report.md,Baseline 2024: back in 2026 (laid up) >> twice the mileage,,2026-09-26,"Traficom open vehicle file (CC BY 4.0), snapshots of 30 June 2024, 2025 and 2026 (the first two from Internet Archive captures, SHA-1 checked). Passenger cars followed on a key of fixed attributes plus colour, unique in each file; identical cars registered on one day are dropped. Leaving traffic use means absent from the next snapshot: scrapped, exported or laid up, with no reason per car. Main sample: cars whose reading changed in the year before the baseline (inspected then), whole years since first use, the UK's km band, the UK script's own decile and elasticity functions. Association, not a causal effect. Baseline 2024, gone in 2025, looked for again in 2026 (ages 10-20, all readings; inspections are yearly there).",Context: X11 (a second odometer register)
x11_fi_laidup_share,"Finland: share of a year's exits back in traffic use a year later, ages 10-20",31.3,,,%,MEASURED,analysis/fi_exit_report.md,were back in traffic use in 2026,,2026-09-26,"Traficom open vehicle file (CC BY 4.0), snapshots of 30 June 2024, 2025 and 2026 (the first two from Internet Archive captures, SHA-1 checked). Passenger cars followed on a key of fixed attributes plus colour, unique in each file; identical cars registered on one day are dropped. Leaving traffic use means absent from the next snapshot: scrapped, exported or laid up, with no reason per car. Main sample: cars whose reading changed in the year before the baseline (inspected then), whole years since first use, the UK's km band, the UK script's own decile and elasticity functions. Association, not a causal effect. Baseline 2024, gone in 2025, looked for again in 2026 (ages 10-20, all readings; inspections are yearly there).",Context: X11 (a second odometer register)
x11_fi_key_unique,Finland: cars the key can follow (unique in 2025),88.4,,,%,MEASURED,analysis/fi_register_report.md,K3 >> unique in 2025,,2026-09-26,"Traficom open vehicle file (CC BY 4.0), snapshots of 30 June 2025 and 2026. A quality check of the key, not a finding about cars: `jarnro` is a row number, so cars are matched on fixed attributes plus colour.",Context: X11 (a second odometer register)
x11_fi_key_odo_fell,Finland: followed cars whose reading fell a year later,0.31,,,%,MEASURED,analysis/fi_register_report.md,K3 >> readings that fell,,2026-09-26,"Traficom open vehicle file (CC BY 4.0), snapshots of 30 June 2025 and 2026. A quality check of the key, not a finding about cars: `jarnro` is a row number, so cars are matched on fixed attributes plus colour. A fall bounds wrong matches plus clocked or replaced odometers.",Context: X11 (a second odometer register)
dat_gw_paid_2023,"Germany: average price paid for a used car by private buyers, 2023",18620,,,EUR,SOURCED,"DAT Report 2024 Kurzbericht, p10 (Anschaffungspreise)",,https://www.dat.de/fileadmin/de/images/produkte/DAT_Report/DAT_Report_NEW/2024/DAT_Report2024_Pressemitteilung.pdf,2023-12-31,"DAT Report survey of private car buyers in Germany: a mean over used-car purchases from brand dealers, independent dealers and private sellers, as the buyer reported it. The mix of cars bought (age, mileage, segment) is in the paid report only.",Context: X10 (realised European prices)
dat_gw_private_share_2023,"Germany: share of used-car purchases from private sellers, 2023",29,,,%,SOURCED,"DAT Report 2024 Kurzbericht, p10, chart P14 (Marktanteile im Gebrauchtwagengeschäft)",,https://www.dat.de/fileadmin/de/images/produkte/DAT_Report/DAT_Report_NEW/2024/DAT_Report2024_Pressemitteilung.pdf,2023-12-31,"DAT Report survey of private car buyers in Germany: a mean over used-car purchases from brand dealers, independent dealers and private sellers, as the buyer reported it. The mix of cars bought (age, mileage, segment) is in the paid report only.",Context: X10 (realised European prices)
kba_pkw_transfers_2023,"Germany: passenger-car ownership changes, 2023",6030874,,,cars,SOURCED,"KBA Jahresbilanz Besitzumschreibungen 2023, table by vehicle class",,https://www.kba.de/DE/Statistik/Fahrzeuge/Besitzumschreibungen/Jahresbilanz_Besitzumschreibungen/2023/2023_u_jahresbilanz_uebersicht.html,2023-12-31,"KBA's count of Pkw ownership changes (Besitzumschreibungen) in 2023, all keepers, private and commercial. Used as the official mix of cars changing hands; DAT's buyers are private households, whose mix may differ.",Context: X10 (realised European prices)
kba_pkw_transfer_age_2023,"Germany: average age of passenger cars changing owner, 2023",10.2,,,years,SOURCED,"KBA Jahresbilanz Besitzumschreibungen 2023, text",,https://www.kba.de/DE/Statistik/Fahrzeuge/Besitzumschreibungen/Jahresbilanz_Besitzumschreibungen/2023/2023_u_jahresbilanz_uebersicht.html,2023-12-31,"KBA's count of Pkw ownership changes (Besitzumschreibungen) in 2023, all keepers, private and commercial. Used as the official mix of cars changing hands; DAT's buyers are private households, whose mix may differ.",Context: X10 (realised European prices)
kba_pkw_transfers_2023_audi,"Germany: passenger-car ownership changes, 2023, AUDI",466752,,,cars,SOURCED,"KBA Jahresbilanz Besitzumschreibungen 2023, top-5 German and top-5 import brands",,https://www.kba.de/DE/Statistik/Fahrzeuge/Besitzumschreibungen/Jahresbilanz_Besitzumschreibungen/2023/2023_u_jahresbilanz_uebersicht.html,2023-12-31,"KBA's count of Pkw ownership changes (Besitzumschreibungen) in 2023, all keepers, private and commercial. Used as the official mix of cars changing hands; DAT's buyers are private households, whose mix may differ.",Context: X10 (realised European prices)
kba_pkw_transfers_2023_bmw,"Germany: passenger-car ownership changes, 2023, BMW",506166,,,cars,SOURCED,"KBA Jahresbilanz Besitzumschreibungen 2023, top-5 German and top-5 import brands",,https://www.kba.de/DE/Statistik/Fahrzeuge/Besitzumschreibungen/Jahresbilanz_Besitzumschreibungen/2023/2023_u_jahresbilanz_uebersicht.html,2023-12-31,"KBA's count of Pkw ownership changes (Besitzumschreibungen) in 2023, all keepers, private and commercial. Used as the official mix of cars changing hands; DAT's buyers are private households, whose mix may differ.",Context: X10 (realised European prices)
kba_pkw_transfers_2023_mercedes,"Germany: passenger-car ownership changes, 2023, MERCEDES",635568,,,cars,SOURCED,"KBA Jahresbilanz Besitzumschreibungen 2023, top-5 German and top-5 import brands",,https://www.kba.de/DE/Statistik/Fahrzeuge/Besitzumschreibungen/Jahresbilanz_Besitzumschreibungen/2023/2023_u_jahresbilanz_uebersicht.html,2023-12-31,"KBA's count of Pkw ownership changes (Besitzumschreibungen) in 2023, all keepers, private and commercial. Used as the official mix of cars changing hands; DAT's buyers are private households, whose mix may differ.",Context: X10 (realised European prices)
kba_pkw_transfers_2023_opel,"Germany: passenger-car ownership changes, 2023, OPEL",551135,,,cars,SOURCED,"KBA Jahresbilanz Besitzumschreibungen 2023, top-5 German and top-5 import brands",,https://www.kba.de/DE/Statistik/Fahrzeuge/Besitzumschreibungen/Jahresbilanz_Besitzumschreibungen/2023/2023_u_jahresbilanz_uebersicht.html,2023-12-31,"KBA's count of Pkw ownership changes (Besitzumschreibungen) in 2023, all keepers, private and commercial. Used as the official mix of cars changing hands; DAT's buyers are private households, whose mix may differ.",Context: X10 (realised European prices)
kba_pkw_transfers_2023_vw,"Germany: passenger-car ownership changes, 2023, VW",1260287,,,cars,SOURCED,"KBA Jahresbilanz Besitzumschreibungen 2023, top-5 German and top-5 import brands",,https://www.kba.de/DE/Statistik/Fahrzeuge/Besitzumschreibungen/Jahresbilanz_Besitzumschreibungen/2023/2023_u_jahresbilanz_uebersicht.html,2023-12-31,"KBA's count of Pkw ownership changes (Besitzumschreibungen) in 2023, all keepers, private and commercial. Used as the official mix of cars changing hands; DAT's buyers are private households, whose mix may differ.",Context: X10 (realised European prices)
kba_pkw_transfers_2023_fiat,"Germany: passenger-car ownership changes, 2023, FIAT",154819,,,cars,SOURCED,"KBA Jahresbilanz Besitzumschreibungen 2023, top-5 German and top-5 import brands",,https://www.kba.de/DE/Statistik/Fahrzeuge/Besitzumschreibungen/Jahresbilanz_Besitzumschreibungen/2023/2023_u_jahresbilanz_uebersicht.html,2023-12-31,"KBA's count of Pkw ownership changes (Besitzumschreibungen) in 2023, all keepers, private and commercial. Used as the official mix of cars changing hands; DAT's buyers are private households, whose mix may differ.",Context: X10 (realised European prices)
kba_pkw_transfers_2023_hyundai,"Germany: passenger-car ownership changes, 2023, HYUNDAI",152234,,,cars,SOURCED,"KBA Jahresbilanz Besitzumschreibungen 2023, top-5 German and top-5 import brands",,https://www.kba.de/DE/Statistik/Fahrzeuge/Besitzumschreibungen/Jahresbilanz_Besitzumschreibungen/2023/2023_u_jahresbilanz_uebersicht.html,2023-12-31,"KBA's count of Pkw ownership changes (Besitzumschreibungen) in 2023, all keepers, private and commercial. Used as the official mix of cars changing hands; DAT's buyers are private households, whose mix may differ.",Context: X10 (realised European prices)
kba_pkw_transfers_2023_renault,"Germany: passenger-car ownership changes, 2023, RENAULT",204802,,,cars,SOURCED,"KBA Jahresbilanz Besitzumschreibungen 2023, top-5 German and top-5 import brands",,https://www.kba.de/DE/Statistik/Fahrzeuge/Besitzumschreibungen/Jahresbilanz_Besitzumschreibungen/2023/2023_u_jahresbilanz_uebersicht.html,2023-12-31,"KBA's count of Pkw ownership changes (Besitzumschreibungen) in 2023, all keepers, private and commercial. Used as the official mix of cars changing hands; DAT's buyers are private households, whose mix may differ.",Context: X10 (realised European prices)
kba_pkw_transfers_2023_seat,"Germany: passenger-car ownership changes, 2023, SEAT",184643,,,cars,SOURCED,"KBA Jahresbilanz Besitzumschreibungen 2023, top-5 German and top-5 import brands",,https://www.kba.de/DE/Statistik/Fahrzeuge/Besitzumschreibungen/Jahresbilanz_Besitzumschreibungen/2023/2023_u_jahresbilanz_uebersicht.html,2023-12-31,"KBA's count of Pkw ownership changes (Besitzumschreibungen) in 2023, all keepers, private and commercial. Used as the official mix of cars changing hands; DAT's buyers are private households, whose mix may differ.",Context: X10 (realised European prices)
kba_pkw_transfers_2023_skoda,"Germany: passenger-car ownership changes, 2023, SKODA",247987,,,cars,SOURCED,"KBA Jahresbilanz Besitzumschreibungen 2023, top-5 German and top-5 import brands",,https://www.kba.de/DE/Statistik/Fahrzeuge/Besitzumschreibungen/Jahresbilanz_Besitzumschreibungen/2023/2023_u_jahresbilanz_uebersicht.html,2023-12-31,"KBA's count of Pkw ownership changes (Besitzumschreibungen) in 2023, all keepers, private and commercial. Used as the official mix of cars changing hands; DAT's buyers are private households, whose mix may differ.",Context: X10 (realised European prices)
dat_gw_paid_2016,"Germany: average price paid for a used car by private buyers, 2016",11430,,,EUR,SOURCED,"DAT Report 2026 Kurzbericht, p15, chart P20 (Gebrauchtwagenpreise, Durchschnittspreise in Euro)",,https://www.dat.de/fileadmin/de/images/produkte/DAT_Report/DAT_Report_NEW/2026/DAT-Report-2026-Kurzbericht.pdf,2016-12-31,"DAT Report survey of private car buyers in Germany: the mean price paid for a used car that year, over purchases from brand dealers, independent dealers and private sellers, as the buyer reported it. An average over whatever mix was bought, not a like-for-like price.",Context: X10 (realised European prices)
dat_gw_paid_2017,"Germany: average price paid for a used car by private buyers, 2017",11250,,,EUR,SOURCED,"DAT Report 2026 Kurzbericht, p15, chart P20 (Gebrauchtwagenpreise, Durchschnittspreise in Euro)",,https://www.dat.de/fileadmin/de/images/produkte/DAT_Report/DAT_Report_NEW/2026/DAT-Report-2026-Kurzbericht.pdf,2017-12-31,"DAT Report survey of private car buyers in Germany: the mean price paid for a used car that year, over purchases from brand dealers, independent dealers and private sellers, as the buyer reported it. An average over whatever mix was bought, not a like-for-like price.",Context: X10 (realised European prices)
dat_gw_paid_2018,"Germany: average price paid for a used car by private buyers, 2018",11780,,,EUR,SOURCED,"DAT Report 2026 Kurzbericht, p15, chart P20 (Gebrauchtwagenpreise, Durchschnittspreise in Euro)",,https://www.dat.de/fileadmin/de/images/produkte/DAT_Report/DAT_Report_NEW/2026/DAT-Report-2026-Kurzbericht.pdf,2018-12-31,"DAT Report survey of private car buyers in Germany: the mean price paid for a used car that year, over purchases from brand dealers, independent dealers and private sellers, as the buyer reported it. An average over whatever mix was bought, not a like-for-like price.",Context: X10 (realised European prices)
dat_gw_paid_2019,"Germany: average price paid for a used car by private buyers, 2019",12470,,,EUR,SOURCED,"DAT Report 2026 Kurzbericht, p15, chart P20 (Gebrauchtwagenpreise, Durchschnittspreise in Euro)",,https://www.dat.de/fileadmin/de/images/produkte/DAT_Report/DAT_Report_NEW/2026/DAT-Report-2026-Kurzbericht.pdf,2019-12-31,"DAT Report survey of private car buyers in Germany: the mean price paid for a used car that year, over purchases from brand dealers, independent dealers and private sellers, as the buyer reported it. An average over whatever mix was bought, not a like-for-like price.",Context: X10 (realised European prices)
dat_gw_paid_2020,"Germany: average price paid for a used car by private buyers, 2020",14730,,,EUR,SOURCED,"DAT Report 2026 Kurzbericht, p15, chart P20 (Gebrauchtwagenpreise, Durchschnittspreise in Euro)",,https://www.dat.de/fileadmin/de/images/produkte/DAT_Report/DAT_Report_NEW/2026/DAT-Report-2026-Kurzbericht.pdf,2020-12-31,"DAT Report survey of private car buyers in Germany: the mean price paid for a used car that year, over purchases from brand dealers, independent dealers and private sellers, as the buyer reported it. An average over whatever mix was bought, not a like-for-like price.",Context: X10 (realised European prices)
dat_gw_paid_2021,"Germany: average price paid for a used car by private buyers, 2021",15740,,,EUR,SOURCED,"DAT Report 2026 Kurzbericht, p15, chart P20 (Gebrauchtwagenpreise, Durchschnittspreise in Euro)",,https://www.dat.de/fileadmin/de/images/produkte/DAT_Report/DAT_Report_NEW/2026/DAT-Report-2026-Kurzbericht.pdf,2021-12-31,"DAT Report survey of private car buyers in Germany: the mean price paid for a used car that year, over purchases from brand dealers, independent dealers and private sellers, as the buyer reported it. An average over whatever mix was bought, not a like-for-like price.",Context: X10 (realised European prices)
dat_gw_paid_2022,"Germany: average price paid for a used car by private buyers, 2022",18800,,,EUR,SOURCED,"DAT Report 2026 Kurzbericht, p15, chart P20 (Gebrauchtwagenpreise, Durchschnittspreise in Euro)",,https://www.dat.de/fileadmin/de/images/produkte/DAT_Report/DAT_Report_NEW/2026/DAT-Report-2026-Kurzbericht.pdf,2022-12-31,"DAT Report survey of private car buyers in Germany: the mean price paid for a used car that year, over purchases from brand dealers, independent dealers and private sellers, as the buyer reported it. An average over whatever mix was bought, not a like-for-like price.",Context: X10 (realised European prices)
dat_gw_paid_2024,"Germany: average price paid for a used car by private buyers, 2024",18600,,,EUR,SOURCED,"DAT Report 2026 Kurzbericht, p15, chart P20 (Gebrauchtwagenpreise, Durchschnittspreise in Euro)",,https://www.dat.de/fileadmin/de/images/produkte/DAT_Report/DAT_Report_NEW/2026/DAT-Report-2026-Kurzbericht.pdf,2024-12-31,"DAT Report survey of private car buyers in Germany: the mean price paid for a used car that year, over purchases from brand dealers, independent dealers and private sellers, as the buyer reported it. An average over whatever mix was bought, not a like-for-like price.",Context: X10 (realised European prices)
dat_gw_paid_2025,"Germany: average price paid for a used car by private buyers, 2025",18310,,,EUR,SOURCED,"DAT Report 2026 Kurzbericht, p15, chart P20 (Gebrauchtwagenpreise, Durchschnittspreise in Euro)",,https://www.dat.de/fileadmin/de/images/produkte/DAT_Report/DAT_Report_NEW/2026/DAT-Report-2026-Kurzbericht.pdf,2025-12-31,"DAT Report survey of private car buyers in Germany: the mean price paid for a used car that year, over purchases from brand dealers, independent dealers and private sellers, as the buyer reported it. An average over whatever mix was bought, not a like-for-like price.",Context: X10 (realised European prices)
agpi_change_2022,"Germany: AutoScout24 average asking price, change in 2022 on 2021",19,,,%,SOURCED,"AutoScout24 AGPI year review 2022, as reprinted by sparneuwagen.de (14 December 2022)",,https://www.sparneuwagen.de/news/gebrauchtwagenpreise-steigen-2022-um-19-prozent/,2022-12-14,"AutoScout24 Gebrauchtwagen-Preis-Index (AGPI): the mean offer (asking) price of used cars listed on AutoScout24 Germany; AutoScout24's own releases call its figures Angebotspreise. An average over the listed mix, not quality-adjusted. Year figures come from AutoScout24's December year reviews.",Context: X10 (realised European prices)
agpi_mean_2023,"Germany: AutoScout24 average asking price, 2023",28609,,,EUR,SOURCED,"AutoScout24 AGPI year review 2023, as reprinted by motormobiles.de (11 December 2023)",,https://www.motormobiles.de/autoscout24-gebrauchtwagenpreise-legen-2023-um-4-prozent-zu/,2023-12-11,"AutoScout24 Gebrauchtwagen-Preis-Index (AGPI): the mean offer (asking) price of used cars listed on AutoScout24 Germany; AutoScout24's own releases call its figures Angebotspreise. An average over the listed mix, not quality-adjusted. Year figures come from AutoScout24's December year reviews.",Context: X10 (realised European prices)
agpi_change_2023,"Germany: AutoScout24 average asking price, change in 2023 on 2022",4,,,%,SOURCED,"AutoScout24 AGPI year review 2023, as reprinted by motormobiles.de (11 December 2023)",,https://www.motormobiles.de/autoscout24-gebrauchtwagenpreise-legen-2023-um-4-prozent-zu/,2023-12-11,"AutoScout24 Gebrauchtwagen-Preis-Index (AGPI): the mean offer (asking) price of used cars listed on AutoScout24 Germany; AutoScout24's own releases call its figures Angebotspreise. An average over the listed mix, not quality-adjusted. Year figures come from AutoScout24's December year reviews.",Context: X10 (realised European prices)
agpi_peak_2023_03,"Germany: AutoScout24 average asking price, record month (March 2023)",29333,,,EUR,SOURCED,"AutoScout24 AGPI year review 2023, as reprinted by motormobiles.de (11 December 2023)",,https://www.motormobiles.de/autoscout24-gebrauchtwagenpreise-legen-2023-um-4-prozent-zu/,2023-03-31,"AutoScout24 Gebrauchtwagen-Preis-Index (AGPI): the mean offer (asking) price of used cars listed on AutoScout24 Germany; AutoScout24's own releases call its figures Angebotspreise. An average over the listed mix, not quality-adjusted. Year figures come from AutoScout24's December year reviews.",Context: X10 (realised European prices)
agpi_mean_2024,"Germany: AutoScout24 average asking price, 2024",26942,,,EUR,SOURCED,"AutoScout24 press release, Jahresrückblick 2024 (10 December 2024)",,https://www.presseportal.de/pm/13984/5927537,2024-12-10,"AutoScout24 Gebrauchtwagen-Preis-Index (AGPI): the mean offer (asking) price of used cars listed on AutoScout24 Germany; AutoScout24's own releases call its figures Angebotspreise. An average over the listed mix, not quality-adjusted. Year figures come from AutoScout24's December year reviews.",Context: X10 (realised European prices)
agpi_change_2024,"Germany: AutoScout24 average asking price, change in 2024 on 2023",-6.1,,,%,SOURCED,"AutoScout24 press release, Jahresrückblick 2024 (10 December 2024)",,https://www.presseportal.de/pm/13984/5927537,2024-12-10,"AutoScout24 Gebrauchtwagen-Preis-Index (AGPI): the mean offer (asking) price of used cars listed on AutoScout24 Germany; AutoScout24's own releases call its figures Angebotspreise. An average over the listed mix, not quality-adjusted. Year figures come from AutoScout24's December year reviews. The stated change differs from the two year figures' ratio (about -5.8%); the year reviews' basis for the year isn't stated.",Context: X10 (realised European prices)
agpi_nov_2024,"Germany: AutoScout24 average asking price, November 2024",26786,,,EUR,SOURCED,"AutoScout24 press release, Jahresrückblick 2024 (10 December 2024)",,https://www.presseportal.de/pm/13984/5927537,2024-11-30,"AutoScout24 Gebrauchtwagen-Preis-Index (AGPI): the mean offer (asking) price of used cars listed on AutoScout24 Germany; AutoScout24's own releases call its figures Angebotspreise. An average over the listed mix, not quality-adjusted. Year figures come from AutoScout24's December year reviews.",Context: X10 (realised European prices)
agpi_nov_2025,"Germany: AutoScout24 average asking price, November 2025",27612,,,EUR,SOURCED,"AutoScout24 press release, AGPI November 2025 (27 November 2025)",,https://www.presseportal.de/pm/13984/6167286,2025-11-30,"AutoScout24 Gebrauchtwagen-Preis-Index (AGPI): the mean offer (asking) price of used cars listed on AutoScout24 Germany; AutoScout24's own releases call its figures Angebotspreise. An average over the listed mix, not quality-adjusted. Year figures come from AutoScout24's December year reviews.",Context: X10 (realised European prices)
x10_de_ratio_official_mix,"Germany 2023: mean asking / DAT mean paid, adverts weighted to the official mix (KBA age and top brands)",1.05,,,ratio,MEASURED,analysis/asking_vs_paid_de_report.md,KBA: mean age and the ten largest brands >> asking / paid,,2026-09-26,"June 2023 AutoScout24 Germany adverts (de_2023, dated by their Kaggle upload), reweighted to a mix, against DAT's 2023 survey mean price paid. The ratio moves more with the mix than a negotiated discount could, so it is not a discount estimate; DAT's own mix is unpublished. Asking prices.",Context: X10 (realised European prices)
x10_de_ratio_young_mix,"Germany 2023: the same, adverts weighted to a mean age of 6",1.49,,,ratio,MEASURED,analysis/asking_vs_paid_de_report.md,mean age 6 >> asking / paid,,2026-09-26,"June 2023 AutoScout24 Germany adverts (de_2023, dated by their Kaggle upload), reweighted to a mix, against DAT's 2023 survey mean price paid. The ratio moves more with the mix than a negotiated discount could, so it is not a discount estimate; DAT's own mix is unpublished. Asking prices.",Context: X10 (realised European prices)
x10_de_ratio_trimmed,"Germany 2023: the same at the official mix, top 1% of asking prices dropped",0.96,,,ratio,MEASURED,analysis/asking_vs_paid_de_report.md,"KBA age and brands, top 1% of asking prices dropped >> asking / paid",,2026-09-26,"June 2023 AutoScout24 Germany adverts (de_2023, dated by their Kaggle upload), reweighted to a mix, against DAT's 2023 survey mean price paid. The ratio moves more with the mix than a negotiated discount could, so it is not a discount estimate; DAT's own mix is unpublished. Asking prices.",Context: X10 (realised European prices)
x10_de_gap_2023_pts,"Germany: asking-average change less paid-average change, 2023",5.0,,,points,MEASURED,analysis/asking_vs_paid_de_report.md,2023 >> asking less paid (points),,2026-09-26,"Annual plain averages: AutoScout24's AGPI (mean asking price of listings, largely dealers) against DAT's survey mean price paid (all purchases, private sales included). Different populations; the AGPI year reviews' basis isn't stated. Not like-for-like: Germany's official hedonic index kept rising meanwhile.",Context: X10 (realised European prices)
x10_de_gap_2024_pts,"Germany: asking-average change less paid-average change, 2024",-6.0,,,points,MEASURED,analysis/asking_vs_paid_de_report.md,2024 >> asking less paid (points),,2026-09-26,"Annual plain averages: AutoScout24's AGPI (mean asking price of listings, largely dealers) against DAT's survey mean price paid (all purchases, private sales included). Different populations; the AGPI year reviews' basis isn't stated. Not like-for-like: Germany's official hedonic index kept rising meanwhile.",Context: X10 (realised European prices)
x10_aramis_corr_same_q,"Aramis realised price vs official indices: correlation of year-on-year changes, same quarter",0.73,,,correlation,MEASURED,analysis/aramis_prices_report.md,0 >> all six countries,,2026-09-26,"Aramis Group (60.54% owned by Stellantis) public releases, FY2021 Q3 to FY2026 Q3: revenue per refurbished car sold, reported basis, as first reported (Q2, Q4 by difference); year-on-year against Eurostat HICP CP07112 (COICOP 2018) and ONS for the UK, weighted by Aramis's revenue by country. An average price, moving with Aramis's own mix (country, age, price range) as well as the market. 17 quarters: one boom, one normalisation.",Context: X10 (realised European prices)
x10_aramis_corr_lag3,"The same, against the indices three quarters later",0.81,,,correlation,MEASURED,analysis/aramis_prices_report.md,3 >> all six countries,,2026-09-26,"Aramis Group (60.54% owned by Stellantis) public releases, FY2021 Q3 to FY2026 Q3: revenue per refurbished car sold, reported basis, as first reported (Q2, Q4 by difference); year-on-year against Eurostat HICP CP07112 (COICOP 2018) and ONS for the UK, weighted by Aramis's revenue by country. An average price, moving with Aramis's own mix (country, age, price range) as well as the market. 17 quarters: one boom, one normalisation. France's index prices smoothed Argus guide values.",Context: X10 (realised European prices)
x10_aramis_corr_xfr,"The same without France, same quarter",0.82,,,correlation,MEASURED,analysis/aramis_prices_report.md,0 >> without France,,2026-09-26,"Aramis Group (60.54% owned by Stellantis) public releases, FY2021 Q3 to FY2026 Q3: revenue per refurbished car sold, reported basis, as first reported (Q2, Q4 by difference); year-on-year against Eurostat HICP CP07112 (COICOP 2018) and ONS for the UK, weighted by Aramis's revenue by country. An average price, moving with Aramis's own mix (country, age, price range) as well as the market. 17 quarters: one boom, one normalisation.",Context: X10 (realised European prices)
x10_aramis_boom_yoy,"Aramis realised price per refurbished car, change on a year, April-June 2022",30.3,,,%,MEASURED,analysis/aramis_prices_report.md,FY22 Q3 >> its change on a year,,2026-09-26,"Aramis Group (60.54% owned by Stellantis) public releases, FY2021 Q3 to FY2026 Q3: revenue per refurbished car sold, reported basis, as first reported (Q2, Q4 by difference); year-on-year against Eurostat HICP CP07112 (COICOP 2018) and ONS for the UK, weighted by Aramis's revenue by country. An average price, moving with Aramis's own mix (country, age, price range) as well as the market. 17 quarters: one boom, one normalisation.",Context: X10 (realised European prices)
x10_aramis_boom_index_yoy,"Official indices at Aramis's country weights, change on a year, April-June 2022",9.3,,,%,MEASURED,analysis/aramis_prices_report.md,"FY22 Q3 >> official indices, Aramis's country weights",,2026-09-26,"Aramis Group (60.54% owned by Stellantis) public releases, FY2021 Q3 to FY2026 Q3: revenue per refurbished car sold, reported basis, as first reported (Q2, Q4 by difference); year-on-year against Eurostat HICP CP07112 (COICOP 2018) and ONS for the UK, weighted by Aramis's revenue by country. An average price, moving with Aramis's own mix (country, age, price range) as well as the market. 17 quarters: one boom, one normalisation.",Context: X10 (realised European prices)
x10_aramis_effect_agree_pts,Largest gap between Aramis's stated price effects and revenue per car computed from its tables,0.1,,,points,MEASURED,analysis/aramis_prices_report.md,reproduces the stated effect within,,2026-09-26,"Aramis Group (60.54% owned by Stellantis) public releases, FY2021 Q3 to FY2026 Q3: revenue per refurbished car sold, reported basis, as first reported (Q2, Q4 by difference); year-on-year against Eurostat HICP CP07112 (COICOP 2018) and ONS for the UK, weighted by Aramis's revenue by country. An average price, moving with Aramis's own mix (country, age, price range) as well as the market. 17 quarters: one boom, one normalisation. A check that Aramis's 'price effect' is its change in revenue per car.",Context: X10 (realised European prices)
stellantis_aramis_interest_pct,Stellantis's interest in Aramis Group (the group's used-car retailer),60.54,,,%,SOURCED,"Stellantis N.V. Form 20-F FY2025, Exhibit 8.1 (list of subsidiaries)",,https://www.sec.gov/Archives/edgar/data/1605484/000160548426000021/exhibit8120251231-subsidia.htm,2025-12-31,"Percentage interest held, as listed. A sale of the stake was reported by the press (L'Informé, September 2026), not announced by Stellantis.",Context: X10 (realised European prices)
x13_dv_uptake_no_adjust,"Share choosing the model when it can't be adjusted (Dietvorst 2018, Study 2)",0.47,,,share,MEASURED,analysis/band_replay_report.md,"Study 2 uptake, can't change >> from the file",,2026-09-26,"Recomputed from Dietvorst, Simmons & Massey's public file (Management Science 2018, 64(3); OSF 5nz9c), matching the paper. People forecast students' test percentiles with a model (Wharton lab and online samples) and had no information the model lacked.",Context: X13 (override band)
x13_dv_uptake_adjust5,"The same, when it can be adjusted by up to 5 percentiles",0.71,,,share,MEASURED,analysis/band_replay_report.md,"Study 2 uptake, adjust by 5 >> from the file",,2026-09-26,"Recomputed from Dietvorst, Simmons & Massey's public file (Management Science 2018, 64(3); OSF 5nz9c), matching the paper. People forecast students' test percentiles with a model (Wharton lab and online samples) and had no information the model lacked.",Context: X13 (override band)
x13_dv_uptake_adjust2,"The same, by up to 2 percentiles",0.68,,,share,MEASURED,analysis/band_replay_report.md,"Study 2 uptake, adjust by 2 >> from the file",,2026-09-26,"Recomputed from Dietvorst, Simmons & Massey's public file (Management Science 2018, 64(3); OSF 5nz9c), matching the paper. People forecast students' test percentiles with a model (Wharton lab and online samples) and had no information the model lacked.",Context: X13 (override band)
x13_dv_band_used_10,"Share of a ±10 band that model users used, on average (Study 2)",50,,,%,MEASURED,analysis/band_replay_report.md,±10 >> mean share of band used,,2026-09-26,"Recomputed from Dietvorst, Simmons & Massey's public file (Management Science 2018, 64(3); OSF 5nz9c), matching the paper. People forecast students' test percentiles with a model (Wharton lab and online samples) and had no information the model lacked.",Context: X13 (override band)
x13_dv_band_used_5,"The same, ±5 band",52,,,%,MEASURED,analysis/band_replay_report.md,±5 >> mean share of band used,,2026-09-26,"Recomputed from Dietvorst, Simmons & Massey's public file (Management Science 2018, 64(3); OSF 5nz9c), matching the paper. People forecast students' test percentiles with a model (Wharton lab and online samples) and had no information the model lacked.",Context: X13 (override band)
x13_dv_band_used_2,"The same, ±2 band",67,,,%,MEASURED,analysis/band_replay_report.md,±2 >> mean share of band used,,2026-09-26,"Recomputed from Dietvorst, Simmons & Massey's public file (Management Science 2018, 64(3); OSF 5nz9c), matching the paper. People forecast students' test percentiles with a model (Wharton lab and online samples) and had no information the model lacked.",Context: X13 (override band)
x13_ps_woa_typical,"Median weight on the model's price, typical apartments",0.50,,,weight,MEASURED,analysis/band_replay_report.md,typical (q0-q9) >> median weight on the model,,2026-09-26,"US data: Poursabzi-Sangdeh et al. (CHI 2021), lay online participants pricing New York apartments from a listing; public trial-level data (GitHub). Eleven apartments, one of them unusual; prices entered in $0.1m steps. Weight = (final - own first) / (model - own first), clipped 0-1 (experiment 3).",Context: X13 (override band)
x13_ps_woa_unusual,"The same, the apartment the model overpriced badly",0.50,,,weight,MEASURED,analysis/band_replay_report.md,"unusual (q10), where the model is 85% too high >> median weight on the model",,2026-09-26,"US data: Poursabzi-Sangdeh et al. (CHI 2021), lay online participants pricing New York apartments from a listing; public trial-level data (GitHub). Eleven apartments, one of them unusual; prices entered in $0.1m steps. Weight as x13_ps_woa_typical. Naive advice weighting on real price estimates.",Context: X13 (override band)
x13_ps_own_closer_typical,"Share of people's own first prices closer to the sale price than the model's, typical apartments",26,,,%,MEASURED,analysis/band_replay_report.md,typical (q0-q9) >> own first price closer to the sale price than the model's,,2026-09-26,"US data: Poursabzi-Sangdeh et al. (CHI 2021), lay online participants pricing New York apartments from a listing; public trial-level data (GitHub). Eleven apartments, one of them unusual; prices entered in $0.1m steps.",Context: X13 (override band)
x13_ps_own_closer_unusual,"The same, the apartment the model overpriced badly",79,,,%,MEASURED,analysis/band_replay_report.md,"unusual (q10), where the model is 85% too high >> own first price closer to the sale price than the model's",,2026-09-26,"US data: Poursabzi-Sangdeh et al. (CHI 2021), lay online participants pricing New York apartments from a listing; public trial-level data (GitHub). Eleven apartments, one of them unusual; prices entered in $0.1m steps.",Context: X13 (override band)
x13_ps_signal_r2,"Share of the model's error carried by people's own first prices (R²), all eleven apartments",0.004,,,R²,MEASURED,analysis/band_replay_report.md,all eleven >> share of the model's error their own first price carried (R²),,2026-09-26,"US data: Poursabzi-Sangdeh et al. (CHI 2021), lay online participants pricing New York apartments from a listing; public trial-level data (GitHub). Eleven apartments, one of them unusual; prices entered in $0.1m steps. Lay people who saw only the listing; a pricer who inspects the car is unmeasured.",Context: X13 (override band)
x13_ps_err_model_typical,"Mean absolute error of the model's price alone, typical apartments",14.4,,,%,MEASURED,analysis/band_replay_report.md,model only >> typical apartments,,2026-09-26,"US data: Poursabzi-Sangdeh et al. (CHI 2021), lay online participants pricing New York apartments from a listing; public trial-level data (GitHub). Eleven apartments, one of them unusual; prices entered in $0.1m steps.",Context: X13 (override band)
x13_ps_err_free_typical,"The same, people free to adjust the model's price",20.6,,,%,MEASURED,analysis/band_replay_report.md,free adjustment (as people answered) >> typical apartments,,2026-09-26,"US data: Poursabzi-Sangdeh et al. (CHI 2021), lay online participants pricing New York apartments from a listing; public trial-level data (GitHub). Eleven apartments, one of them unusual; prices entered in $0.1m steps.",Context: X13 (override band)
x13_ps_err_model_unusual,"Mean absolute error of the model's price alone, the unusual apartment",91.6,,,%,MEASURED,analysis/band_replay_report.md,model only >> unusual apartment,,2026-09-26,"US data: Poursabzi-Sangdeh et al. (CHI 2021), lay online participants pricing New York apartments from a listing; public trial-level data (GitHub). Eleven apartments, one of them unusual; prices entered in $0.1m steps.",Context: X13 (override band)
x13_ps_err_free_unusual,"The same, people free to adjust the model's price",81.9,,,%,MEASURED,analysis/band_replay_report.md,free adjustment (as people answered) >> unusual apartment,,2026-09-26,"US data: Poursabzi-Sangdeh et al. (CHI 2021), lay online participants pricing New York apartments from a listing; public trial-level data (GitHub). Eleven apartments, one of them unusual; prices entered in $0.1m steps.",Context: X13 (override band)
x13_ps_unusual_uncertainty_rank,"Rank of the unusual apartment by its local uncertainty (1 = widest), of 11",10,,,rank,MEASURED,analysis/band_replay_report.md,q10 (unusual) >> rank,,2026-09-26,"US data: Poursabzi-Sangdeh et al. (CHI 2021), lay online participants pricing New York apartments from a listing; public trial-level data (GitHub). Eleven apartments, one of them unusual; prices entered in $0.1m steps. The uncertainty was fixed before the replay (25 nearest listings' out-of-fold residuals); it did not flag the model's big error, so the tied band bought nothing there.",Context: X13 (override band)
x13_band_half_all,"Value engine's calibrated 80% band: median half-width, all held-out cars",23,,,%,MEASURED,analysis/override_band_report.md,"all ages >> calibrated 80% band, median half-width",,2026-09-26,"Held-out cars in GB, PL, SE, DE, PT, NL, FR and AT (models with 30+ training cars), priced and calibrated per market and age as in conformal_bands.py. Advertised prices; today's market, not a moved level (X7).",Context: X13 (override band)
x13_band_half_old,"The same, cars 12 years and older",48,,,%,MEASURED,analysis/override_band_report.md,"12 to 30 >> calibrated 80% band, median half-width",,2026-09-26,"Held-out cars in GB, PL, SE, DE, PT, NL, FR and AT (models with 30+ training cars), priced and calibrated per market and age as in conformal_bands.py. Advertised prices; today's market, not a moved level (X7).",Context: X13 (override band)
x13_outside5_all,Share of advert prices more than 5% from the engine's price,74,,,%,MEASURED,analysis/override_band_report.md,all ages >> adverts outside ±5% of the engine's price,,2026-09-26,"Held-out cars in GB, PL, SE, DE, PT, NL, FR and AT (models with 30+ training cars), priced and calibrated per market and age as in conformal_bands.py. Advertised prices; today's market, not a moved level (X7).",Context: X13 (override band)
x13_width_error_corr,Rank correlation of the calibrated band's half-width with the engine's absolute error,0.35,,,rho,MEASURED,analysis/override_band_report.md,"rank correlation of half-width with absolute error, all test cars >> value",,2026-09-26,"Held-out cars in GB, PL, SE, DE, PT, NL, FR and AT (models with 30+ training cars), priced and calibrated per market and age as in conformal_bands.py. Advertised prices; today's market, not a moved level (X7). The precondition for a tied band: the engine's band flags its large errors.",Context: X13 (override band)
x13_widest_fifth_error_share,Share of all the engine's error in the widest fifth of bands,35,,,%,MEASURED,analysis/override_band_report.md,share of all the engine's error in the widest fifth >> value,,2026-09-26,"Held-out cars in GB, PL, SE, DE, PT, NL, FR and AT (models with 30+ training cars), priced and calibrated per market and age as in conformal_bands.py. Advertised prices; today's market, not a moved level (X7).",Context: X13 (override band)
x13_oracle_fixed5,Share of the engine's error a pricer who knew the price could remove within ±5%,29,,,%,MEASURED,analysis/override_band_report.md,fixed ±5% >> share of the engine's error removable,,2026-09-26,"Held-out cars in GB, PL, SE, DE, PT, NL, FR and AT (models with 30+ training cars), priced and calibrated per market and age as in conformal_bands.py. Advertised prices; today's market, not a moved level (X7). An upper bound: a pricer who knows the true price.",Context: X13 (override band)
x13_oracle_full_band,"The same, within the full calibrated 80% band",85,,,%,MEASURED,analysis/override_band_report.md,the full calibrated 80% band >> share of the engine's error removable,,2026-09-26,"Held-out cars in GB, PL, SE, DE, PT, NL, FR and AT (models with 30+ training cars), priced and calibrated per market and age as in conformal_bands.py. Advertised prices; today's market, not a moved level (X7). An upper bound: a pricer who knows the true price.",Context: X13 (override band)
x13_oracle_old_left_fixed5,Cars 12+ years: mean error left after such a pricer within ±5%,22.0,,,%,MEASURED,analysis/override_band_report.md,fixed ±5% >> cars 12+ years: error left,,2026-09-26,"Held-out cars in GB, PL, SE, DE, PT, NL, FR and AT (models with 30+ training cars), priced and calibrated per market and age as in conformal_bands.py. Advertised prices; today's market, not a moved level (X7). An upper bound: a pricer who knows the true price.",Context: X13 (override band)
x13_oracle_old_left_tied5,"The same, within a tied band of the same average width as ±5%",19.0,,,%,MEASURED,analysis/override_band_report.md,"tied, same average as ±5% >> cars 12+ years: error left",,2026-09-26,"Held-out cars in GB, PL, SE, DE, PT, NL, FR and AT (models with 30+ training cars), priced and calibrated per market and age as in conformal_bands.py. Advertised prices; today's market, not a moved level (X7). An upper bound: a pricer who knows the true price.",Context: X13 (override band)
x13_tied_cap_young,"Tied band at the same average width as ±5%: median cap, cars 2-4 years",3.4,,,%,MEASURED,analysis/override_band_report.md,"2 to 4 >> tied cap, same average as ±5% (median)",,2026-09-26,"Held-out cars in GB, PL, SE, DE, PT, NL, FR and AT (models with 30+ training cars), priced and calibrated per market and age as in conformal_bands.py. Advertised prices; today's market, not a moved level (X7). The cap is the calibrated band's half-width scaled so the average over held-out cars is ±5%.",Context: X13 (override band)
x13_tied_cap_old,"The same, cars 12 years and older",8.2,,,%,MEASURED,analysis/override_band_report.md,"12 to 30 >> tied cap, same average as ±5% (median)",,2026-09-26,"Held-out cars in GB, PL, SE, DE, PT, NL, FR and AT (models with 30+ training cars), priced and calibrated per market and age as in conformal_bands.py. Advertised prices; today's market, not a moved level (X7). The cap is the calibrated band's half-width scaled so the average over held-out cars is ±5%.",Context: X13 (override band)
x13_be_tied_vs_fixed,Pricer information (rho²) from which the tied band at the same average width beats ±5%,0.00,,,rho²,MEASURED,analysis/override_band_report.md,"noise the same on every car, spread as the engine's error >> tied (same average) beats fixed ±5% from rho²",,2026-09-26,"Held-out cars in GB, PL, SE, DE, PT, NL, FR and AT (models with 30+ training cars), priced and calibrated per market and age as in conformal_bands.py. Advertised prices; today's market, not a moved level (X7). Modelled pricer: one weight on their own view on every car (naive advice weighting; one minus the median weight on the model in band_replay), the move capped by the band. The share of the engine's error the pricer sees (rho²) is unmeasured for cars and swept on a grid; lay people on apartments carried x13_ps_signal_r2. 0.00 under all four readings of the pricer's noise: never worse on the grid.",Context: X13 (override band)
x13_be_full_vs_fixed,Pricer information from which the full calibrated band beats ±5%,0.20,,,rho²,MEASURED,analysis/override_band_report.md,"noise the same on every car, spread as the engine's error >> full calibrated band beats fixed ±5% from",,2026-09-26,"Held-out cars in GB, PL, SE, DE, PT, NL, FR and AT (models with 30+ training cars), priced and calibrated per market and age as in conformal_bands.py. Advertised prices; today's market, not a moved level (X7). Modelled pricer: one weight on their own view on every car (naive advice weighting; one minus the median weight on the model in band_replay), the move capped by the band. The share of the engine's error the pricer sees (rho²) is unmeasured for cars and swept on a grid; lay people on apartments carried x13_ps_signal_r2.",Context: X13 (override band)
x13_be_full_vs_fixed_lay,"The same, the pricer's noise spread as lay people's",0.40,,,rho²,MEASURED,analysis/override_band_report.md,"noise the same on every car, lay spread from part 3 >> full calibrated band beats fixed ±5% from",,2026-09-26,"Held-out cars in GB, PL, SE, DE, PT, NL, FR and AT (models with 30+ training cars), priced and calibrated per market and age as in conformal_bands.py. Advertised prices; today's market, not a moved level (X7). Modelled pricer: one weight on their own view on every car (naive advice weighting; one minus the median weight on the model in band_replay), the move capped by the band. The share of the engine's error the pricer sees (rho²) is unmeasured for cars and swept on a grid; lay people on apartments carried x13_ps_signal_r2.",Context: X13 (override band)
x13_be_fixed_vs_engine,Pricer information from which ±5% beats the engine's price alone,0.05,,,rho²,MEASURED,analysis/override_band_report.md,"noise the same on every car, spread as the engine's error >> fixed ±5% beats the engine alone from",,2026-09-26,"Held-out cars in GB, PL, SE, DE, PT, NL, FR and AT (models with 30+ training cars), priced and calibrated per market and age as in conformal_bands.py. Advertised prices; today's market, not a moved level (X7). Modelled pricer: one weight on their own view on every car (naive advice weighting; one minus the median weight on the model in band_replay), the move capped by the band. The share of the engine's error the pricer sees (rho²) is unmeasured for cars and swept on a grid; lay people on apartments carried x13_ps_signal_r2.",Context: X13 (override band)
bft_naw_error_low,"Naive advice weighting: rise in prediction error when valuable and worthless private information are mixed, low end",20,,,%,SOURCED,"Balakrishnan, Ferreira & Tong, Human-Algorithm Collaboration with Private Information: Naive Advice Weighting Behavior and Mitigation, HBS working paper, 8 July 2024, abstract and p. 3",,https://www.hbs.edu/ris/Publication%20Files/Human-Algorithm%20Collaboration%20with%20Private%20Information_14b8d3ac-7e23-4a41-8877-8de26238431d.pdf,2024-07-08,"US online experiments (MTurk, Prolific) predicting product demand with an algorithm. Measured against people who faced one kind of case only, not against an optimal benchmark.",Context: X13 (override band)
bft_naw_error_high,"The same, high end",61,,,%,SOURCED,"Balakrishnan, Ferreira & Tong, Human-Algorithm Collaboration with Private Information: Naive Advice Weighting Behavior and Mitigation, HBS working paper, 8 July 2024, abstract and p. 3",,https://www.hbs.edu/ris/Publication%20Files/Human-Algorithm%20Collaboration%20with%20Private%20Information_14b8d3ac-7e23-4a41-8877-8de26238431d.pdf,2024-07-08,As bft_naw_error_low.,Context: X13 (override band)
bft_transparency_error_cut,Prediction error cut by showing the algorithm's features,25,,,%,SOURCED,"Balakrishnan, Ferreira & Tong, Human-Algorithm Collaboration with Private Information: Naive Advice Weighting Behavior and Mitigation, HBS working paper, 8 July 2024, abstract (Study 2)",,https://www.hbs.edu/ris/Publication%20Files/Human-Algorithm%20Collaboration%20with%20Private%20Information_14b8d3ac-7e23-4a41-8877-8de26238431d.pdf,2024-07-08,US online experiment; helps people tell when their private information warrants a deviation.,Context: X13 (override band)
bft_private_only_error_cut,Prediction error cut by a nudge to deviate only on private information,34,,,%,SOURCED,"Balakrishnan, Ferreira & Tong, Human-Algorithm Collaboration with Private Information: Naive Advice Weighting Behavior and Mitigation, HBS working paper, 8 July 2024, abstract (Study 3)",,https://www.hbs.edu/ris/Publication%20Files/Human-Algorithm%20Collaboration%20with%20Private%20Information_14b8d3ac-7e23-4a41-8877-8de26238431d.pdf,2024-07-08,US online experiment; the basis for taking a pricer's knowledge as inputs rather than a free price.,Context: X13 (override band)
bailey_woa_pooled,Pooled weight of advice across judge-advisor experiments,39,,,%,SOURCED,"Bailey et al., A meta-analysis of the weight of advice in decision-making, Current Psychology 42:24516-24541 (2023)",,https://pmc.ncbi.nlm.nih.gov/articles/PMC11661855/,2022-08-11,"346 effect sizes, 129 datasets, N = 17,296; 32%, 37% and 48% for advisors framed as low, neutral or high quality. Mostly lay participants.",Context: X13 (override band)
logg_experts_advice_d,Experts took less advice than lay people (effect size),0.60,,,d,SOURCED,"Logg, Minson & Moore, Algorithm appreciation, OBHDP 151 (2019), Experiment 4, p. 9",,https://www.jennlogg.com/uploads/2/8/9/2/2892148/algorithm_appreciation__logg_minson_moore_2019_.pdf,2019-03-01,"61 US national-security professionals against lay people; experts discounted all advice, algorithmic or human, which hurt their accuracy.",Context: X13 (override band)
ksn_profit_gain_pct,Profit gain per treated quote from showing salespeople the model's price,11,,,%,SOURCED,"Karlinsky-Shichor & Netzer, Automating the B2B Salesperson Pricing Decisions: A Human-Machine Hybrid Approach, Marketing Science 43(1) (2024), p. 4",,https://business.columbia.edu/sites/default/files-efs/citation_file_upload/Automating_the_B2B_Salesperson1_0.pdf,2024-01-01,"US B2B aluminium retailer, 8-day field experiment, 4,142 pricing decisions, intention to treat. Salespeople beat the model on special, complex quotes.",Context: X13 (override band)
ksn_compliance_pct,Share of quotes where salespeople followed or moved toward the model's price,19.48,,,%,SOURCED,"Karlinsky-Shichor & Netzer, Marketing Science 43(1) (2024), p. 20",,https://business.columbia.edu/sites/default/files-efs/citation_file_upload/Automating_the_B2B_Salesperson1_0.pdf,2024-01-01,"As ksn_profit_gain_pct: free adjustment, professionals.",Context: X13 (override band)
kesavan_override_profit_loss_pct,Profit shortfall of stores that honoured merchants' overrides of a decision tool,5.77,,,%,SOURCED,"Kesavan & Kushwaha, Field Experiment on the Profit Implications of Merchants' Discretionary Power to Override Data-Driven Decision-Making Tools, Management Science 66(11):5182-5190 (2020), as reported by George Mason University",,https://www.gmu.edu/news/2021-12/algorithmic-workplace-how-can-humans-excel,2020-11-01,"Automobile spare-parts retailer, 12 months, 30,000+ products. The figure is from the university's report; the paper's abstract confirms the direction.",Context: X13 (override band)
kesavan_growth_override_gain_pct,Profit gain from merchants' overrides on growth-stage products,23,,,%,SOURCED,"Kesavan & Kushwaha, Field Experiment on the Profit Implications of Merchants' Discretionary Power to Override Data-Driven Decision-Making Tools, Management Science 66(11):5182-5190 (2020), as reported by George Mason University",,https://www.gmu.edu/news/2021-12/algorithmic-workplace-how-can-humans-excel,2020-11-01,"'More than 23%', where the tool had little history; the tool won on mature and declining products. From the university's report; the abstract confirms the direction.",Context: X13 (override band)
kesavan2026_input_adjust_gain_pct,"Profit gain from merchants adjusting a tool's forecast inputs, against full automation",4.92,,,%,SOURCED,"Kesavan, Kushwaha & Steele, Profit Implications of Judgmental Adjustments to Forecast Inputs, Management Science 72(1):119-127 (2026), abstract",,https://ideas.repec.org/a/inm/ormnsc/v72y2026i1p119-127.html,2026-01-01,"Spare-parts retail chain, large field experiment. Adjusting inputs, not overriding decisions.",Context: X13 (override band)
aubry_ml_r2_pct,Out-of-sample share of art auction price variation explained by a neural network,74.2,,,%,SOURCED,"Aubry, Kräussl, Manso & Spaenjers, Biased Auctioneers, Journal of Finance 78(2):795-833 (2023), pp. 3-4",,https://openaccess.city.ac.uk/id/eprint/35368/1/Biased%20Auctioneers%20JF.pdf,2023-04-01,"Art, not cars. The auction house's experts' estimates exceed 90%, confounded by buyers anchoring on them; the model adds most for artists with less dispersed prices.",Context: X13 (override band)
dat_standing_day_cost_eur,Cost of one standing day for a used car at a German dealer,30,,,EUR a day,SOURCED,"kfz-betrieb (Vogel Communications), 'Standkosten von Gebrauchtwagen steigen deutlich an', reporting the DAT Barometer for October 2024",,https://www.kfz-betrieb.vogel.de/dat-barometer-standtage-a-a1968a8a0e4cd2f5d153fe7df75b3e7d/,2024-10-31,"German franchised and independent dealers, a survey average. Covers marketplace fees, photography and marketing, standing damage and financing where applicable; not the car's own loss of value (X17 part 2 measures that). It was EUR 23 in October 2023.",Context: X17 (value recovered)
dat_standing_days_petrol,Average standing days of a used petrol car at a German dealer,82,,,days,SOURCED,"kfz-betrieb (Vogel Communications), 'Standkosten von Gebrauchtwagen steigen deutlich an', reporting the DAT Barometer for October 2024",,https://www.kfz-betrieb.vogel.de/dat-barometer-standtage-a-a1968a8a0e4cd2f5d153fe7df75b3e7d/,2024-10-31,"German dealers, October 2024. Days from intake to sale at the dealer; diesel 86, battery-electric nearly 100.",Context: X17 (value recovered)
dat_standing_days_diesel,"The same, used diesel car",86,,,days,SOURCED,"kfz-betrieb (Vogel Communications), 'Standkosten von Gebrauchtwagen steigen deutlich an', reporting the DAT Barometer for October 2024",,https://www.kfz-betrieb.vogel.de/dat-barometer-standtage-a-a1968a8a0e4cd2f5d153fe7df75b3e7d/,2024-10-31,As dat_standing_days_petrol.,Context: X17 (value recovered)
aramis_fy25_b2c_units,"Aramis Group: retail (B2C) cars sold, FY2025",119109,,,cars,SOURCED,"Aramis Group, FY2025 annual results press release (26 November 2025; year to 30 September 2025), GPU reconciliation table",,https://aramis.group/wp-content/uploads/2025/11/press-release-aramis-group-2025-annual-results.pdf,2025-09-30,"Aramis Group, 60.54% owned by Stellantis (stellantis_aramis_interest_pct), sells used cars to consumers in six countries. Its cars are bought mostly from private sellers, so its mix is not a like-for-like returned buy-back car.",Context: X17 (value recovered)
aramis_fy25_b2c_revenue_eur_m,"Aramis Group: retail (B2C) revenue, FY2025",2110.8,,,EUR m,SOURCED,"Aramis Group, FY2025 annual results press release (26 November 2025; year to 30 September 2025), revenue by segment",,https://aramis.group/wp-content/uploads/2025/11/press-release-aramis-group-2025-annual-results.pdf,2025-09-30,"Aramis Group, 60.54% owned by Stellantis (stellantis_aramis_interest_pct), sells used cars to consumers in six countries. Its cars are bought mostly from private sellers, so its mix is not a like-for-like returned buy-back car. Refurbished and pre-registered cars.",Context: X17 (value recovered)
aramis_fy25_gross_before_refurb_eur_m,"Aramis Group: gross profit before transport and refurbishing, FY2025",414.4,,,EUR m,SOURCED,"Aramis Group, FY2025 annual results press release (26 November 2025; year to 30 September 2025), GPU reconciliation table (EUR 414,403 thousand)",,https://aramis.group/wp-content/uploads/2025/11/press-release-aramis-group-2025-annual-results.pdf,2025-09-30,"Aramis Group, 60.54% owned by Stellantis (stellantis_aramis_interest_pct), sells used cars to consumers in six countries. Its cars are bought mostly from private sellers, so its mix is not a like-for-like returned buy-back car.",Context: X17 (value recovered)
aramis_fy25_transport_refurb_eur_m,"Aramis Group: cost of transport and refurbishing, FY2025",133.4,,,EUR m,SOURCED,"Aramis Group, FY2025 annual results press release (26 November 2025; year to 30 September 2025), GPU reconciliation table (EUR 133,446 thousand)",,https://aramis.group/wp-content/uploads/2025/11/press-release-aramis-group-2025-annual-results.pdf,2025-09-30,"Aramis Group, 60.54% owned by Stellantis (stellantis_aramis_interest_pct), sells used cars to consumers in six countries. Its cars are bought mostly from private sellers, so its mix is not a like-for-like returned buy-back car.",Context: X17 (value recovered)
aramis_fy25_gpu_eur,"Aramis Group: gross profit per retail car sold (GPU), FY2025",2359,,,EUR a car,SOURCED,"Aramis Group, FY2025 annual results press release (26 November 2025; year to 30 September 2025), key figures",,https://aramis.group/wp-content/uploads/2025/11/press-release-aramis-group-2025-annual-results.pdf,2025-09-30,"Aramis Group, 60.54% owned by Stellantis (stellantis_aramis_interest_pct), sells used cars to consumers in six countries. Its cars are bought mostly from private sellers, so its mix is not a like-for-like returned buy-back car. Before operating costs.",Context: X17 (value recovered)
aramis_fy25_adj_ebitda_eur_m,"Aramis Group: adjusted EBITDA, FY2025",67.8,,,EUR m,SOURCED,"Aramis Group, FY2025 annual results press release (26 November 2025; year to 30 September 2025), key figures",,https://aramis.group/wp-content/uploads/2025/11/press-release-aramis-group-2025-annual-results.pdf,2025-09-30,"Aramis Group, 60.54% owned by Stellantis (stellantis_aramis_interest_pct), sells used cars to consumers in six countries. Its cars are bought mostly from private sellers, so its mix is not a like-for-like returned buy-back car. After operating costs; includes B2B and services.",Context: X17 (value recovered)
tz_sold_no_report_late_pct,"Share of cars sold at a weekly US wholesale auction without a condition report, weeks 31-39",39.2,,,%,SOURCED,"Tadelis & Zettelmeyer, Information Disclosure as a Matching Mechanism (AER 105(2) 2015), seminar slides, p. 5",,http://www.chaire-eppp.org/files_chaire/tadelis.pdf,2015-03-01,"US data: a large US wholesale auction, one sale a week; condition reports published by the VIN's last digit, randomised. The authors: 'The effect of SCRs is mostly on proportion sold, not prices'.",Context: X17 (value recovered)
tz_sold_report_late_pct,"The same, with a condition report published",45.5,,,%,SOURCED,"Tadelis & Zettelmeyer, Information Disclosure as a Matching Mechanism (AER 105(2) 2015), seminar slides, p. 5",,http://www.chaire-eppp.org/files_chaire/tadelis.pdf,2015-03-01,"US data: a large US wholesale auction, one sale a week; condition reports published by the VIN's last digit, randomised. The authors: 'The effect of SCRs is mostly on proportion sold, not prices'. 6.3 points, p < 0.01.",Context: X17 (value recovered)
tz_sold_no_report_early_pct,"The same without a report, weeks 21-30",43.1,,,%,SOURCED,"Tadelis & Zettelmeyer, Information Disclosure as a Matching Mechanism (AER 105(2) 2015), seminar slides, p. 5",,http://www.chaire-eppp.org/files_chaire/tadelis.pdf,2015-03-01,"US data: a large US wholesale auction, one sale a week; condition reports published by the VIN's last digit, randomised. The authors: 'The effect of SCRs is mostly on proportion sold, not prices'.",Context: X17 (value recovered)
tz_sold_report_early_pct,"The same with a report, weeks 21-30",43.6,,,%,SOURCED,"Tadelis & Zettelmeyer, Information Disclosure as a Matching Mechanism (AER 105(2) 2015), seminar slides, p. 5",,http://www.chaire-eppp.org/files_chaire/tadelis.pdf,2015-03-01,"US data: a large US wholesale auction, one sale a week; condition reports published by the VIN's last digit, randomised. The authors: 'The effect of SCRs is mostly on proportion sold, not prices'. 0.5 points, p 0.68: no effect in this period.",Context: X17 (value recovered)
x17_day_cost_low,"A day in stock, per EUR 10,000 of young car: low (ageing net of the full-window drift, ECB rate)",2.86,,,"EUR per EUR 10,000 a day",MEASURED,analysis/time_in_stock_report.md,"low: ageing net of the full-window drift, financing at the ECB deposit rate >> per EUR 10,000 a day",,2026-09-26,"Advert prices; the value engine's age curve at fixed mileage (a waiting car isn't driven), cars 0-2 years in eight markets, net of the core markets' average index drift where stated, plus financing at the ECB deposit rate (ecb_deposit_rate) or banks' cost of equity (eba_bank_coe). An expected daily cost, not a forecast of any month (X7).",Leak 3
x17_day_cost_central,"The same: central (ageing, ECB rate)",3.07,,,"EUR per EUR 10,000 a day",MEASURED,analysis/time_in_stock_report.md,"central: ageing, financing at the ECB deposit rate >> per EUR 10,000 a day",,2026-09-26,"Advert prices; the value engine's age curve at fixed mileage (a waiting car isn't driven), cars 0-2 years in eight markets, net of the core markets' average index drift where stated, plus financing at the ECB deposit rate (ecb_deposit_rate) or banks' cost of equity (eba_bank_coe). An expected daily cost, not a forecast of any month (X7).",Leak 3
x17_day_cost_high,"The same: high (ageing net of the pre-shortage drift, banks' cost of equity)",5.19,,,"EUR per EUR 10,000 a day",MEASURED,analysis/time_in_stock_report.md,"high: ageing net of the pre-shortage drift, financing at banks' cost of equity >> per EUR 10,000 a day",,2026-09-26,"Advert prices; the value engine's age curve at fixed mileage (a waiting car isn't driven), cars 0-2 years in eight markets, net of the core markets' average index drift where stated, plus financing at the ECB deposit rate (ecb_deposit_rate) or banks' cost of equity (eba_bank_coe). An expected daily cost, not a forecast of any month (X7).",Leak 3
x17_age_cost_young,"Yearly loss of value from age alone at fixed mileage, cars 0-2 years (median of eight markets)",-8.4,,,%,MEASURED,analysis/time_in_stock_report.md,0 to 2 >> all markets (median of markets),,2026-09-26,"Advert prices; the value engine's age curve at fixed mileage (a waiting car isn't driven), cars 0-2 years in eight markets, net of the core markets' average index drift where stated, plus financing at the ECB deposit rate (ecb_deposit_rate) or banks' cost of equity (eba_bank_coe). An expected daily cost, not a forecast of any month (X7). Inside dep_pooled's range over all ages.",Context: X17 (value recovered)
x17_channel_gain_after_costs,"Retailing a car in-house over selling it to the trade: Aramis's EBITDA per retail car, share of the price",3.2,,,%,MEASURED,analysis/recovery_levers_report.md,"adjusted EBITDA, after all costs >> share of the retail price",,2026-09-26,"Aramis Group FY2025 (aramis_fy25_*), the group's own used-car retailer: its margin per retail car as a share of its average retail price. Aramis buys mostly from private sellers, so its mix is not a returned buy-back car's; the marginal gain on extra cars routed through existing sites lies between the after-costs and before-operating-costs ends.",Leak 3
x17_channel_gain_before_opex,"The same: Aramis's gross profit per retail car (GPU), before operating costs",13.3,,,%,MEASURED,analysis/recovery_levers_report.md,"gross profit (GPU), before operating costs >> share of the retail price",,2026-09-26,"Aramis Group FY2025 (aramis_fy25_*), the group's own used-car retailer: its margin per retail car as a share of its average retail price. Aramis buys mostly from private sellers, so its mix is not a returned buy-back car's; the marginal gain on extra cars routed through existing sites lies between the after-costs and before-operating-costs ends.",Leak 3
x17_channel_breakeven_days,"Extra days in stock that would eat the in-house margin after all costs, central daily cost",105,,,days,MEASURED,analysis/recovery_levers_report.md,central >> extra days that eat the margin after all costs,,2026-09-26,"Aramis Group FY2025 (aramis_fy25_*), the group's own used-car retailer: its margin per retail car as a share of its average retail price. Aramis buys mostly from private sellers, so its mix is not a returned buy-back car's; the marginal gain on extra cars routed through existing sites lies between the after-costs and before-operating-costs ends.",Context: X17 (value recovered)
x17_condition_days_saved,"Days to sale saved by publishing a condition report, weekly auction (the period with an effect)",2.5,,,days,MEASURED,analysis/recovery_levers_report.md,weeks 31-39 >> days saved,,2026-09-26,"US data: Tadelis & Zettelmeyer's randomised experiment (tz_*), 7 / p with a weekly re-run until sold; 0.2 days in the other period. One way to cut days, not a lever on top of x17_days_cut.",Context: X17 (value recovered)
x17_seasonal_spread_eu,"Seasonal spread of used-car prices, weakest to best month, median of 24 EU markets' profiles, 2015-12 to 2019-12",0.4,,,points,MEASURED,analysis/recovery_levers_report.md,median of all 24 markets >> best to worst (points),,2026-09-26,"Eurostat CP07112, each series against its centred 2x12 moving average. Markets' profiles barely correlate, so timing within the year is not a workbook lever.",Context: X17 (value recovered)
x17_seasonal_spread_uk,"The same, the UK's ONS index, 1988-2019",2.4,,,points,MEASURED,analysis/recovery_levers_report.md,"UK, 1988-2019 (check) >> best to worst (points)",,2026-09-26,"ONS CPI D7E9, not seasonally adjusted; its shape changed between windows.",Context: X17 (value recovered)
x17_left_digit_jump,"Asking-price jump at 10,000-km odometer marks, continental adverts, exact readings",-1.21,,,%,MEASURED,analysis/recovery_levers_report.md,"every 10,000 km >> price jump",,2026-09-26,"Advert prices, eight continental sources in km, cars within 2,000 km of a mark, local lines in source x make x model x age x mark cells; s.e. by cell 0.30. Sellers bunch below the marks (x17_left_digit_bunching), so not a clean causal estimate. A ledger flag, not a euro lever.",Context: X17 (value recovered)
x17_left_digit_placebo,The same at a placebo mark halfway between,0.36,,,%,MEASURED,analysis/recovery_levers_report.md,"placebo, halfway between >> price jump",,2026-09-26,As x17_left_digit_jump; within two standard errors of zero.,Context: X17 (value recovered)
x17_left_digit_bunching,"Exact readings in the 500 km below a 10,000-km mark over the 500 km above",1.69,,,ratio,MEASURED,analysis/recovery_levers_report.md,"every 10,000 km >> readings just below over just above (500 km)",,2026-09-26,About 1 at the placebo mark; sellers bunch below the mark.,Context: X17 (value recovered)
indicata_mds_corsa_2024_12,"Market days supply of used Opel/Vauxhall Corsa up to 4 years old, the markets INDICATA observes",42.8,,,days,SOURCED,"INDICATA Market Watch, Edition 58 (December 2024), p. 4, 'Market Days Supply and Top Sellers'",,https://autorolasolutions.com/wp-content/uploads/2025/01/INDICATA_Market_Watch_58_EN.pdf,2024-12-31,"Advert stock over the daily sales rate (INDICATA's 'marketability'), not the days one car takes. Among the fastest-selling models; the group's own.",Leak 3
indicata_mds_golf_2024_12,"The same, Volkswagen Golf, the best-selling model",67.4,,,days,SOURCED,"INDICATA Market Watch, Edition 58 (December 2024), p. 4, 'Market Days Supply and Top Sellers'",,https://autorolasolutions.com/wp-content/uploads/2025/01/INDICATA_Market_Watch_58_EN.pdf,2024-12-31,As indicata_mds_corsa_2024_12; best-selling models ran at about 61-67 days.,Leak 3
autotrader_days_to_sell_2025,"Average days to sell a used car on Auto Trader UK, 2025",31,,,days,SOURCED,"Autotrader plc, Monthly Market Intelligence, December 2025, '2025 Wrapped'",,https://plc.autotrader.co.uk/media/npyiwbl0/autotrader-monthly-market-intelligence-december-2025-updated.pdf,2025-12-31,"UK data: advert days from listing to removal on the largest UK platform; 28 in September 2025, 35 in December 2025.",Leak 3
lps_left_digit_usd_low,"Wholesale price drop at each 10,000-mile odometer threshold, low end",150,,,USD,SOURCED,"Lacetera, Pope & Sydnor, Heuristic Thinking and Limited Attention in the Car Market, NBER w17030 (AER 102(5) 2012), p. 3",,https://www.nber.org/system/files/working_papers/w17030/w17030.pdf,2012-08-01,"US data: over 22 million wholesale used-car sales; smaller drops at 1,000-mile thresholds.",Context: X17 (value recovered)
lps_left_digit_usd_high,"The same, high end",200,,,USD,SOURCED,"Lacetera, Pope & Sydnor, NBER w17030 (AER 2012), p. 3",,https://www.nber.org/system/files/working_papers/w17030/w17030.pdf,2012-08-01,As lps_left_digit_usd_low.,Context: X17 (value recovered)
ec2014_used_imports_from_de_pct,Share of imported used cars in the EU that come from Germany,42,,,%,SOURCED,"European Commission, Study on the second hand cars market (1 October 2014), summary",,https://commission.europa.eu/publications/study-second-hand-cars-market_en,2014-10-01,"Flows only: the study gives no margin net of VAT, registration tax and transport, so cross-border remarketing stays unsized (X17).",Context: X17 (value recovered)
x17_days_cut,Days cut from the average time to sale of a year's buy-back returns,10,5,20,days,ASSUMPTION,Our estimate,,,2026-09-26,"The group discloses no days to sell. The anchors: German dealers hold used petrol and diesel cars 82-86 days (dat_standing_days_*); best-selling young models run at 61-67 days of supply and the fastest, the group's own Corsa among them, near 40 (indicata_mds_*); UK adverts sell in about a month (autotrader_days_to_sell_2025). A remarketing programme (condition reports, x17_condition_days_saved; direct digital sale; intake-to-listing speed) cutting 5-20 days is the judgement; the pilot measures it on the ledger's own intake and sale dates.",Leak 3
x17_share_routed,Share of a year's buy-back returns routed to the group's own retail instead of the trade,5,2,10,%,ASSUMPTION,Our estimate,,,2026-09-26,"Aramis's retail volume (aramis_fy25_b2c_units) is a fraction of a year's returns, and routing more is limited by its sites, refurbishing capacity and mix. Routing pays unless retail adds more than about x17_channel_breakeven_days days in stock. A judgement; the ledger records each car's channel and result.",Leak 3
stellantis_buyback_forms,"The group's buy-back contracts are repurchase obligations or customer puts expected to be exercised, both booked as operating leases, with gains and losses at disposal",,,,text,SOURCED,"Stellantis Form 20-F FY2025, Note 2 revenue recognition: ""Vehicle sales to customers can include a repurchase obligation, whereby the Company is required to repurchase the vehicles at a given point in time. The Company accounts for such sales as an operating lease""; a customer put is a lease where ""a significant economic incentive exists for the customer to exercise its put option""; ""The Company records gains and losses upon the disposal of a leased vehicle by comparing the net proceeds at disposition to the carrying value""",,https://www.sec.gov/Archives/edgar/data/1605484/000160548426000021/stellantis-20251231.htm,FY2025,"Why the expected column treats the buy-back book as two-sided (X18): the cars come back, so the group gains in a rising market what it loses in a falling one, around its estimated residual. Where the customer holds a put, the upside is capped at the repurchase price (the cap's cost is not disclosed). The split between the two forms is not published.",Context: X18 (the headline in two measures)
bcbs_el_provisions,Basel: expected losses are a cost covered by provisions and write-offs; capital is for unexpected losses,,,,text,SOURCED,"BCBS, An Explanatory Note on the Basel II IRB Risk Weight Functions (July 2005), section 4.4: ""banks are expected in general to cover their Expected Losses on an ongoing basis, e.g. by provisions and write-offs, because it represents another cost component""; capital ""would only be needed for absorbing Unexpected Losses""",,https://www.bis.org/publications/explanatory-note-basel-ii-irb-risk-weight-functions.pdf,2005-07,"Written for banks' credit risk; used as the convention for the headline's two measures (X18): an expected figure is budgeted, a tail is held by capital or a price, and the two are shown side by side, not added.",Context: X18 (the headline in two measures)
bcbs_irb_confidence_pct,"Basel IRB capital confidence level, one year",99.9,,,%,SOURCED,"BCBS, An Explanatory Note on the Basel II IRB Risk Weight Functions (July 2005), section 5.1: ""The confidence level is fixed at 99.9%, i.e. an institution is expected to suffer losses that exceed its level of tier 1 and tier 2 capital on average once in a thousand years""",,https://www.bis.org/publications/explanatory-note-basel-ii-irb-risk-weight-functions.pdf,2005-07,"Credit risk. Beside it, the headline's one-in-ten-year market is a 90% level: a bad year to plan for, not a capital standard. Nothing here says what level a carmaker's buy-back book should hold (X18).",Context: X18 (the headline in two measures)
vw_rv_risk_provisions,Volkswagen: direct residual value risk is compared against the provisions recognised for it,,,,text,SOURCED,"Volkswagen Group Annual Report 2024, report on risks and opportunities, financial risks: ""the level of existing direct residual value risk is compared against the level of the provisions recognized for risks""; direct risk is borne by the financial services companies, indirect when transferred to a third party such as a dealer",,https://annualreport2024.volkswagen-group.com/group-management-report/report-on-risks-and-opportunities/risks-and-opportunities/financial-risks.html,FY2024,A captive's practice: the expected part of residual value risk is provisioned. No confidence level or expected-unexpected split is stated on that page (X18).,Context: X18 (the headline in two measures)
x18_exp_twosided_book,"Leak 3's level and curve: expected loss a year, both sides counted, on the book's own record (negative is a gain)",-2.254,,,% of the book,MEASURED,analysis/headline_measures_report.md,"two-sided, the book's record >> % of the book",,2026-09-27,"The 20-F's buy-back contracts bring the cars back (stellantis_buyback_forms), so a rising market's gains count against a falling one's losses. The book's 12-month level moves 2016-2025 (level_1y_p10_book's data) plus the curve's refit errors, residual at no change (X7's best forecast). Negative because one boom lifts the decade's mean: the expected column counts it floored at zero, since a gain is not a leak. A decade's drift, not a long-run expectation (x18_exp_twosided_uk_long is the long check).",Leak 3
x18_exp_twosided_uk_long,"The same, on the UK's 1988-2026 record (the longest we hold)",0.299,,,% of the book,MEASURED,analysis/headline_measures_report.md,"two-sided, the UK's 1988-2026 record >> % of the book",,2026-09-27,"UK data (ONS D7E9, the series behind level_1y_p10_uk_long) with the same curve errors. A reference line beside the expected column, in no total: over several cycles a residual set at no change lost a fraction of a percent a year.",Context: X18 (the headline in two measures)
x18_exp_onesided_book,"Leak 3's level and curve: expected loss a year if only losses counted, per contract (upper end)",1.149,,,% of the book,MEASURED,analysis/headline_measures_report.md,"one-sided per contract, residual at no change >> % of the book",,2026-09-27,"As if every contract were a customer's put struck at the residual (X6's case): each car in its own market's move, each slice with its own curve error, only losses count. The 20-F's contracts are not this, but where a customer's put caps the group's upside the truth lies between zero and this. Shown beside the expected column, in no total. X6's median strike gives the same at 12 months.",Context: X18 (the headline in two measures)
x18_joint_share_book,"Leak 3's level and curve one year in ten: the joint p10 as a share of the sum of their separate p10s, base",68.9,,,% of the sum,MEASURED,analysis/headline_measures_report.md,base: the book's own record >> joint as % of the sum,,2026-09-27,"The book's 12-month level moves and the curve's refit errors, independent, every combination. The sum of p10s assumes both go wrong at once, a year rarer than one in ten; in Latvia the curve moved against the level (x18_lv_curve_level_corr_12m), so independence is cautious there. Measured at the central thin_share_of_book; across its range the share moves a few points (report, thin share table), so the workbook's line is off by a few percent of itself at the extremes.",Leak 3
x18_joint_share_stress,The same for the stress (the core markets' pooled 12-month moves),83.9,,,% of the sum,MEASURED,analysis/headline_measures_report.md,stress: a core market's bad year >> joint as % of the sum,,2026-09-27,"As x18_joint_share_book, with the level at the core markets' pooled 12-month moves (level_1y_p10_core's data). A larger share: the level dominates a core market's bad year.",Leak 3
x18_joint_p10_book,"Leak 3's level and curve: joint p10 loss a year, base (exact)",1.745,,,% of the book,MEASURED,analysis/headline_measures_report.md,base: the book's own record >> joint p10 (%),,2026-09-27,"The exact figure behind x18_joint_share_book, computed on the report's own curve distributions (their spreads round to the register's curve_1y_p80_*).",Context: X18 (the headline in two measures)
x18_joint_p10_stress,"Leak 3's level and curve: joint p10 loss a year, stress (exact)",4.723,,,% of the book,MEASURED,analysis/headline_measures_report.md,stress: a core market's bad year >> joint p10 (%),,2026-09-27,The exact figure behind x18_joint_share_stress.,Context: X18 (the headline in two measures)
x18_book_mean_12m,"The book's 12-month level move, mean, 2016-2025",2.289,,,%,MEASURED,analysis/headline_measures_report.md,"the book's 12-month move, mean >> move (%)",,2026-09-27,"Local currency, 2019 registration weights, France on the euro-area index (level_1y_p10_book's data). Lifted by the 2021-22 boom; the median (x18_book_median_12m) is a small fall.",Context: X18 (the headline in two measures)
x18_book_median_12m,"The book's 12-month level move, median, 2016-2025",-0.364,,,%,MEASURED,analysis/headline_measures_report.md,"the book's 12-month move, median >> move (%)",,2026-09-27,As x18_book_mean_12m.,Context: X18 (the headline in two measures)
x18_lv_curve_level_corr_12m,"Latvia: correlation of the year's change in the refitted curve with the year's level move, overlapping",-0.64,,,correlation,MEASURED,analysis/headline_measures_report.md,"12 months, Eurostat index, overlapping >> correlation",,2026-09-27,"The 52 monthly Latvian refits (latvia_time.py), 2019-2023; overlapping windows. Negative: the curve steepened when the level rose, so the two partly offset. One country; on the advert index the correlation is also negative, weaker (report).",Context: X18 (the headline in two measures)
x18_lv_curve_level_corr_12m_indep,The same over non-overlapping years,-0.43,,,correlation,MEASURED,analysis/headline_measures_report.md,"12 months, Eurostat index, non-overlapping >> correlation",,2026-09-27,"Four independent years only: a sign, not a measurement.",Context: X18 (the headline in two measures)
stellantis_subvention_residual,"The group pays subvention to support its leasing programmes, and says a fall in residual values raises it",,,,text,SOURCED,"Stellantis Form 20-F FY2025, risk factors: ""A deterioration in residual value could increase the cost that consumers pay to lease our vehicles, increase the amount of subvention payments that we make to support our leasing programs and negatively impact our captive finance companies""",,https://www.sec.gov/Archives/edgar/data/1605484/000160548426000021/stellantis-20251231.htm,FY2025,"The existing internal price across the sales-finance line, and the group's own statement of the leak 1 to leak 3 link. No amount is disclosed (X19).",Context: X19 (internal prices)
stellantis_subvention_incentive,Subvention and lease subsidies are part of the group's sales incentives,,,,text,SOURCED,"Stellantis Form 20-F FY2025, Note 2, sales incentives: ""subvention programs offered to customers, or lease subsidies, which reduce the retail customer's monthly lease payment or cash due at the inception of the financing arrangement, or both""",,https://www.sec.gov/Archives/edgar/data/1605484/000160548426000021/stellantis-20251231.htm,FY2025,So subvention sits inside the incentive provision that is leak 1's claims base (x14_incentive_claims_*); a transfer price for the discount's resale cost must not charge it twice (X19).,Context: X19 (internal prices)
weinberg_margin_commission,A salesperson paid on gross margin and given control over price sets the price that maximises the firm's profit,,,,text,SOURCED,"Weinberg, C. B. (1975), An Optimal Commission Plan for Salesmen's Control Over Price, Management Science 21(8): 937-943, abstract: ""If marginal costs are constant, salesman who are paid a commission based on gross margin and who are given control over price will set prices so as to maximize simultaneously their own income and the company's profits""",,https://ideas.repec.org/a/inm/ormnsc/v21y1975i8p937-943.html,1975,"A theorem, not a measurement. It is why the discount's resale cost belongs in the margin the sales side is paid on: then its own best discount is the group's (X19). Holds with constant marginal costs.",Context: X19 (internal prices)
misra_nair_revenue_gain_pct,"Revenue gain after a firm removed its salespeople's quotas, field implementation",9,,,%,SOURCED,"Misra, S. and Nair, H. (2011), A structural model of sales-force compensation dynamics: estimation and field implementation, Quantitative Marketing and Economics 9(3): 211-257, abstract: ""The new plan resulted in a 9% improvement in overall revenues"" (about $12m a year)",,https://ideas.repec.org/a/kap/qmktec/v9y2011i3p211-257.html,2011,"US data: one contact-lens maker, 87 salespeople. The plan removed quotas, which agents gamed by timing sales; it was not margin-based pay (the user's research report misread it). Evidence that pay design moves a sales force's behaviour a lot, not a forecast for the group (X19).",Context: X19 (internal prices)
ccd2_early_repayment_cap_pct,"Consumer credit: the most a creditor may charge for early repayment, more than a year before the agreed end",1.0,,,% of the amount repaid early,SOURCED,"Directive (EU) 2023/2225, Art. 29(2): ""shall not exceed 1 % of the amount of credit subject to early repayment where the period of time between the early repayment and the agreed date of termination of the credit agreement exceeds one year""; Art. 29(5): never more than the interest the consumer would have paid to the agreed end",,https://eur-lex.europa.eu/legal-content/EN/TXT/HTML/?uri=CELEX:32023L2225,2023-10-18,"Applies from 20 November 2026 (Art. 48). Covers credit sales and leases with an option or obligation to purchase (Art. 2(2)(g) excludes the rest), so LOA is in and long-term rental is out. Only while the borrowing rate is fixed. Member States may allow more where the creditor proves a larger loss (Art. 29(4)(b)).",Context: X19 (internal prices)
ccd2_early_repayment_cap_last_year_pct,"The same, within the last year of the agreement",0.5,,,% of the amount repaid early,SOURCED,"Directive (EU) 2023/2225, Art. 29(2): ""Where that period does not exceed one year, the compensation shall not exceed 0,5 % of the amount of credit subject to early repayment""",,https://eur-lex.europa.eu/legal-content/EN/TXT/HTML/?uri=CELEX:32023L2225,2023-10-18,As ccd2_early_repayment_cap_pct.,Context: X19 (internal prices)
sfse_pnb_ifrs8_2025_eur_m,"Stellantis Financial Services Europe: net banking income, IFRS 8 view, 2025",2125,,,EUR m,SOURCED,"Stellantis Financial Services Europe, Rapport Annuel 2025, p. 19: ""Le produit net bancaire au format IFRS 8 est en augmentation de 13,2% à 2 125 millions d'euros""",,https://www.stellantisfinancialservices.com/pdf/Rapport%20Annuel%20SFSE%202025.pdf,2025,The IFRS 8 view manages the partner joint ventures in full; Europe and Brazil. Net interest on loans and leases plus insurance and services income (X19).,Context: X19 (internal prices)
sfse_opex_ifrs8_2025_eur_m,"The same: operating expenses, 2025",708,,,EUR m,SOURCED,"Stellantis Financial Services Europe, Rapport Annuel 2025, p. 19: ""Au format IFRS 8, les charges générales d'exploitation s'établissent à - 708 millions d'euros""",,https://www.stellantisfinancialservices.com/pdf/Rapport%20Annuel%20SFSE%202025.pdf,2025,As sfse_pnb_ifrs8_2025_eur_m.,Context: X19 (internal prices)
sfse_cor_ifrs8_2025_eur_m,"The same: cost of risk, 2025 (a cost)",227,,,EUR m,SOURCED,"Stellantis Financial Services Europe, Rapport Annuel 2025, p. 20: ""Au format IFRS 8, le coût du risque s'établit à - 227 millions d'euros soit - 0,43% des encours nets moyens""",,https://www.stellantisfinancialservices.com/pdf/Rapport%20Annuel%20SFSE%202025.pdf,2025,"As sfse_pnb_ifrs8_2025_eur_m. With sfse_cor_pct_outstanding_2025 it gives the average net outstanding (the share is rounded to two decimals, so the outstanding is good to about 1%).",Context: X19 (internal prices)
sfse_cor_pct_outstanding_2025,"The same: cost of risk as a share of average net outstanding, 2025",0.43,,,%,SOURCED,"Stellantis Financial Services Europe, Rapport Annuel 2025, p. 20: ""soit - 0,43% des encours nets moyens""",,https://www.stellantisfinancialservices.com/pdf/Rapport%20Annuel%20SFSE%202025.pdf,2025,As sfse_cor_ifrs8_2025_eur_m. The outstanding itself is shown only in charts.,Context: X19 (internal prices)
x19_core_cold_premium_12m,"Buy-back book: extra level cost of a 12-month contract started with the level in its cold third, both sides counted, core markets",1.01,,,points of residual,MEASURED,analysis/level_price_book_report.md,"the core markets >> cold minus all, two-sided (points of residual)",,2026-09-27,"Eurostat HICP CP07112, the core markets (FR IT DE ES PL NL PT) with their full series (France from 1996), 12-month contracts, residual at the panel's median move, overlapping windows. The buy-back book's state premium (X19): cold minus the unconditional cost. The UK's long record agrees (x19_uk_cold_premium_12m); every Eurostat market gives more (x19_all_cold_premium_12m). A cold contract is about break-even two-sided in the core markets (x19_core_cold_two_12m): the premium is relative, not a loss on average.",Context: X19 (internal prices)
x19_core_cold_two_12m,"The same: level cost of a 12-month contract started cold, both sides counted, core markets",-0.14,,,% of residual,MEASURED,analysis/level_price_book_report.md,"the core markets, cold >> two-sided (% of residual)",,2026-09-27,"Eurostat HICP CP07112, the core markets (FR IT DE ES PL NL PT) with their full series (France from 1996), 12-month contracts, residual at the panel's median move, overlapping windows. Negative is a gain.",Context: X19 (internal prices)
x19_core_all_two_12m,"The same: level cost of any 12-month contract, both sides counted, core markets",-1.15,,,% of residual,MEASURED,analysis/level_price_book_report.md,"the core markets, all >> two-sided (% of residual)",,2026-09-27,"Eurostat HICP CP07112, the core markets (FR IT DE ES PL NL PT) with their full series (France from 1996), 12-month contracts, residual at the panel's median move, overlapping windows. Negative is a gain: at the median strike, a right-skewed move (one boom) makes the average a gain. X18's zero, per contract.",Context: X19 (internal prices)
x19_core_all_one_12m,"The same, only losses counted (X6's put at 12 months), core markets",1.04,,,% of residual,MEASURED,analysis/level_price_book_report.md,"the core markets, all >> one-sided (% of residual)",,2026-09-27,"Eurostat HICP CP07112, the core markets (FR IT DE ES PL NL PT) with their full series (France from 1996), 12-month contracts, residual at the panel's median move, overlapping windows. The price where a customer holds an option at the residual, at the buy-back book's horizon; for comparison with the two-sided figures.",Context: X19 (internal prices)
x19_uk_cold_premium_12m,Buy-back book's state premium on the UK's 1988-2026 record,0.93,,,points of residual,MEASURED,analysis/level_price_book_report.md,"the UK, ONS 1988-2026 >> cold minus all, two-sided (points of residual)",,2026-09-27,"UK data (ONS D7E9), several cycles, 12-month contracts, both sides counted. A check on x19_core_cold_premium_12m.",Context: X19 (internal prices)
x19_all_cold_premium_12m,Buy-back book's state premium across every Eurostat market,3.38,,,points of residual,MEASURED,analysis/level_price_book_report.md,"every Eurostat market, full series >> cold minus all, two-sided (points of residual)",,2026-09-27,"All 26+ Eurostat markets with their full series, pooled. Higher than the core markets': smaller and more volatile markets carry it. A reference, not the price.",Context: X19 (internal prices)
x19_all_cold_two_12m,"Level cost of a 12-month contract started cold, both sides counted, every Eurostat market",2.93,,,% of residual,MEASURED,analysis/level_price_book_report.md,"every Eurostat market, full series, cold >> two-sided (% of residual)",,2026-09-27,The only panel in which a cold contract is a loss on average both sides counted. A reference.,Context: X19 (internal prices)
x19_pull_forward_months,Worked trade-off: months an upgrade is pulled forward from the contract's end,12,6,18,months,ASSUMPTION,Our choice of example,,,2026-09-27,"A scenario for the worked trade-off, not an estimate of anything: the Internal prices sheet shows it at this value and at its low and high. It feeds no value-at-risk formula. Past a year the early-repayment cap is 1%, within a year 0.5% (ccd2_early_repayment_cap_*).",Context: X19 (internal prices)
eprivacy_soft_optin,"Marketing to existing customers without consent is open only to the seller, for its own similar products",,,,text,SOURCED,"Directive 2002/58/EC, Art 13(2): ""the same natural or legal person may use these electronic contact details for direct marketing of its own similar products or services""",,https://eur-lex.europa.eu/legal-content/EN/TXT/HTML/?uri=CELEX:02002L0058-20091219,2009-12-19,So a joint venture's opt-in never passes to the carmaker; the joint venture may offer its own customer a new finance contract (X20).,Context: X20 (data rights)
eprivacy_terminal_consent,"Reading data stored in a user's terminal equipment needs consent, unless strictly necessary for a service the user asked for",,,,text,SOURCED,"Directive 2002/58/EC as amended by 2009/136/EC, Art 5(3): ""only allowed on condition that the subscriber or user concerned has given his or her consent""",,https://eur-lex.europa.eu/legal-content/EN/TXT/HTML/?uri=CELEX:02002L0058-20091219,2009-12-19,With edpb_connected_vehicle_terminal: reading a car's data needs the user's consent or a service the user requested (X20).,Context: X20 (data rights)
edpb_connected_vehicle_terminal,"EDPB: a connected vehicle is terminal equipment, so ePrivacy Art 5(3) applies",,,,text,SOURCED,"EDPB Guidelines 01/2020 on processing personal data in the context of connected vehicles and mobility related applications, v2.0 (adopted 9 March 2021), para 13: ""the connected vehicle and device connected to it should be considered as a 'terminal equipment' (just like a computer, a smartphone or a smart TV) and provisions of art. 5(3) ePrivacy directive apply where relevant""",,https://www.edpb.europa.eu/system/files/documents/2021-03/edpb_guidelines_202001_connected_vehicles_v2.0_adopted_en.pdf,2021-03-09,"Guidance, not law. The ledger reads odometer and battery at a car's return under the user's contract or consent (X20).",Context: X20 (data rights)
edpb_pseudonymised_personal,EDPB: pseudonymised data remain personal data even when the key is held by another party,,,,text,SOURCED,"EDPB Guidelines 01/2025 on Pseudonymisation: pseudonymised data ""is to be considered information on an identifiable natural person ... This statement also holds true if pseudonymised data and additional information are not in the hands of the same person""; the risk reduction ""may enable controllers to rely on legitimate interests under Art. 6(1)(f) GDPR""",,https://www.edpb.europa.eu/system/files/2025-01/edpb_guidelines_202501_pseudonymisation_en.pdf,2025-01,Adopted for consultation January 2025. Backs X1's design rule (the customer link held apart) and keyed matching with a joint venture; a hashed VIN is still personal data (X20).,Context: X20 (data rights)
gdpr_fraud_legitimate_interest,GDPR: processing strictly necessary to prevent fraud is a legitimate interest,,,,text,SOURCED,"Regulation (EU) 2016/679, Recital 47: ""The processing of personal data strictly necessary for the purposes of preventing fraud also constitutes a legitimate interest of the data controller concerned""",,https://eur-lex.europa.eu/legal-content/EN/TXT/HTML/?uri=CELEX:32016R0679,2016-04-27,The basis for checking a dealer's incentive claim against independent sources (Art 6(1)(f)); still needs a balancing test (X20).,Context: X20 (data rights)
gdpr_joint_controllers,GDPR: joint controllers must set their responsibilities in an arrangement,,,,text,SOURCED,"Regulation (EU) 2016/679, Art 26(1): ""Where two or more controllers jointly determine the purposes and means of processing, they shall be joint controllers. They shall in a transparent manner determine their respective responsibilities ... by means of an arrangement between them""",,https://eur-lex.europa.eu/legal-content/EN/TXT/HTML/?uri=CELEX:32016R0679,2016-04-27,"A shared upgrade programme with a joint venture (the group's timing, the partner's contact) needs one (X20).",Context: X20 (data rights)
data_act_design_duty_date,"Data Act: connected products must make their data accessible to the user by design, for products placed on the market after 12 September 2026",,,,text,SOURCED,"Regulation (EU) 2023/2854, Art 3(1) and Art 50: ""The obligation resulting from Article 3(1) shall apply to connected products and the services related to them placed on the market after 12 September 2026""",,https://eur-lex.europa.eu/legal-content/EN/TXT/HTML/?uri=CELEX:32023R2854,2023-12-13,Cars sold before then have no design duty; the rest of the Act applies from 12 September 2025 (data_act_rules).,Context: X20 (data rights)
data_act_user_owner_lessee,Data Act: the owner and anyone with contracted rights to use the car (a lessee or renter) are users,,,,text,SOURCED,"Regulation (EU) 2023/2854, Art 2(12): ""'user' means a natural or legal person that owns a connected product or to whom temporary rights to use that connected product have been contractually transferred""; Art 4(13): the data holder uses non-personal data ""on the basis of a contract with the user""",,https://eur-lex.europa.eu/legal-content/EN/TXT/HTML/?uri=CELEX:32023R2854,2023-12-13,So a leasing company or rental firm is a user of the cars it holds: a data clause in the group's own lease and buy-back contracts is a route to returned cars' data. A private driver's personal data still needs a GDPR basis (X20).,Context: X20 (data rights)
vber_info_exchange_dual,Block exemption: supplier-dealer information exchange in dual distribution is exempt only if it implements the agreement and improves distribution,,,,text,SOURCED,"Regulation (EU) 2022/720, Art 2(5): the dual-distribution exceptions ""shall not apply to the exchange of information between the supplier and the buyer that is either not directly related to the implementation of the vertical agreement or is not necessary to improve the production or distribution of the contract goods""",,https://eur-lex.europa.eu/legal-content/EN/TXT/HTML/?uri=CELEX:32022R0720,2022-05-10,VIN-level proof of sale for an incentive claim implements the incentive programme; dealers' transaction prices must not be used to steer resale prices (vber_art4a_rpm) (X20).,Context: X20 (data rights)
kba_register_private_access,"Germany's central vehicle register answers private requests only for legal claims tied to road traffic, theft or loss",,,,text,SOURCED,"Kraftfahrt-Bundesamt, Auskunft aus dem ZFZR: private recipients may get information under § 39 StVG to assert or defend ""Rechtsansprüchen im Zusammenhang mit der Teilnahme am Straßenverkehr"" (extended: also theft or loss); written request by post; ""Die Gebühr für eine Auskunft beträgt je Kraftfahrzeug oder Anhänger derzeit 5,10 Euro""",,https://www.kba.de/DE/Themen/ZentraleRegister/ZFZR/Auskunft/zfzr_auskunft_inhalt.html,2026-09,No route for an incentive-claim check (not a road-traffic claim) (X20).,Context: X20 (data rights)
histovec_holder_only,France's vehicle history report can be generated only by the current registration holder,,,,text,SOURCED,"HistoVec FAQ (Ministère de l'Intérieur): ""Seul le titulaire du certificat d'immatriculation en cours de validité peut générer le rapport HistoVec de son véhicule, qu'il choisit de transmettre à des tiers""",,https://histovec.interieur.gouv.fr/histovec/faq-comment-utiliser-histovec,2026-09,"No independent per-car route for the group in France, except for cars it or its partners hold (X20).",Context: X20 (data rights)
dgt_reports_open,"Spain's vehicle reports are open to anyone, the detailed one with inspection mileage and keeper count, for a fee",,,,text,SOURCED,"DGT, Informe de un vehículo: ""Salvo el caso del informe de 'vehículos a mi nombre' ... el resto de informes están disponibles para cualquier persona, sea o no el titular del vehículo""; the detailed report includes ""historial de ITV, kilometraje, número de titulares""; fee tasa 4.1",,https://www.dgt.es/nuestros-servicios/tu-vehiculo/tus-vehiculos/informe-de-un-vehiculo/,2026-09,"A per-car, paid route for claim checks in Spain; the fee's amount is not shown on the page (X20).",Context: X20 (data rights)
cnil_ubeeqo_fine_eur,CNIL fine on a car-sharing firm for near-permanent vehicle geolocation,175000,,,EUR,SOURCED,"CNIL, délibération SAN-2022-015 du 7 juillet 2022 (Légifrance): ""une amende administrative d'un montant de 175 000 ... euros""; location collected ""tous les 500 mètres, lorsque le moteur s'allume et se coupe ou encore lorsque les portes s'ouvrent et se ferment""; kept three years after the last activity (GDPR Art 5.1.c, 5.1.e, 12)",,https://www.legifrance.gouv.fr/cnil/id/CNILTEXT000046070924,2022-07-07,"The design rule: read odometer and battery at return, events not streams, never location (X20).",Context: X20 (data rights)
aci_visura_open,"Italy's vehicle register answers anyone per car, for a fee, three a day per tax code",,,,text,SOURCED,"ACI, Visurenet: visura della banca dati del PRA: available ""A chiunque ne faccia richiesta"" by plate with SPID, CIE, CNS or eIDAS; ""le informazioni sullo stato giuridico attuale del veicolo (intestatario, vincoli/gravami)""; €6.00 via pagoPA; ""Sono consentite solamente tre visure nello stesso giorno con lo stesso codice fiscale""",,https://aci.gov.it/servizio/visurenet-visura-della-banca-dati-del-pubblico-registro-automobilistico-pra/,2026-09,"A per-car route for sampled spot checks of incentive claims in Italy, not bulk; current status only (the chronological extract is a separate product). Bulk access for companies is not described on the page (X20).",Context: X20 (data rights)
x20_reg_route_any_2024,"Share of the group's EU registrations in markets whose register lets anyone check a car per car (NL, ES, IT)",37.2,,,% of the group's EU registrations,MEASURED,analysis/data_reach_report.md,"any independent per-car route (NL, ES, IT) >> 2024 (%)",,2026-09-27,"The group's 2024 new-car registrations by Member State (EU CO2 monitoring register, EEA, final; the UK is not in it), its brands as merger_diversification.py tags them; routes from X20 part 1's sources. Spain and Italy per car for a fee (Italy three a day per tax code): sampled spot checks, not bulk. Six markets were checked; the rest are 'not checked', not closed. The 2025 provisional share agrees (report).",Context: X20 (data rights)
x20_reg_route_bulk_2024,"The same, in bulk (the Netherlands' open data)",2.1,,,% of the group's EU registrations,MEASURED,analysis/data_reach_report.md,in bulk (NL) >> 2024 (%),,2026-09-27,"The group's 2024 new-car registrations by Member State (EU CO2 monitoring register, EEA, final; the UK is not in it), its brands as merger_diversification.py tags them; routes from X20 part 1's sources. Current keeper only (the RDW trap in STATE).",Context: X20 (data rights)
x20_reg_no_route_2024,"Share in markets whose register gives the group no route for a claim check (DE, FR, FI)",45.9,,,% of the group's EU registrations,MEASURED,analysis/data_reach_report.md,"no route for a claim check >> share of the group's registrations, 2024 (%)",,2026-09-27,"The group's 2024 new-car registrations by Member State (EU CO2 monitoring register, EEA, final; the UK is not in it), its brands as merger_diversification.py tags them; routes from X20 part 1's sources. Germany answers only road-traffic claims (kba_register_private_access); France's history only its holder (histovec_holder_only); Finland's open data are anonymised.",Context: X20 (data rights)
x20_reg_not_checked_2024,Share in markets whose register route was not checked,16.9,,,% of the group's EU registrations,MEASURED,analysis/data_reach_report.md,"not checked >> share of the group's registrations, 2024 (%)",,2026-09-27,"The group's 2024 new-car registrations by Member State (EU CO2 monitoring register, EEA, final; the UK is not in it), its brands as merger_diversification.py tags them; routes from X20 part 1's sources. Belgium, Portugal, Poland, Greece, Austria and the rest.",Context: X20 (data rights)
mckox_sw_cost_overrun_pct,"Large IT projects, software: average cost overrun",66,,,%,SOURCED,"McKinsey-Oxford study (Bloch, Blumberg & Laartz, McKinsey, 1 October 2012), Exhibit 1, software row",,https://www.mckinsey.com/capabilities/mckinsey-digital/our-insights/delivering-large-scale-it-projects-on-time-on-budget-and-on-value,2012,"A reference class, not an estimate of this programme: IT projects with budgets above $15m (2010 dollars), over 5,400 of them, across industries. Software projects: cost +66%, schedule +33%, benefits short 17%; non-software IT: +43%, +3.6%, 133%; all: +45%, +7%, 56%. The ledger is a software and data programme, so the software row is its class. Averages hide a fat tail: 17% of IT projects 'go so bad that they can threaten the very existence of the company'.",Benefits (X21)
mckox_sw_schedule_overrun_pct,"Large IT projects, software: average schedule overrun",33,,,%,SOURCED,"McKinsey-Oxford study (Bloch, Blumberg & Laartz, McKinsey, 1 October 2012), Exhibit 1, software row",,https://www.mckinsey.com/capabilities/mckinsey-digital/our-insights/delivering-large-scale-it-projects-on-time-on-budget-and-on-value,2012,"A reference class, not an estimate of this programme: IT projects with budgets above $15m (2010 dollars), over 5,400 of them, across industries. Software projects: cost +66%, schedule +33%, benefits short 17%; non-software IT: +43%, +3.6%, 133%; all: +45%, +7%, 56%. The ledger is a software and data programme, so the software row is its class. Averages hide a fat tail: 17% of IT projects 'go so bad that they can threaten the very existence of the company'.",Benefits (X21)
mckox_sw_benefit_shortfall_pct,"Large IT projects, software: average benefits shortfall",17,,,%,SOURCED,"McKinsey-Oxford study (Bloch, Blumberg & Laartz, McKinsey, 1 October 2012), Exhibit 1, software row",,https://www.mckinsey.com/capabilities/mckinsey-digital/our-insights/delivering-large-scale-it-projects-on-time-on-budget-and-on-value,2012,"A reference class, not an estimate of this programme: IT projects with budgets above $15m (2010 dollars), over 5,400 of them, across industries. Software projects: cost +66%, schedule +33%, benefits short 17%; non-software IT: +43%, +3.6%, 133%; all: +45%, +7%, 56%. The ledger is a software and data programme, so the software row is its class. Averages hide a fat tail: 17% of IT projects 'go so bad that they can threaten the very existence of the company'.",Benefits (X21)
mckox_all_benefit_shortfall_pct,"Large IT projects, all types: average benefits shortfall (""56 percent less value than predicted"")",56,,,%,SOURCED,"McKinsey-Oxford study (Bloch, Blumberg & Laartz, McKinsey, 1 October 2012), Exhibit 1, total row, and the article's text",,https://www.mckinsey.com/capabilities/mckinsey-digital/our-insights/delivering-large-scale-it-projects-on-time-on-budget-and-on-value,2012,"A reference class, not an estimate of this programme: IT projects with budgets above $15m (2010 dollars), over 5,400 of them, across industries. Software projects: cost +66%, schedule +33%, benefits short 17%; non-software IT: +43%, +3.6%, 133%; all: +45%, +7%, 56%. The ledger is a software and data programme, so the software row is its class. Averages hide a fat tail: 17% of IT projects 'go so bad that they can threaten the very existence of the company'. The all-type 56% is driven by non-software IT: using it for a software programme takes the wrong row (the user's X21 research report did).","Context: X21 (the wrong row, rejected)"
fb_stress_cost_overrun_pct,Flyvbjerg-Budzier stress test: cost overrun of the biggest project,400,,,%,SOURCED,"Flyvbjerg & Budzier, ""Why your IT project may be riskier than you think"", Harvard Business Review 89(9), September 2011 (authors' copy): ""is the company strong enough to absorb the hit if its biggest technology project goes over budget by 400% or more and if only 25% to 50% of the projected benefits are realized?""",,https://arxiv.org/abs/1304.0265,2011,"A stress test the authors propose, not an average or a forecast. In their 1,471 IT projects the average cost overrun was 27%, and one in six was a black swan (a cost overrun of 200% on average and a schedule overrun of almost 70%). They advise breaking big projects into ones of limited size, complexity and duration.",Benefits (X21)
fb_stress_benefit_low_pct,"Flyvbjerg-Budzier stress test: share of projected benefits realised, low end",25,,,%,SOURCED,"Flyvbjerg & Budzier, ""Why your IT project may be riskier than you think"", Harvard Business Review 89(9), September 2011 (authors' copy): ""is the company strong enough to absorb the hit if its biggest technology project goes over budget by 400% or more and if only 25% to 50% of the projected benefits are realized?""",,https://arxiv.org/abs/1304.0265,2011,"A stress test the authors propose, not an average or a forecast. In their 1,471 IT projects the average cost overrun was 27%, and one in six was a black swan (a cost overrun of 200% on average and a schedule overrun of almost 70%). They advise breaking big projects into ones of limited size, complexity and duration.",Benefits (X21)
fb_stress_benefit_high_pct,"Flyvbjerg-Budzier stress test: share of projected benefits realised, high end",50,,,%,SOURCED,"Flyvbjerg & Budzier, ""Why your IT project may be riskier than you think"", Harvard Business Review 89(9), September 2011 (authors' copy): ""is the company strong enough to absorb the hit if its biggest technology project goes over budget by 400% or more and if only 25% to 50% of the projected benefits are realized?""",,https://arxiv.org/abs/1304.0265,2011,"A stress test the authors propose, not an average or a forecast. In their 1,471 IT projects the average cost overrun was 27%, and one in six was a black swan (a cost overrun of 200% on average and a schedule overrun of almost 70%). They advise breaking big projects into ones of limited size, complexity and duration.",Benefits (X21)
bf_public_it_outlier_pct,Public-sector IT projects with a cost overrun above 25% (black swans),18,,,%,SOURCED,"Budzier & Flyvbjerg, ""Overspend? Late? Failure? What the data say about IT project risk in the public sector"", Commonwealth Governance Handbook 2012/13 (authors' copy), abstract and Exhibit 2",,https://arxiv.org/abs/1304.4525,2012,"1,355 public-sector IT projects (average spend $130m, 35 months). The median project had no cost overrun and ran 24% late; a typical black swan overran its cost by 130% (median) and ran 41% late. Every extra year of duration added 4.2 points of cost risk. Public sector, not a carmaker.",Context: X21 and X22 (the tail and the stop)
bf_public_datamgmt_outlier_pct,"The same, data-management projects",41,,,%,SOURCED,"Budzier & Flyvbjerg, ""Overspend? Late? Failure? What the data say about IT project risk in the public sector"", Commonwealth Governance Handbook 2012/13 (authors' copy), abstract and Exhibit 2 (abstract: 'data management (41%)')",,https://arxiv.org/abs/1304.4525,2012,The project type closest to the ledger carries more than twice the average outlier risk (bf_public_it_outlier_pct). Public sector; a type-level rate from one database. The reason X22's gates must be readable inside each phase and carry a stop.,Context: X21 and X22 (the tail and the stop)
gb_ob_capex_upper_ict_pct,"Green Book optimism bias, capital cost, equipment/development (incl. ICT): upper bound",200,,,%,SOURCED,"HM Treasury, Supplementary Green Book guidance: optimism bias (published 21 April 2013, not withdrawn), Table 1, equipment/development projects, which it defines to include ICT development (3.10)",,https://assets.publishing.service.gov.uk/media/5a74dae740f0b65f61322c72/Optimism_bias.pdf,2013,"UK public procurement, from Mott MacDonald's 2002 study of past projects. The upper bound is the starting value at outline business case (3.11); it is reduced only as the contributory factors are mitigated, with clear and independently verified evidence (3.12-3.17), towards the lower bound of 10%. It covers capital cost and works duration only: there are no sound levels for benefits shortfall, and appraisers are told to use switching values instead (4.1). A convention, not a measurement of this programme.",Benefits (X21)
gb_ob_capex_lower_ict_pct,"The same: lower bound, after mitigation",10,,,%,SOURCED,"HM Treasury, Supplementary Green Book guidance: optimism bias (published 21 April 2013, not withdrawn), Table 1, equipment/development projects, which it defines to include ICT development (3.10)",,https://assets.publishing.service.gov.uk/media/5a74dae740f0b65f61322c72/Optimism_bias.pdf,2013,"UK public procurement, from Mott MacDonald's 2002 study of past projects. The upper bound is the starting value at outline business case (3.11); it is reduced only as the contributory factors are mitigated, with clear and independently verified evidence (3.12-3.17), towards the lower bound of 10%. It covers capital cost and works duration only: there are no sound levels for benefits shortfall, and appraisers are told to use switching values instead (4.1). A convention, not a measurement of this programme.",Benefits (X21)
gb_ob_duration_upper_ict_pct,"The same: works duration, upper bound",54,,,%,SOURCED,"HM Treasury, Supplementary Green Book guidance: optimism bias (published 21 April 2013, not withdrawn), Table 1, equipment/development projects, which it defines to include ICT development (3.10)",,https://assets.publishing.service.gov.uk/media/5a74dae740f0b65f61322c72/Optimism_bias.pdf,2013,"UK public procurement, from Mott MacDonald's 2002 study of past projects. The upper bound is the starting value at outline business case (3.11); it is reduced only as the contributory factors are mitigated, with clear and independently verified evidence (3.12-3.17), towards the lower bound of 10%. It covers capital cost and works duration only: there are no sound levels for benefits shortfall, and appraisers are told to use switching values instead (4.1). A convention, not a measurement of this programme.",Context: X21 (the duration convention)
gb_appraisal_default_years,"Green Book 2026: standard appraisal period for proposals other than infrastructure, buildings and regulation",10,,,years,SOURCED,"HM Treasury, The Green Book (2026), published 5 February 2026: ""10 years as a standard measure for all other proposals""",,https://www.gov.uk/government/publications/the-green-book-appraisal-and-evaluation-in-central-government/the-green-book-2026,2026,Public-sector convention; its own example of an IT-services proposal runs five years (gb_appraisal_it_example_years). Used as the long horizon.,Benefits (X21)
gb_appraisal_it_example_years,Green Book 2026: its example of an IT-services proposal's period,5,,,years,SOURCED,"HM Treasury, The Green Book (2026): ""a proposal to provide an organisation with IT services over a five-year period""",,https://www.gov.uk/government/publications/the-green-book-appraisal-and-evaluation-in-central-government/the-green-book-2026,2026,"An example, not a rule. Used as the short, cautious horizon: the build's two years count inside it. The Green Book also says to cut estimated benefits for optimism, with no percentage, and defines switching values as the value an assumption must reach to stop an option being value for money.",Benefits (X21)
stla_wacc_pretax_low_pct,"The group's pre-tax WACC in its impairment tests, 2025: lowest",9.5,,,%,SOURCED,"Stellantis N.V. 2025 Annual Report and Form 20-F (filed 26 February 2026), goodwill and CGU impairment testing: ""The pre-tax Weighted Average Cost of Capital ('WACC') discount rate applied ranged from 9.5 percent to 19 percent""",,https://www.sec.gov/Archives/edgar/data/1605484/000160548426000021/stellantis-20251231.htm,FY2025,"The range across the group's cash-generating units; the rate for Enlarged Europe is not disclosed. Pre-tax, applied to pre-tax cash flows. 2023's range was 11.3-25.8%.",Benefits (X21)
stla_wacc_pretax_high_pct,The same: highest,19,,,%,SOURCED,"Stellantis N.V. 2025 Annual Report and Form 20-F, as stla_wacc_pretax_low_pct",,https://www.sec.gov/Archives/edgar/data/1605484/000160548426000021/stellantis-20251231.htm,FY2025,"The dearest money the group applies to any unit. The benefits case is judged at this end (decided on quality: Europe's own rate is not disclosed), and shown at the low end.",Benefits (X21)
stla_synergies_2023_eur_bn,"The group's net cash merger synergies, 2023",8.4,,,EUR bn,SOURCED,"Stellantis N.V. 2023 Annual Report and Form 20-F, Merger Synergies: ""achieved EUR 8.4 billion of net cash synergies ... exceeding the EUR 5 billion annual steady state target established at the time of the merger ... more than two years earlier than planned""",,https://www.sec.gov/Archives/edgar/data/1605484/000160548424000022/stellantis-20231231.htm,FY2023,"Measured ""net of implementation costs and considered on a cash basis"" (the benefits sheet follows the same convention), and until 2024 a metric in the short-term incentive plan: counted by those paid on it, which is why the programme's benefits are certified by Finance against control groups. Merger synergies, not a data programme: the group's own record on a benefits promise, not a reference class.",Context: X21 (the group's own benefits record)
stla_synergies_target_eur_bn,"The group's merger synergy target, annual steady state",5,,,EUR bn,SOURCED,"Stellantis N.V. 2023 Annual Report and Form 20-F, as stla_synergies_2023_eur_bn",,https://www.sec.gov/Archives/edgar/data/1605484/000160548424000022/stellantis-20231231.htm,FY2023,Set at the merger (2021). As stla_synergies_2023_eur_bn.,Context: X21 (the group's own benefits record)
ec_cohesion_risk_payment_2024_pct,"EU cohesion spending: risk at payment, 2024",2.9,,,%,SOURCED,"European Commission, Annual management and performance report for the EU budget, 2024 financial year, COM(2025) 824, 17 June 2025, cohesion policy: ""the overall risk at payment for cohesion is 2.9%""",,https://eur-lex.europa.eu/legal-content/EN/TXT/HTML/?uri=CELEX:52025DC0824,FY2024,"The Commission's own estimates for cohesion spending, where payments rest on beneficiaries' claims. Corrections after payment until closure cut the risk at payment of 2.9% to 1.8%: about two-fifths of the error found is recovered (0.5-1.4 points, a sixth to a half). Public funds with a legal right to claw back over a multiannual programme; the Court of Auditors' error rates are higher and, the report says, not directly comparable. An analogue for recoverable_share, not a carmaker's figure.",Context: X21 (anchors recoverable_share)
ec_cohesion_risk_closure_2024_pct,"EU cohesion spending: estimated risk at closure, after future corrections, 2024",1.8,,,%,SOURCED,"European Commission, Annual management and performance report for the EU budget, 2024 financial year, COM(2025) 824, 17 June 2025, cohesion policy: ""Estimated future corrections corresponded to a range of 0.5-1.4%, leading to an estimated risk at closure of 1.8%""",,https://eur-lex.europa.eu/legal-content/EN/TXT/HTML/?uri=CELEX:52025DC0824,FY2024,"The Commission's own estimates for cohesion spending, where payments rest on beneficiaries' claims. Corrections after payment until closure cut the risk at payment of 2.9% to 1.8%: about two-fifths of the error found is recovered (0.5-1.4 points, a sixth to a half). Public funds with a legal right to claw back over a multiannual programme; the Court of Auditors' error rates are higher and, the report says, not directly comparable. An analogue for recoverable_share, not a carmaker's figure.",Context: X21 (anchors recoverable_share)
ec_cohesion_future_corr_low_pct,"The same: estimated future corrections, low end",0.5,,,%,SOURCED,"European Commission, Annual management and performance report for the EU budget, 2024 financial year, COM(2025) 824, 17 June 2025, cohesion policy",,https://eur-lex.europa.eu/legal-content/EN/TXT/HTML/?uri=CELEX:52025DC0824,FY2024,"The Commission's own estimates for cohesion spending, where payments rest on beneficiaries' claims. Corrections after payment until closure cut the risk at payment of 2.9% to 1.8%: about two-fifths of the error found is recovered (0.5-1.4 points, a sixth to a half). Public funds with a legal right to claw back over a multiannual programme; the Court of Auditors' error rates are higher and, the report says, not directly comparable. An analogue for recoverable_share, not a carmaker's figure.",Context: X21 (anchors recoverable_share)
ec_cohesion_future_corr_high_pct,"The same: estimated future corrections, high end",1.4,,,%,SOURCED,"European Commission, Annual management and performance report for the EU budget, 2024 financial year, COM(2025) 824, 17 June 2025, cohesion policy",,https://eur-lex.europa.eu/legal-content/EN/TXT/HTML/?uri=CELEX:52025DC0824,FY2024,"The Commission's own estimates for cohesion spending, where payments rest on beneficiaries' claims. Corrections after payment until closure cut the risk at payment of 2.9% to 1.8%: about two-fifths of the error found is recovered (0.5-1.4 points, a sixth to a half). Public funds with a legal right to claw back over a multiannual programme; the Court of Auditors' error rates are higher and, the report says, not directly comparable. An analogue for recoverable_share, not a carmaker's figure.",Context: X21 (anchors recoverable_share)
dress_asym_cost_cut_pct,Residual forecasting with an asymmetric cost of error: cost reduction when over-estimating costs twice as much,8,,,%,SOURCED,"Dress, Lessmann & von Mettenheim, ""Residual value forecasting using asymmetric cost functions"", International Journal of Forecasting 34(4), 551-565, 2018, abstract: ""reduces costs by about 8%""",,https://ideas.repec.org/a/eee/intfor/v34y2018i4p551-565.html,2018,"Against the same kinds of model trained with a symmetric loss, on a German carmaker's leasing data; a gain from the loss function alone, at an assumed 2:1 cost ratio. Not convertible into euros here: the expected column carries no curve cost (X18, two-sided). A benchmark for the residual-cost gate X22 retired (gate_rv_cost_improvement_pct: unreadable inside the programme), not a benefit. The user's research report's '250,000 contracts' and 'covers the programme alone' are not in the source.",Context: X21 and X22 (the retired residual-cost gate)
fliegel_rate_rise_low_pp,"Auto-loan rate rise after Germany's carbon price announcement, low end",0.3,,,percentage points,SOURCED,"Fliegel, Hagen, Koch & Ritter, ""Carbon pricing and household finance: how banks price transition risk in auto loans"", CESifo Working Paper 12288, 2026, abstract: ""raising interest rates by 0.3-0.5 percentage points ... Captive banks respond more strongly than commercial banks""",,https://www.ifo.de/en/cesifo/publications/2026/working-paper/carbon-pricing-and-household-finance-how-banks-price-transition,2026,"Lenders priced a newly salient collateral-value risk into rates, captives more than banks, through the collateral and default channels; households also shifted to more fuel-efficient cars. Evidence that a market-wide risk to a car's value gets priced by lenders, not that the group can keep a charge rivals do not levy. The report's '0.44 points more than commercial banks' is not in the abstract. A working paper.","Context: X21 (the level charge: priced, not a benefit)"
fliegel_rate_rise_high_pp,"The same, high end",0.5,,,percentage points,SOURCED,"Fliegel, Hagen, Koch & Ritter, CESifo Working Paper 12288, 2026, as fliegel_rate_rise_low_pp",,https://www.ifo.de/en/cesifo/publications/2026/working-paper/carbon-pricing-and-household-finance-how-banks-price-transition,2026,As fliegel_rate_rise_low_pp.,"Context: X21 (the level charge: priced, not a benefit)"
run_cost_eur_m_year,"Run cost of the ledger after the build, a year",5,3,8,EUR m a year,ASSUMPTION,"Our estimate, priced on X25's work list and rates (analysis/programme_cost.py) and inv_platform_eur_m",,,2026-09-27,"What stays after month 24: the data stewards who run the entity-resolution queue, model risk and the monthly re-mark, and the platform and licences. Priced on X25's work list, a third to a half of the build's average team (34 people) costs EUR 1.4-2.1m a year at the in-house loaded rates, or EUR 4.0-6.0m at the integrator's rate card; with the platform and licences (inv_platform_eur_m's yearly share, EUR 1.5-3m), EUR 2.9-5.1m in-house and EUR 5.5-9.0m bought. One value serves all four build scenarios, since who runs it after month 24 is not decided: 5 lies between the two, the range covers the in-house run and most of a bought one, and the in-house midpoint (about 4) would move the decision-basis value by about EUR 1m. No sourced run cost exists; the Green Book has no sound optimism level for operating cost (4.1), so its switching value is shown instead.",Benefits (X21)
x21_phase_months,Months per phase of the roadmap,6,6,8,months,ASSUMPTION,The roadmap: 24 months in four gated phases (solution doc 8.1),,,2026-09-27,"An estimate of how long the work takes, like the cost lines, not a gate. The high end is McKinsey-Oxford's software schedule overrun (mckox_sw_schedule_overrun_pct) applied to it, which the reference-class case uses.",Benefits (X21)
x21_cov_pilot_2024,"The pilot market's (France's) share of the group's new-car registrations, EU and EFTA, 2024",28.1,,,%,MEASURED,analysis/benefits_case_report.md,pilot >> 2024 share (%),,2026-09-27,"EEA registrations of the PSA and FCA brands (the X9/X20 file); the UK is not in it. Coverage in Phase 2, used as the share of every lever's base live in the pilot: a proxy, since claims, contracts and returns need not split like registrations. 2025: 27.5%.",Benefits (X21)
x21_cov_core_2024,"The core markets' (France, Italy, Germany, Spain) share of the group's new-car registrations, EU and EFTA, 2024",80.9,,,%,MEASURED,analysis/benefits_case_report.md,core >> 2024 share (%),,2026-09-27,"The four markets above the largest break in the ranked shares (the smallest, Spain, is about three times the next, Belgium), the same set in 2025 (79.1%). Coverage in Phases 3-4; after the exit every market. A proxy, as x21_cov_pilot_2024; the UK is not in the file.",Benefits (X21)
dvl_academic_pp,Published academic nudge trials: average take-up effect,8.7,,,percentage points,SOURCED,"DellaVigna & Linos, ""RCTs to scale: comprehensive evidence from two nudge units"", Econometrica 90(1), 81-116, 2022, abstract: ""an 8.7 percentage point take-up effect, which is a 33.4% increase over the average control""",,https://www.econometricsociety.org/publications/econometrica/2022/01/01/rcts-scale-comprehensive-evidence-two-nudge-units,2022,"126 trials, 23 million people, every trial run by two US nudge units, against published academic nudges. The gap is mostly selective publication with low power, not pilots run in favourable settings (the user's X22 research report's reading). For a gate: a pilot read at low power and passed on significance overstates its effect, so the pilot is powered, pre-registered with one arm, and its lower bound is carried forward. US data.",Context: X22 (the gates)
dvl_nudge_unit_pp,"Nudge units' own trials, all of them, at scale: average take-up effect",1.4,,,percentage points,SOURCED,"DellaVigna & Linos, ""RCTs to scale: comprehensive evidence from two nudge units"", Econometrica 90(1), 81-116, 2022, abstract: ""smaller at 1.4 percentage points, an 8.0% increase""",,https://www.econometricsociety.org/publications/econometrica/2022/01/01/rcts-scale-comprehensive-evidence-two-nudge-units,2022,"126 trials, 23 million people, every trial run by two US nudge units, against published academic nudges. The gap is mostly selective publication with low power, not pilots run in favourable settings (the user's X22 research report's reading). For a gate: a pilot read at low power and passed on significance overstates its effect, so the pilot is powered, pre-registered with one arm, and its lower bound is carried forward. US data.",Context: X22 (the gates)
dvl_publication_share_pct,Share of the gap explained by selective publication with low statistical power,70,,,%,SOURCED,"DellaVigna & Linos, ""RCTs to scale: comprehensive evidence from two nudge units"", Econometrica 90(1), 81-116, 2022, abstract: ""selective publication in the Academic Journals sample, exacerbated by low statistical power, explains about 70 percent of the difference""; ""different nudge characteristics account for most of the residual difference""",,https://www.econometricsociety.org/publications/econometrica/2022/01/01/rcts-scale-comprehensive-evidence-two-nudge-units,2022,"126 trials, 23 million people, every trial run by two US nudge units, against published academic nudges. The gap is mostly selective publication with low power, not pilots run in favourable settings (the user's X22 research report's reading). For a gate: a pilot read at low power and passed on significance overstates its effect, so the pilot is powered, pre-registered with one arm, and its lower bound is carried forward. US data.",Context: X22 (the gates)
kmr_escalation_low_pct,"IS projects showing some degree of escalation of commitment, low end",30,,,%,SOURCED,"Keil, Mann & Rai, ""Why software projects escalate: an empirical analysis and test of four theoretical models"", MIS Quarterly 24(4), 631-664, 2000, abstract: ""between 30% and 40% of all IS projects exhibit some degree of escalation""",,https://aisel.aisnet.org/misq/vol24/iss4/4/,2000,"A survey of IS audit and control professionals. Some degree of escalation, not termination: the user's X22 research report read it as projects needing de-escalation or termination. The reason each gate's trigger and outcome are agreed before the programme starts (Keil & Montealegre, Sloan Management Review 2000).",Context: X22 (the gates)
kmr_escalation_high_pct,"The same, high end",40,,,%,SOURCED,"Keil, Mann & Rai 2000, as kmr_escalation_low_pct",,https://aisel.aisnet.org/misq/vol24/iss4/4/,2000,As kmr_escalation_low_pct.,Context: X22 (the gates)
gc_exaggeration_80_power,Expected exaggeration of a statistically significant estimate at 80% power,1.12,,,ratio,SOURCED,"Gelman & Carlin, ""Beyond power calculations: assessing Type S (sign) and Type M (magnitude) errors"", Perspectives on Psychological Science 9(6), 641-651, 2014: at power 0.80, ""an expected exaggeration factor of 1.12""",,https://sites.stat.columbia.edu/gelman/research/published/retropower_final.pdf,2014,"Unbiased, normally distributed estimates, read only when significant. It rises steeply as power falls. The reason the retention gate carries the pilot's lower bound, not its point estimate, into the benefits case.",Context: X22 (the gates)
gpd_feasibility_outside_min,"UK major projects: people from outside the organisation giving independent input to a feasibility study, at least",2,,,people,SOURCED,"Government Project Delivery, GPD-PN 02/26: GMPP feasibility studies (from April 2026): ""independent input to ensure an outside view and robust challenge, with at least two people from outside the organisation""",,https://projectdelivery.gov.uk/library-products/gpd-pn-02-26-gmpp-feasibility-studies-html/,2026,"A UK public-sector rule for projects entering the government's major projects portfolio: a precedent for readers outside the programme, not a rule for a carmaker. The programme's gates are read by Finance with at least this many reviewers from outside the programme.",Context: X22 (the gates)
gate_read_confidence_pct,Every gate - confidence its reading is held to,95,,,%,TARGET,Team choice (X22),,,2026-09-27,"The convention the retention gate already uses (gate_uplift_significance_pct), applied to every gate so none passes on a noisier reading than another. Two-sided for comparisons, one-sided for a bound against a threshold, as each gate's rule says (analysis/gates_report.md).",Gate
gate_read_power_pct,Every gate - power each reading is sized for,80,,,%,TARGET,Team choice (X22),,,2026-09-27,"The usual convention, as X15 sized the pilot. At 80% power a result that passes on significance overstates the true effect by about 1.12 times on average (gc_exaggeration_80_power); below it, much more. So each sample is sized for it before the phase starts, and a gate read on a smaller sample is a Delay, not a Go.",Gate
gate_engine_coverage_tol_pts,Phase 3 gate - the engine's 80% band must cover between 80% minus and plus this share of returned cars' realised prices,5,,,points,TARGET,Team choice (X22),,,2026-09-27,"Wide enough that a correctly calibrated band passes 95 times in 100 on a few hundred returned cars (analysis/gates_report.md), narrow enough to catch a band X15 found off by more (cars 12 and older before per-age calibration). Read on the cars the buy-back book returns inside Phase 3, the level removed.",Gate
gate_engine_margin_pts,Phase 3 gate - how much worse than the bought guide the engine's car-specific error may be and still pass,1,,,points of price,TARGET,Team choice (X22),,,2026-09-27,"A non-inferiority margin: a fifth of the pricer's average band (price_band_pct), so a difference inside it is smaller than any adjustment a pricer may make. The engine need not beat the guide to earn its roles as challenger and band-maker (F7); if it is worse by more than this, the guide keeps the price (the back-up plan).",Gate
x22_audit_n_prec95,"Phase 1: flagged claims to audit so the exact lower bound clears the precision gate, if the true precision is 95%",179,,,claims,MEASURED,analysis/gates_report.md,95% >> audited flags,,2026-09-27,"At the gate's confidence and power (TARGET rows); a sizing grid, not an estimate of precision (93%: 549; 97%: 76 in the report). Readable inside Phase 1 by a small audit team.",Context: X22 (the gates)
x22_seed_n_rec80,"Phase 1: duplicates to seed into the claims stream so the exact lower bound clears the recall gate, if the true recall is 80%",119,,,duplicates,MEASURED,analysis/gates_report.md,80% >> seeded duplicates,,2026-09-27,"Known-answer seeds, X1's method (its synthetic results are never evidence; the method is). A sizing grid, not an estimate of recall.",Context: X22 (the gates)
x22_pilot_share_half_pct,Phase 2: both arms of the chosen retention pilot as a share of France's contracts ending in the phase's first half,46,,,%,MEASURED,analysis/gates_report.md,Size inside the phase,,2026-09-27,"X15's within-dealer design at the gate; France's SFSE contracts a year, as many ending as starting (a steady book, assumed). With a quarter of the uplift spilling over, 81%. Enrolling the first half leaves the second for orders to be signed before the gate.",Context: X22 (the gates)
x22_obf_extra_pct,"Phase 2: extra customers, at most, for one O'Brien-Fleming interim look at half the pilot",0.8,,,%,MEASURED,analysis/gates_report.md,One interim look,,2026-09-27,"Two-sided, at the gate's confidence and power; the design's size and power are checked by the bivariate normal. An immediate outcome by design (orders signed).",Context: X22 (the gates)
x22_exaggeration_half_gate,Phase 2: expected exaggeration of a significant pilot result if the true uplift is half the gate,1.85,,,ratio,MEASURED,analysis/gates_report.md,1.0 >> expected exaggeration if significant,,2026-09-27,"Gelman & Carlin's design calculation at the pilot's standard error (sized for the gate at 80% power; at the gate itself 1.12, reproducing gc_exaggeration_80_power). The reason the lower bound, not the point estimate, enters the benefits case.",Context: X22 (the gates)
x22_lower_at_gate_pp,Phase 2: the pilot's lower confidence bound if its estimate lands exactly on the gate,0.6,,,percentage points,MEASURED,analysis/gates_report.md,A pilot that lands exactly on the gate,,2026-09-27,"Two-sided at the gate's confidence, at the design's standard error. This, not the point estimate, would replace upgrade_capture_uplift in the benefits case.",Context: X22 (the gates)
x22_engine_cov_n,Phase 3: returned cars needed so a correctly calibrated 80% band lands inside the coverage gate 95 times in 100,246,,,cars,MEASURED,analysis/gates_report.md,Coverage:,,2026-09-27,Normal approximation for a proportion of 0.8 at the gate's tolerance (gate_engine_coverage_tol_pts).,Context: X22 (the gates)
x22_engine_pair_n_rho50,"Phase 3: paired returned cars needed for the engine-against-guide gate, if the two errors correlate 0.5",1499,,,cars,MEASURED,analysis/gates_report.md,0.50 >> paired cars needed,,2026-09-27,"One-sided at the gate's confidence and power, margin gate_engine_margin_pts; the engine's spread is its median absolute error on adverts (engine_err_typical) as a normal spread, an approximation. 750 at a correlation of 0.75, 2,248 at 0.25.",Context: X22 (the gates)
x22_returns_core_phase,Phase 3: an order of magnitude for the cars the buy-back book returns in the core markets in one phase,120000,,,cars,MEASURED,analysis/gates_report.md,Returns available,,2026-09-27,"The book due within a year (buyback_payables_current_eur_m) times the core markets' share (x21_cov_core_2024) for one phase, over Aramis's realised retail price per car (aramis_fy25_b2c_*). A retail price is above what the group pays back, so the count errs low. An order of magnitude, not a count: no count is disclosed.",Context: X22 (the gates)
x22_band_n_engine_tied,Phase 3: sold cars with a logged first proposal needed to choose between the engine's price alone and the tied band,123,,,cars,MEASURED,analysis/gates_report.md,"engine only, or the tied band >> sold cars",,2026-09-27,"Fisher's z, one-sided at the gates' confidence and power, between no pricer information and X13's first break-even (x13_be_fixed_vs_engine).",Context: X22 (the gates)
x22_band_n_tied_full,"Phase 3: the same, to choose between the tied band and the full calibrated band",100,,,cars,MEASURED,analysis/gates_report.md,"the tied band, or the full band >> sold cars",,2026-09-27,"Between X13's two break-evens (x13_be_fixed_vs_engine, x13_be_full_vs_fixed).",Context: X22 (the gates)
gate_days_cut_days,Phase 3 gate - days cut from the time to sale of randomised returns,5,,,days,TARGET,Team choice (X22),,,2026-09-27,"The low end of our own assumed range (x17_days_cut). Read on returns randomised between the old process and the new, sized from the spread of days to sale in the ledger's Phase 2 backfill. If missed: Back-up, the lever is not scaled; the case holds without it (X21).",Gate
gate_route_margin_pct,"Phase 3 gate - margin of a routed return over its trade price, after all costs",0,,,% of the price,TARGET,Team choice (X22),,,2026-09-27,"Break-even: a car retailed in-house must beat the trade after all costs, or routing loses money (Aramis's margin after costs is the benchmark, x17_channel_gain_after_costs; x17_channel_breakeven_days caps the extra days). Read on returns randomised between channels. If missed: Back-up, routing is not scaled.",Gate
nl_retained_0_3m,"Value retained by a car 0-3 months old, share of list, NL",87.2,,,% of list,MEASURED,analysis/upgrade_window_report.md,0-3 >> within model,,2026-09-27,"Dutch asking prices (the continental 2025 scrape, exact ages from first registration) over the RDW catalogue price of the make, model and year, within model (make-model fixed effects; the level is the sample's average model); a bootstrap over whole models gives the range. Adverts, not transactions; one market and one scrape. Some of the youngest cars sit above 100% (options and trims above the catalogue price); the raw median is higher (96%) because a few dear models dominate the youngest adverts.","Leak 2 (the window, context)"
nl_retained_9_12m,"Value retained at 9-12 months, share of list, NL",79.4,,,% of list,MEASURED,analysis/upgrade_window_report.md,9-12 >> within model,,2026-09-27,"Dutch asking prices (the continental 2025 scrape, exact ages from first registration) over the RDW catalogue price of the make, model and year, within model (make-model fixed effects; the level is the sample's average model); a bootstrap over whole models gives the range. Adverts, not transactions; one market and one scrape.","Leak 2 (the window, context)"
window_nl_measured_m,"Month the car's equity first covers the next deposit, level as measured (NL curve, first year measured)",18,,,month,MEASURED,analysis/upgrade_window_report.md,level as measured >> month,,2026-09-27,"Dutch asking prices (the continental 2025 scrape, exact ages from first registration) over the RDW catalogue price of the make, model and year, within model (make-model fixed effects; the level is the sample's average model); a bootstrap over whole models gives the range. Adverts, not transactions; one market and one scrape. The contract and level shocks are the Leak 2 sheet's (loan_*, level_3y_p10_core, level_3y_worst). It replaces the sheet's month 12, which was the start of its search: the UK curve has whole-year ages, so no first year (skeptic B11). 80% range 14-20.","Leak 2 (the window, context)"
window_nl_p10_m,The same after a one-in-ten three-year level fall,21,,,month,MEASURED,analysis/upgrade_window_report.md,level -7.7% (p10) >> month,,2026-09-27,"Dutch asking prices (the continental 2025 scrape, exact ages from first registration) over the RDW catalogue price of the make, model and year, within model (make-model fixed effects; the level is the sample's average model); a bootstrap over whole models gives the range. Adverts, not transactions; one market and one scrape. The contract and level shocks are the Leak 2 sheet's (loan_*, level_3y_p10_core, level_3y_worst). It replaces the sheet's month 12, which was the start of its search: the UK curve has whole-year ages, so no first year (skeptic B11). 80% range 19-25.","Leak 2 (the window, context)"
window_nl_worst_m,The same after the worst three-year level fall measured,33,,,month,MEASURED,analysis/upgrade_window_report.md,level -27% (worst) >> month,,2026-09-27,"Dutch asking prices (the continental 2025 scrape, exact ages from first registration) over the RDW catalogue price of the make, model and year, within model (make-model fixed effects; the level is the sample's average model); a bootstrap over whole models gives the range. Adverts, not transactions; one market and one scrape. The contract and level shocks are the Leak 2 sheet's (loan_*, level_3y_p10_core, level_3y_worst). It replaces the sheet's month 12, which was the start of its search: the UK curve has whole-year ages, so no first year (skeptic B11). 80% range 32-34.","Leak 2 (the window, context)"
larkin_gaming_cost_low_pct,"Revenue lost to salespeople gaming an accelerating commission, low end",6,,,% of revenue,SOURCED,"Larkin, ""The cost of high-powered incentives: employee gaming in enterprise software sales"", Journal of Labor Economics 32(2), 199-227, 2014, abstract: ""mispricing that costs the vendor 6%-8% of revenue""",,https://ideas.repec.org/a/ucp/jlabec/doi10.1086-673371.html,2014,"Salespeople time deal closure to an accelerating commission and cut prices in the quarters that pay; one US enterprise software vendor, not cars. Context for leak 1's period-end push (X2) and for one smoother dealer scheme instead of two stair-steps (skeptic B12), never a carmaker's figure.",Context: skeptic B12
larkin_gaming_cost_high_pct,"The same, high end",8,,,% of revenue,SOURCED,"Larkin, ""The cost of high-powered incentives: employee gaming in enterprise software sales"", Journal of Labor Economics 32(2), 199-227, 2014, abstract: ""mispricing that costs the vendor 6%-8% of revenue""",,https://ideas.repec.org/a/ucp/jlabec/doi10.1086-673371.html,2014,"Salespeople time deal closure to an accelerating commission and cut prices in the quarters that pay; one US enterprise software vendor, not cars. Context for leak 1's period-end push (X2) and for one smoother dealer scheme instead of two stair-steps (skeptic B12), never a carmaker's figure.",Context: skeptic B12
ep_clocking_domestic_low_pct,"EU used cars sold within a country with a rolled-back odometer, low end",5,,,%,SOURCED,"European Parliament press release, 31 May 2018 (rapporteur Ismail Ertug), citing studies: ""About 5 to 12 percent of used cars sold inside EU countries and 30 to 50 percent of those sold across borders within the EU have been clocked""",,https://www.europarl.europa.eu/news/en/press-room/20180524IPR04221/car-clocking-meps-call-for-new-legislation-to-combat-odometer-fraud,2018,"Estimates from studies behind the Parliament's 2018 resolution (EPRS), not a measurement; the underlying study was not opened. The reason each odometer reading in the ledger carries its source and date (X1's provenance lesson; the round-number bunching, x17_left_digit_bunching), not a leak rate.",Context: skeptic B12
ep_clocking_domestic_high_pct,"The same, high end",12,,,%,SOURCED,"European Parliament press release, 31 May 2018 (rapporteur Ismail Ertug), citing studies: ""About 5 to 12 percent of used cars sold inside EU countries and 30 to 50 percent of those sold across borders within the EU have been clocked""",,https://www.europarl.europa.eu/news/en/press-room/20180524IPR04221/car-clocking-meps-call-for-new-legislation-to-combat-odometer-fraud,2018,"Estimates from studies behind the Parliament's 2018 resolution (EPRS), not a measurement; the underlying study was not opened. The reason each odometer reading in the ledger carries its source and date (X1's provenance lesson; the round-number bunching, x17_left_digit_bunching), not a leak rate.",Context: skeptic B12
ep_clocking_cross_low_pct,"EU used cars sold across borders with a rolled-back odometer, low end",30,,,%,SOURCED,"European Parliament press release, 31 May 2018 (rapporteur Ismail Ertug), citing studies: ""About 5 to 12 percent of used cars sold inside EU countries and 30 to 50 percent of those sold across borders within the EU have been clocked""",,https://www.europarl.europa.eu/news/en/press-room/20180524IPR04221/car-clocking-meps-call-for-new-legislation-to-combat-odometer-fraud,2018,"Estimates from studies behind the Parliament's 2018 resolution (EPRS), not a measurement; the underlying study was not opened. The reason each odometer reading in the ledger carries its source and date (X1's provenance lesson; the round-number bunching, x17_left_digit_bunching), not a leak rate.",Context: skeptic B12
ep_clocking_cross_high_pct,"The same, high end",50,,,%,SOURCED,"European Parliament press release, 31 May 2018 (rapporteur Ismail Ertug), citing studies: ""About 5 to 12 percent of used cars sold inside EU countries and 30 to 50 percent of those sold across borders within the EU have been clocked""",,https://www.europarl.europa.eu/news/en/press-room/20180524IPR04221/car-clocking-meps-call-for-new-legislation-to-combat-odometer-fraud,2018,"Estimates from studies behind the Parliament's 2018 resolution (EPRS), not a measurement; the underlying study was not opened. The reason each odometer reading in the ledger carries its source and date (X1's provenance lesson; the round-number bunching, x17_left_digit_bunching), not a leak rate.",Context: skeptic B12
jato_q1_2025_private_discount_eur_bn,"Discounts to private car buyers in Germany, the UK, France and Italy, first quarter 2025 (JATO)",1.5,,,EUR bn,SOURCED,"JATO Dynamics, ""The role of incentives in the European car market: a strategic lever for OEMs in 2025"", 24 April 2025: ""In the first quarter of 2025 alone, the automotive industry in the four major EU countries distributed an more than €1.5 billion worth of discounts to private car buyers""",,https://www.jato.com/resources/news-and-insights/the-role-of-incentives-in-the-european-car-market-a-strategic-lever-for-oems-in-2025,2025 Q1,"A lower bound (""more than""). JATO's volume-weighted discounts to private buyers, all makers, dealer-funded discounts included; not the group's. Context for skeptic B2: discounting is large; it says nothing about whether it pays.","Context: X24 (B2, the incentive level)"
jato_q1_2025_discount_share_de_uk_pct,"Weighted discount to private buyers as a share of the retail price, Germany and the UK, first quarter 2025 (JATO)",5.7,,,% of retail price,SOURCED,"JATO Dynamics, 24 April 2025: ""these discounts represent only about 5.7% of retail price in Germany and the UK, compared to 8.2% in Italy during that period""",,https://www.jato.com/resources/news-and-insights/the-role-of-incentives-in-the-european-car-market-a-strategic-lever-for-oems-in-2025,2025 Q1,"A European scale reference beside the group's claims base (x14_incentive_claims_*: the 20-F's claims-based programmes over net revenues, worldwide). Different measures: JATO's is off the retail price, private buyers only, dealer-funded discounts included, fleet excluded; the 20-F's is the maker's claims-based spend at wholesale. The same order of size, not a confirmation.","Context: X24 (B2, the incentive level)"
pauwels_promo_longrun_pos_pct,"Brands whose manufacturer promotions raised firm value in the long run (US data, 1996-2001)",43,,,% of brands,SOURCED,"Pauwels K., Silva-Risso J., Srinivasan S. and Hanssens D. M., ""New Products, Sales Promotions, and Firm Value: The Case of the Automobile Industry"", Journal of Marketing 68(4), 2004 (forthcoming version of 22 September 2003): ""Overall, half of all brands show positive short-term promotion effects. In the long run, this is only true for 43% of the brands""; abstract: ""new product introductions increase long-term financial performance and firm value, but promotions do not""",,https://www.anderson.ucla.edu/sites/default/files/documents/areas/fac/marketing/npi030922(0).pdf,1996-2001,"US data: every new-car sale at 1,100 California dealers (J.D. Power), October 1996 to December 2001, six makers with about 86% of the US market; vector autoregressions, firm value as market to book. The one long-run measurement of carmakers' incentives found: on average they lift revenue, not lasting value. It does not say by how much spend exceeds the optimum, and it is not a randomised test.","Context: X24 (B2, the incentive level)"
pauwels_npi_longrun_pos_pct,The same study: brands whose new-product introductions raised firm value in the long run (US data),81,,,% of brands,SOURCED,"Pauwels, Silva-Risso, Srinivasan and Hanssens (2004): ""Over the total sample, new-product introductions have a positive long-run impact on market capitalization for 81% of all brands""",,https://www.anderson.ucla.edu/sites/default/files/documents/areas/fac/marketing/npi030922(0).pdf,1996-2001,US data; the comparison beside pauwels_promo_longrun_pos_pct.,"Context: X24 (B2, the incentive level)"
motorpoint_fy26_retail_revenue_gbp_m,"Motorpoint: revenue from retail customers, FY26",1130.8,,,GBP m,SOURCED,"Motorpoint Group PLC, FY26 Final Results (10 June 2026; year to 31 March 2026), segment note and trading review: ""Revenue from retail customers was up 10.0% to £1,130.8m""",,https://assets.motorpoint.co.uk/plc/Reports-Results-Presentations/FY2026/Final-Results.pdf,FY2026,"UK. Motorpoint retails nearly new cars bought mostly through fleet and bulk channels (motorpoint_fy26_sourcing), the trade the group's returns are sold into; preparation and transport sit in cost of sales, and finance, warranty and paint-protection commissions (motorpoint_fy26_services_revenue_gbp_m) in revenue. GBP.","Context: X24 (B10, the trade gap)"
motorpoint_fy26_retail_cost_of_sales_gbp_m,"Motorpoint: retail cost of sales, FY26",1042.4,,,GBP m,SOURCED,"Motorpoint Group PLC, FY26 Final Results (10 June 2026; year to 31 March 2026), segment note (retail: revenue 1,130.8, cost of sales (1,042.4))",,https://assets.motorpoint.co.uk/plc/Reports-Results-Presentations/FY2026/Final-Results.pdf,FY2026,"UK. Motorpoint retails nearly new cars bought mostly through fleet and bulk channels (motorpoint_fy26_sourcing), the trade the group's returns are sold into; preparation and transport sit in cost of sales, and finance, warranty and paint-protection commissions (motorpoint_fy26_services_revenue_gbp_m) in revenue. GBP. Preparation and transport are inside: GPU rose, ""offset in part by preparation and transport cost increases"".","Context: X24 (B10, the trade gap)"
motorpoint_fy26_services_revenue_gbp_m,"Motorpoint: revenue from motor related services and commissions, FY26",59.7,,,GBP m,SOURCED,"Motorpoint Group PLC, FY26 Final Results (10 June 2026; year to 31 March 2026), note 3 revenue: ""Revenue from motor related services and commissions 59.7"" (commissions on finance introductions, extended guarantees and paint protection)",,https://assets.motorpoint.co.uk/plc/Reports-Results-Presentations/FY2026/Final-Results.pdf,FY2026,"UK. Motorpoint retails nearly new cars bought mostly through fleet and bulk channels (motorpoint_fy26_sourcing), the trade the group's returns are sold into; preparation and transport sit in cost of sales, and finance, warranty and paint-protection commissions (motorpoint_fy26_services_revenue_gbp_m) in revenue. GBP. Retail customers only: the wholesale segment's revenue equals its vehicle sales.","Context: X24 (B10, the trade gap)"
motorpoint_fy26_retail_units_k,"Motorpoint: retail vehicles sold, FY26",64.6,,,thousand cars,SOURCED,"Motorpoint Group PLC, FY26 Final Results (10 June 2026; year to 31 March 2026): ""with 64.6k (FY25: 59.9k) vehicles sold""",,https://assets.motorpoint.co.uk/plc/Reports-Results-Presentations/FY2026/Final-Results.pdf,FY2026,"UK. Motorpoint retails nearly new cars bought mostly through fleet and bulk channels (motorpoint_fy26_sourcing), the trade the group's returns are sold into; preparation and transport sit in cost of sales, and finance, warranty and paint-protection commissions (motorpoint_fy26_services_revenue_gbp_m) in revenue. GBP.","Context: X24 (B10, the trade gap)"
motorpoint_fy26_retail_gpu_gbp,"Motorpoint: retail gross profit per unit, FY26",1368,,,GBP a car,SOURCED,"Motorpoint Group PLC, FY26 Final Results (10 June 2026; year to 31 March 2026): ""Retail gross profit per unit increased to £1,368 (FY25: £1,335)""",,https://assets.motorpoint.co.uk/plc/Reports-Results-Presentations/FY2026/Final-Results.pdf,FY2026,"UK. Motorpoint retails nearly new cars bought mostly through fleet and bulk channels (motorpoint_fy26_sourcing), the trade the group's returns are sold into; preparation and transport sit in cost of sales, and finance, warranty and paint-protection commissions (motorpoint_fy26_services_revenue_gbp_m) in revenue. GBP.","Context: X24 (B10, the trade gap)"
motorpoint_fy26_sourcing,Motorpoint buys nearly new cars mostly through fleet and bulk channels,,,,text,SOURCED,"Motorpoint Group PLC, FY26 Final Results (10 June 2026; year to 31 March 2026): ""Supply of nearly new vehicles continues to improve, reflected in increased fleet channel buying activity""; ""we are securing more bulk deals""; Sell Your Car purchases ""roughly 10% of total purchases""",,https://assets.motorpoint.co.uk/plc/Reports-Results-Presentations/FY2026/Final-Results.pdf,FY2026,Part exchanges are the other consumer channel; the release gives no full split of purchases. Why Motorpoint's margin is read as retail over trade (X24).,"Context: X24 (B10, the trade gap)"
aramis_fy25_revenue_eur_m,"Aramis Group: total revenues, FY2025",2379.6,,,EUR m,SOURCED,"Aramis Group, FY2025 annual results press release (26 November 2025), reconciliation of GPU: revenues 2,379,619 (EUR thousand)",,https://aramis.group/wp-content/uploads/2025/11/aramis-group-fy-2025-results.pdf,FY2025,"Aramis Group, 60.54% owned by Stellantis (stellantis_aramis_interest_pct). Its gross profit is computed on all revenues, B2B and services included (aramis_gpu_definition), so it is not the margin on the car alone.","Context: X24 (B10, the trade gap)"
aramis_fy25_services_revenue_eur_m,"Aramis Group: services revenue, FY2025",123.7,,,EUR m,SOURCED,"Aramis Group, FY2025 annual results press release, revenue by segment: Total Services 123.7",,https://aramis.group/wp-content/uploads/2025/11/aramis-group-fy-2025-results.pdf,FY2025,"Aramis Group, 60.54% owned by Stellantis (stellantis_aramis_interest_pct). Its gross profit is computed on all revenues, B2B and services included (aramis_gpu_definition), so it is not the margin on the car alone. Services are financing, warranties and the like.","Context: X24 (B10, the trade gap)"
aramis_fy25_b2b_revenue_eur_m,"Aramis Group: B2B (trade) revenue, FY2025",145.1,,,EUR m,SOURCED,"Aramis Group, FY2025 annual results press release, revenue by segment: Total B2B 145.1",,https://aramis.group/wp-content/uploads/2025/11/aramis-group-fy-2025-results.pdf,FY2025,"Aramis Group, 60.54% owned by Stellantis (stellantis_aramis_interest_pct). Its gross profit is computed on all revenues, B2B and services included (aramis_gpu_definition), so it is not the margin on the car alone. Mostly older cars (aramis_b2b_older_cars).","Context: X24 (B10, the trade gap)"
aramis_gpu_definition,"Aramis's GPU is all gross profit, B2B and services included, after transport and refurbishing, per retail car",,,,text,SOURCED,"Aramis Group, FY2025 annual results press release, reconciliation of gross profit per unit: revenues less cost of goods and services sold = gross profit (consolidated data); less cost of transport and refurbishing = gross profit; divided by the number of B2C vehicles sold",,https://aramis.group/wp-content/uploads/2025/11/aramis-group-fy-2025-results.pdf,FY2025,"So the GPU (aramis_fy25_gpu_eur) is not the margin on the car alone, as the user's X24 research report read it: services revenue was about EUR 1,000 per retail car.","Context: X24 (B10, the trade gap)"
aramis_b2b_older_cars,"Aramis resells in the B2B channel mainly cars over 8 years old or with more than 150,000 km",,,,text,SOURCED,"Aramis Group, 2024 annual results press release (26 November 2024): ""sourcing of used vehicles from private individuals, a portion of which is resold in the B2B channel (primarily vehicles over 8 years old or with more than 150,000 km)""",,https://aramis.group/wp-content/uploads/2025/04/2ec89af7-796e-4232-8034-7e73dc2e354d.pdf,FY2024,"""Primarily"", not only. Why Aramis's trade and retail revenue per car can't give the retail-to-trade gap (X10): the two channels sell different cars.","Context: X24 (B10, the trade gap)"
manheim_index_method,"Manheim Used Vehicle Value Index: US wholesale auction prices, adjusted for mix, mileage and season",,,,text,SOURCED,"Cox Automotive, Summary Methodology for Manheim Used Vehicle Value Index: sample ""All Manheim U.S. sales that fall into one of the 20 market classes""; prices adjusted for mileage within market classes, classes weighted on a 24-month rolling average of sales, then seasonally adjusted (Census X); January 1997 = 100. Data: Nov-2025-Manheim-Used-Vehicle-Value-Index.xlsx",,https://site.manheim.com/wp-content/uploads/sites/2/2023/07/Used-Vehicle-Summary-Methodology.pdf,1997-2025,"US data: the trade price of a used car (dealer-to-dealer and remarketing auctions), used by X24 against the US CPI for used cars (retail, CUSR0000SETA02). Mix within a class is not held fixed.","Context: X24 (B10, the trade gap)"
alg_method_patent,"ALG's residual forecast: a depreciation curve adjusted by forecast macroeconomic and industry data, with editorial input",,,,text,SOURCED,"US patent 9,607,310 B2, ""System, method and computer program for forecasting residual values of a durable good over time"", original assignee ALG LLC, current J.D. Power, priority 15 August 2012: a baseline forecast ""based on factors that include microeconomic data which is specific to an industry of the item and macroeconomic data which is non-specific""; ""The microeconomic and macroeconomic factors effectively increase or decrease the rate of depreciation""; example: ""housing prices, real wage growth, and gas prices are collected at t 0 and forecasted for t n""; values ""modified based on editorial input""",,https://patents.google.com/patent/US9607310B2/en,2012-2017,"A patent describes a method the holder may use, not proof of today's production model. It shows the market level forecast, not observed: the step X7 found beats no change nowhere detectably beyond a quarter. No accuracy record is published.","Context: X24 (A5, the guides' methods)"
jdpower_autovista_owner,"J.D. Power owns Autovista Group (Autovista, Eurotax, Glass's, Schwacke, Rødboka, EV Volumes) since 1 March 2024, beside ALG",,,,text,SOURCED,"Thoma Bravo press release, 1 March 2024: ""J.D. Power ... today announced the completion of its acquisition of Autovista Group""; brands ""Autovista, Eurotax, Glass's, Schwacke, Rødboka and EV Volumes""",,https://www.thomabravo.com/press-releases/j.d.-power-sets-sights-on-european-expansion-with-completion-of-autovista-group-acquisition,2024-03-01,So ALG and the Autovista brands are one family; cap hpi (UK) is another. A second guide from the same family is not an independent check of the method.,"Context: X24 (A5, the guides' methods)"
jdpower_forecast_inputs,"J.D. Power's European residual forecasts (Autovista, Eurotax, Glass's, Schwacke) account for inflation, supply shortages and regulation, set with editorial teams",,,,text,SOURCED,"J.D. Power, ""Forecast"" product page (read 27 September 2026): ""Accounts for inflation, supply shortages, and regulatory changes""; ""Uses data curated by automotive experts including analysts and editorial teams""; ""Enables easy reforecasting to revise end-of-contract values anytime""",,https://www.jdpower.com/business/forecast/,2026-09,"A product page, not a method paper: market-wide inputs beside the car's specification and options, with no accuracy record. The Residual Value Monitor page names causes such as competitor actions, facelifts and generation launches.","Context: X24 (A5, the guides' methods)"
ald_rv_setting_method,ALD sets residuals with a statistical model on its own sales data plus trade guides and country factors,,,,text,SOURCED,"ALD consolidated financial statements FY2020 (unaudited, published with the Q4 2020 results, hosted by Ayvens), residual value risk: ""Calculation is based on refined market segmentation and on a statistical model using internal used car sales data for each market segment as well as Trade Guides references and country specific factors (inflation, market sector adjustments, life cycle etc.)""; reviewed ""during a local pricing committee held at least twice a year""",,https://www.ayvens.com/-/media/ayvens/public/cp/files/financial-results/2020/10-february-2021-q4-and-fy-2020-results-financial-statements.pdf?rev=b8713633d6b0473b8c20622f2cf5ed38,FY2020,Before ALD merged with LeasePlan into Ayvens (2023). A large European lessor also splits a car's curve from a market adjustment; X7 found its margins showed no foresight of 2021-22 (x7_ald_slope_*).,"Context: X24 (A5, the guides' methods)"
ald_remark_one_sided,"ALD re-marks its running fleet car by car at least yearly, books expected losses to contract end and books no gains",,,,text,SOURCED,"ALD consolidated financial statements FY2020: ""The current residual value embedded in the contract is compared with the expected market value on a car by car basis""; ""all potential car sales losses are recognised on a straight line basis between the date of the revaluation and the end of the contract; where the revaluation in a country produces an overall profit, no adjustment is made""; reviewed ""at least yearly (twice a year for the entities with more than 5,000 vehicles)""",,https://www.ayvens.com/-/media/ayvens/public/cp/files/financial-results/2020/10-february-2021-q4-and-fy-2020-results-financial-statements.pdf?rev=b8713633d6b0473b8c20622f2cf5ed38,FY2020,"A lessor's precedent for X6's one-sided re-mark (raise the charge when the level falls, never cut it when hot). An accounting rule (IAS 8), not a pricing rule. The user's X24 research report read it as an immediate impairment: it is spread to the contract's end.","Context: X24 (A5, the guides' methods)"
auto1_merchant_gpu_q1_2026_eur,"Auto1: gross profit per car bought from consumers and sold to dealers (Merchant), Q1 2026",957,,,EUR a car,SOURCED,"AUTO1 Group, Q1 2026 results press release: Merchant ""gross profit was EUR 207.0 million, up 14.8% year over year with GPU of EUR 957""; ""With wirkaufendeinauto.de and its sister brands, the Group offers consumers a fast and easy way to sell their cars""; ""AUTO1.com is Europe's largest wholesale trading platform for car dealers""",,https://www.auto1-group.com/press/pressrelease/auto1-group-reports-record-q1-2026-results/,2026 Q1,"Europe (nine countries). A buyer of private cars that resells them at trade earns a margin doing so, so private sellers are paid less than trade: why Aramis's margin is a ceiling for the gap at trade (X24). Its GPU includes fees charged to dealers. Q4 2025: EUR 986.","Context: X24 (B10, the trade gap)"
x24_gap_floor_pct,"Retail-to-trade gap on the same young car, floor (Motorpoint FY26, UK)",2.7,,,% of the car's retail price,MEASURED,analysis/trade_gap_report.md,floor >> gap (%),,2026-09-27,"Audited accounts, on each retailer's mix, not the group's returns: Motorpoint (UK, nearly new, mostly fleet and bulk buying) gives a floor, since its preparation is already deducted and no service earns more than its revenue; Aramis (the group's own, EU) gives the ceiling, with services at no margin and private sellers paid below trade (auto1_merchant_gpu_q1_2026_eur). Any discount off the asking price comes on top.","Context: X24 (B10, the trade gap)"
x24_gap_aramis_low_pct,"The same gap at the group's own retailer, its lowest (Aramis FY2025, services at full margin, before refurbishing)",12.9,,,% of the car's retail price,MEASURED,analysis/trade_gap_report.md,"Aramis, services at full margin >> gap (%)",,2026-09-27,"Audited accounts, on each retailer's mix, not the group's returns: Motorpoint (UK, nearly new, mostly fleet and bulk buying) gives a floor, since its preparation is already deducted and no service earns more than its revenue; Aramis (the group's own, EU) gives the ceiling, with services at no margin and private sellers paid below trade (auto1_merchant_gpu_q1_2026_eur). Any discount off the asking price comes on top.","Context: X24 (B10, the trade gap)"
x24_gap_ceiling_pct,"Retail-to-trade gap on the same young car, ceiling (Aramis FY2025, services at no margin)",18.4,,,% of the car's retail price,MEASURED,analysis/trade_gap_report.md,ceiling >> gap (%),,2026-09-27,"Audited accounts, on each retailer's mix, not the group's returns: Motorpoint (UK, nearly new, mostly fleet and bulk buying) gives a floor, since its preparation is already deducted and no service earns more than its revenue; Aramis (the group's own, EU) gives the ceiling, with services at no margin and private sellers paid below trade (auto1_merchant_gpu_q1_2026_eur). Any discount off the asking price comes on top.","Context: X24 (B10, the trade gap)"
x24_us_sd_ratio,US data: 12-month swings of trade prices over those of retail prices (standard deviations),1.09,,,ratio,MEASURED,analysis/trade_gap_report.md,standard deviation of 12-month changes (%) >> ratio,,2026-09-27,"US data: the Manheim index (wholesale auctions, mix, mileage and season adjusted) against the US CPI for used cars (retail, seasonally adjusted), 1997-2025. The two adjust for quality differently. No European public series prices the trade.","Context: X24 (B10, the trade gap)"
x24_us_p10_trade_pct,"US data: one-in-ten-year 12-month change of trade prices (Manheim, p10)",-5.3,,,%,MEASURED,analysis/trade_gap_report.md,"one-in-ten-year 12-month change, p10 (%) >> trade (Manheim)",,2026-09-27,"US data: the Manheim index (wholesale auctions, mix, mileage and season adjusted) against the US CPI for used cars (retail, seasonally adjusted), 1997-2025. The two adjust for quality differently. No European public series prices the trade.","Context: X24 (B10, the trade gap)"
x24_us_p10_retail_pct,"US data: the same for retail prices (CPI, p10)",-6.6,,,%,MEASURED,analysis/trade_gap_report.md,"one-in-ten-year 12-month change, p10 (%) >> retail (CPI)",,2026-09-27,"US data: the Manheim index (wholesale auctions, mix, mileage and season adjusted) against the US CPI for used cars (retail, seasonally adjusted), 1997-2025. The two adjust for quality differently. No European public series prices the trade.","Context: X24 (B10, the trade gap)"
x24_us_lead_months,US data: months by which trade prices lead retail prices (best correlation),2,,,months,MEASURED,analysis/trade_gap_report.md,months by which trade leads retail (best correlation) >> value,,2026-09-27,"US data: the Manheim index (wholesale auctions, mix, mileage and season adjusted) against the US CPI for used cars (retail, seasonally adjusted), 1997-2025. The two adjust for quality differently. No European public series prices the trade. Why the re-mark should read the group's own trade results as they come.","Context: X24 (B10, the trade gap)"
x24_us_corr_lead,US data: correlation of trade and retail 12-month changes at that lead,0.84,,,correlation,MEASURED,analysis/trade_gap_report.md,correlation at that lead >> value,,2026-09-27,"US data: the Manheim index (wholesale auctions, mix, mileage and season adjusted) against the US CPI for used cars (retail, seasonally adjusted), 1997-2025. The two adjust for quality differently. No European public series prices the trade.","Context: X24 (B10, the trade gap)"
x24_us_slope_lead,"US data: points of trade change per point of retail change, trade leading",0.92,,,ratio,MEASURED,analysis/trade_gap_report.md,"the same, trade leading by the best lead >> value",,2026-09-27,"US data: the Manheim index (wholesale auctions, mix, mileage and season adjusted) against the US CPI for used cars (retail, seasonally adjusted), 1997-2025. The two adjust for quality differently. No European public series prices the trade. About one for one: no general amplification to carry into the workbook.","Context: X24 (B10, the trade gap)"
x24_us_slump_2008,"US data: trade's fall over retail's, 2008 (December to December)",1.48,,,ratio,MEASURED,analysis/trade_gap_report.md,2008 >> trade over retail,,2026-09-27,"US data: the Manheim index (wholesale auctions, mix, mileage and season adjusted) against the US CPI for used cars (retail, seasonally adjusted), 1997-2025. The two adjust for quality differently. No European public series prices the trade. One of two market-wide slumps: too few to set a multiplier.","Context: X24 (B10, the trade gap)"
x24_us_slump_2022,"US data: trade's fall over retail's, 2022 (December to December)",1.68,,,ratio,MEASURED,analysis/trade_gap_report.md,2022 >> trade over retail,,2026-09-27,"US data: the Manheim index (wholesale auctions, mix, mileage and season adjusted) against the US CPI for used cars (retail, seasonally adjusted), 1997-2025. The two adjust for quality differently. No European public series prices the trade. One of two market-wide slumps: too few to set a multiplier.","Context: X24 (B10, the trade gap)"
cocomo_a,COCOMO II.2000 effort constant A,2.94,,,constant,SOURCED,"Boehm et al., COCOMO II Model Definition Manual, version 2.1 (USC Center for Software Engineering, 2000), section 2: ""A = 2.94 B = 0.91 C = 3.67 D = 0.28""",,https://www.rose-hulman.edu/class/cs/csse372/201310/Homework/CII_modelman2000.pdf,2000,"Calibrated on 161 projects, mostly US. Used only to check whether the work list's engineering effort fits a 24-month schedule, never to size the work: the prototype's code says nothing about a production system's size.",Context: X25 (programme cost)
cocomo_b,COCOMO II.2000 scale exponent base B,0.91,,,constant,SOURCED,"Boehm et al., COCOMO II Model Definition Manual, version 2.1 (USC Center for Software Engineering, 2000), section 2",,https://www.rose-hulman.edu/class/cs/csse372/201310/Homework/CII_modelman2000.pdf,2000,"Calibrated on 161 projects, mostly US. Used only to check whether the work list's engineering effort fits a 24-month schedule, never to size the work: the prototype's code says nothing about a production system's size.",Context: X25 (programme cost)
cocomo_c,COCOMO II.2000 schedule constant C,3.67,,,constant,SOURCED,"Boehm et al., COCOMO II Model Definition Manual, version 2.1 (USC Center for Software Engineering, 2000), section 2",,https://www.rose-hulman.edu/class/cs/csse372/201310/Homework/CII_modelman2000.pdf,2000,"Calibrated on 161 projects, mostly US. Used only to check whether the work list's engineering effort fits a 24-month schedule, never to size the work: the prototype's code says nothing about a production system's size.",Context: X25 (programme cost)
cocomo_d,COCOMO II.2000 schedule exponent base D,0.28,,,constant,SOURCED,"Boehm et al., COCOMO II Model Definition Manual, version 2.1 (USC Center for Software Engineering, 2000), section 2",,https://www.rose-hulman.edu/class/cs/csse372/201310/Homework/CII_modelman2000.pdf,2000,"Calibrated on 161 projects, mostly US. Used only to check whether the work list's engineering effort fits a 24-month schedule, never to size the work: the prototype's code says nothing about a production system's size.",Context: X25 (programme cost)
cocomo_sf_nominal_sum,COCOMO II.2000 sum of the five scale factors at nominal,18.97,,,sum of scale factors,SOURCED,"Boehm et al., COCOMO II Model Definition Manual, version 2.1 (USC Center for Software Engineering, 2000), Table 10: nominal PREC 3.72, FLEX 3.04, RESL 4.24, TEAM 3.29, PMAT 4.68",,https://www.rose-hulman.edu/class/cs/csse372/201310/Homework/CII_modelman2000.pdf,2000,"The sum of the five nominal values in Table 10, so E = B + 0.01 x sum. The programme's scale factors are not rated; nominal is the reference. Calibrated on 161 projects, mostly US. Used only to check whether the work list's engineering effort fits a 24-month schedule, never to size the work: the prototype's code says nothing about a production system's size.",Context: X25 (programme cost)
cocomo_sced_85_em,COCOMO II.2000 effort multiplier for a schedule at 85% of nominal (SCED Low),1.14,,,multiplier,SOURCED,"Boehm et al., COCOMO II Model Definition Manual, version 2.1 (USC Center for Software Engineering, 2000), Table 34, SCED",,https://www.rose-hulman.edu/class/cs/csse372/201310/Homework/CII_modelman2000.pdf,2000,"Effort rises when the schedule is compressed below COCOMO's nominal; 100% of nominal or longer is 1.00. Calibrated on 161 projects, mostly US. Used only to check whether the work list's engineering effort fits a 24-month schedule, never to size the work: the prototype's code says nothing about a production system's size.",Context: X25 (programme cost)
cocomo_sced_75_em,COCOMO II.2000 effort multiplier for a schedule at 75% of nominal (SCED Very Low),1.43,,,multiplier,SOURCED,"Boehm et al., COCOMO II Model Definition Manual, version 2.1 (USC Center for Software Engineering, 2000), Table 34, SCED",,https://www.rose-hulman.edu/class/cs/csse372/201310/Homework/CII_modelman2000.pdf,2000,"75% of nominal is the model's tightest rating. Calibrated on 161 projects, mostly US. Used only to check whether the work list's engineering effort fits a 24-month schedule, never to size the work: the prototype's code says nothing about a production system's size.",Context: X25 (programme cost)
cocomo_hours_per_pm,COCOMO II person-hours per person-month (nominal),152,,,hours,SOURCED,"Boehm et al., COCOMO II Model Definition Manual, version 2.1 (USC Center for Software Engineering, 2000), section 3: ""a nominal value of 152 hours per Person-Month""",,https://www.rose-hulman.edu/class/cs/csse372/201310/Homework/CII_modelman2000.pdf,2000,"Excludes holidays, vacations and weekends. A US convention; the work list counts FTE, not hours.",Context: X25 (programme cost)
ai_peng_faster_pct,Copilot RCT: treated developers finished one coding task faster by,55.8,,,% less time,SOURCED,"Peng, Kalliamvakou, Cihon & Demirer, arXiv 2302.06590 (2023), abstract: ""completed the task 55.8% faster than the control group""",,https://arxiv.org/abs/2302.06590,2023,"One task (an HTTP server in JavaScript), recruited developers, an early Copilot. An upper reference for a well-specified coding task, not for a programme.",Context: X25 (programme cost)
ai_cui_tasks_pct,"Three field experiments: completed tasks with an AI code assistant, increase",26.08,,,% more completed tasks,SOURCED,"Cui, Demirer, Jaffe, Musolff, Peng & Salz, ""The Effects of Generative AI on High-Skilled Work"" (June 2025), abstract: ""a 26.08% increase (SE: 10.3%) in completed tasks""",,https://www.mertdemirer.com/Papers/Demirer_AI_productivity.pdf,2025-06,"Randomised at Microsoft, Accenture and a Fortune 100 firm, 4,867 developers, a code-completion assistant (not agents); larger gains for less experienced developers. Completed tasks (pull requests), not time saved.",Context: X25 (programme cost)
ai_cui_tasks_se_pct,The same: standard error,10.3,,,percentage points,SOURCED,"Cui et al. (June 2025), abstract",,https://www.mertdemirer.com/Papers/Demirer_AI_productivity.pdf,2025-06,Each experiment alone is noisy; the pooled estimate's standard error.,Context: X25 (programme cost)
ai_metr25_time_pct,METR early-2025 RCT: extra time taken with AI by experienced open-source developers,19,2,39,% more time (low and high: confidence interval),SOURCED,"METR, ""Measuring the Impact of Early-2025 AI on Experienced Open-Source Developer Productivity"" (10 July 2025): tasks took 19% longer; interval as restated in METR's February 2026 update",,https://metr.org/blog/2025-07-10-early-2025-ai-experienced-os-dev-study/,2025-07,"16 developers, 246 tasks in their own large repositories, Cursor with Claude 3.5/3.7; they believed they were 20% faster. The authors say it does not show that AI fails to speed up most developers. The adverse case, never the central one.",Context: X25 (programme cost)
ai_metr26_returning_pct,METR late-2025 update: estimate for returning developers,-18,-38,9,"% as METR reports it (""a speedup of -18%""; low and high: interval)",SOURCED,"METR, ""We are Changing our Developer Productivity Experiment Design"" (24 February 2026): ""we now estimate a speedup of -18% with a confidence interval between -38% and +9%""",,https://metr.org/blog/2026-02-24-uplift-update/,2026-02,"The sign convention is not stated beside the figure; the page says developers are likely more sped up than in early 2025. METR calls the data only very weak evidence (selection: developers refusing to work without AI, a pay cut, concurrent agents) and is redesigning the study. The interval spans zero.",Context: X25 (programme cost)
ai_metr26_new_pct,METR late-2025 update: estimate for newly recruited developers,-4,-15,9,% as METR reports it (low and high: interval),SOURCED,"METR (24 February 2026): ""Among newly-recruited developers the estimated speedup is -4%, with a confidence interval between -15% and +9%""",,https://metr.org/blog/2026-02-24-uplift-update/,2026-02,As ai_metr26_returning_pct: very weak evidence by METR's own account; the interval spans zero.,Context: X25 (programme cost)
ai_dora24_throughput_pct,DORA 2024: delivery throughput per 25% more AI adoption,-1.5,,,%,SOURCED,"Google Cloud, ""Announcing the 2024 DORA report"": a 25% increase in AI adoption is associated with a 1.5% decrease in delivery throughput",,https://cloud.google.com/blog/products/devops-sre/announcing-the-2024-dora-report,2024-10,"A survey association, not an experiment. DORA 2025 reverses it: ""a positive relationship between AI adoption on both software delivery throughput and product performance"" (no size read).",Context: X25 (programme cost)
ai_dora24_stability_pct,DORA 2024: delivery stability per 25% more AI adoption,-7.2,,,%,SOURCED,"Google Cloud, ""Announcing the 2024 DORA report"": a 7.2% reduction in delivery stability",,https://cloud.google.com/blog/products/devops-sre/announcing-the-2024-dora-report,2024-10,"A survey association. DORA 2025: AI adoption ""does continue to have a negative relationship with software delivery stability"".",Context: X25 (programme cost)
ai_timewarp_coding_pct,Share of a developer's actual week spent coding,11,,,% of the week,SOURCED,"Kumar, Goel, Zimmermann, Houck, Ashok & Bansal, ""Time Warp: The Gap Between Developers' Ideal vs Actual Workweeks in an AI-Driven Era"" (Microsoft, 2024), abstract: 'Coding' (≈11%)",,https://www.microsoft.com/en-us/research/wp-content/uploads/2024/11/Time-Warp-Developer-Productivity-Study.pdf,2024,"Self-reported, approximate (the paper's ≈) shares of an actual week, 484 Microsoft developers; a US firm. Used to apply a coding gain only to the share of an engineer's week it can touch.",Context: X25 (programme cost)
ai_timewarp_debugging_pct,Share of a developer's actual week spent debugging,9,,,% of the week,SOURCED,"Kumar, Goel, Zimmermann, Houck, Ashok & Bansal, ""Time Warp: The Gap Between Developers' Ideal vs Actual Workweeks in an AI-Driven Era"" (Microsoft, 2024), abstract: 'Debugging' (≈9%)",,https://www.microsoft.com/en-us/research/wp-content/uploads/2024/11/Time-Warp-Developer-Productivity-Study.pdf,2024,"Self-reported, approximate (the paper's ≈) shares of an actual week, 484 Microsoft developers; a US firm. Used to apply a coding gain only to the share of an engineer's week it can touch.",Context: X25 (programme cost)
ai_timewarp_review_pct,Share of a developer's actual week on pull requests and code review,5,,,% of the week,SOURCED,"Kumar, Goel, Zimmermann, Houck, Ashok & Bansal, ""Time Warp: The Gap Between Developers' Ideal vs Actual Workweeks in an AI-Driven Era"" (Microsoft, 2024), abstract: 'Pull Requests/Code Reviews' (≈5%)",,https://www.microsoft.com/en-us/research/wp-content/uploads/2024/11/Time-Warp-Developer-Productivity-Study.pdf,2024,"Self-reported, approximate (the paper's ≈) shares of an actual week, 484 Microsoft developers; a US firm. Used to apply a coding gain only to the share of an engineer's week it can touch.",Context: X25 (programme cost)
senzing_20m_usd_year,"Senzing entity resolution, 20 million records, a year",78120,,,USD a year,SOURCED,"Senzing, AWS Marketplace listing, 12-month contract priced by data source records (read 27 September 2026)",,https://aws.amazon.com/marketplace/pp/prodview-p3y2bvjkxcipo,2026-09,"List price, USD. AWS infrastructure extra; priced by records loaded, searches free. The group runs it in its own cloud account under a subscription, so it is a licence, not SaaS.",Context: X25 (programme cost)
senzing_50m_usd_year,"Senzing entity resolution, 50 million records, a year",136800,,,USD a year,SOURCED,"Senzing, AWS Marketplace listing, 12-month contract priced by data source records (read 27 September 2026)",,https://aws.amazon.com/marketplace/pp/prodview-p3y2bvjkxcipo,2026-09,"List price, USD. AWS infrastructure extra; priced by records loaded, searches free. The group runs it in its own cloud account under a subscription, so it is a licence, not SaaS.",Context: X25 (programme cost)
senzing_100m_usd_year,"Senzing entity resolution, 100 million records, a year",234600,,,USD a year,SOURCED,"Senzing, AWS Marketplace listing, 12-month contract priced by data source records (read 27 September 2026)",,https://aws.amazon.com/marketplace/pp/prodview-p3y2bvjkxcipo,2026-09,"List price, USD. AWS infrastructure extra; priced by records loaded, searches free. The group runs it in its own cloud account under a subscription, so it is a licence, not SaaS.",Context: X25 (programme cost)
senzing_250m_usd_year,"Senzing entity resolution, 250 million records, a year",483000,,,USD a year,SOURCED,"Senzing, AWS Marketplace listing, 12-month contract priced by data source records (read 27 September 2026)",,https://aws.amazon.com/marketplace/pp/prodview-p3y2bvjkxcipo,2026-09,"List price, USD. AWS infrastructure extra; priced by records loaded, searches free. The group runs it in its own cloud account under a subscription, so it is a licence, not SaaS.",Context: X25 (programme cost)
sf_auto_core_usd_user_month,"Salesforce Automotive Cloud Sales & Service Core, per user a month",300,,,USD a user a month,SOURCED,"Salesforce, Automotive Cloud pricing page (read 27 September 2026)",,https://www.salesforce.com/automotive/pricing/,2026-09,"US list price, USD, annual contract. Euro prices exist on regional pages (not read). A seat price, so the cost scales with users.",Context: X25 (programme cost)
sf_auto_advanced_usd_user_month,"Salesforce Automotive Cloud Sales & Service Advanced, per user a month",500,,,USD a user a month,SOURCED,"Salesforce, Automotive Cloud pricing page (read 27 September 2026)",,https://www.salesforce.com/automotive/pricing/,2026-09,"US list price, USD, annual contract. Euro prices exist on regional pages (not read). A seat price, so the cost scales with users. The Max editions list at 700 and 725.",Context: X25 (programme cost)
dl_gc14_dev_l3_gbp_day,"Deloitte G-Cloud 14: Development and Implementation, SFIA level 3 (Apply), a day",1090,,,GBP a day,SOURCED,"Deloitte LLP, G-Cloud 14 SFIA Rate Card, May 2024, section 2",,https://assets.applytosupply.digitalmarketplace.service.gov.uk/g-cloud-14/documents/92485/570357613487365-pricing-document-2024-04-25-1216.pdf,2024-05,"UK public-sector framework, maximum day rates in GBP excl. VAT, an 8-hour day, travel inside the M25 included; a ceiling, not a clearing price. UK data.",Context: X25 (programme cost)
dl_gc14_dev_l4_gbp_day,"Deloitte G-Cloud 14: Development and Implementation, SFIA level 4 (Enable), a day",1290,,,GBP a day,SOURCED,"Deloitte LLP, G-Cloud 14 SFIA Rate Card, May 2024, section 2",,https://assets.applytosupply.digitalmarketplace.service.gov.uk/g-cloud-14/documents/92485/570357613487365-pricing-document-2024-04-25-1216.pdf,2024-05,"UK public-sector framework, maximum day rates in GBP excl. VAT, an 8-hour day, travel inside the M25 included; a ceiling, not a clearing price. UK data.",Context: X25 (programme cost)
dl_gc14_dev_l5_gbp_day,"Deloitte G-Cloud 14: Development and Implementation, SFIA level 5 (Ensure/Advise), a day",1650,,,GBP a day,SOURCED,"Deloitte LLP, G-Cloud 14 SFIA Rate Card, May 2024, section 2",,https://assets.applytosupply.digitalmarketplace.service.gov.uk/g-cloud-14/documents/92485/570357613487365-pricing-document-2024-04-25-1216.pdf,2024-05,"UK public-sector framework, maximum day rates in GBP excl. VAT, an 8-hour day, travel inside the M25 included; a ceiling, not a clearing price. UK data.",Context: X25 (programme cost)
dl_gc14_arch_l4_gbp_day,"Deloitte G-Cloud 14: Strategy and Architecture (and Change and Transformation), SFIA level 4, a day",1650,,,GBP a day,SOURCED,"Deloitte LLP, G-Cloud 14 SFIA Rate Card, May 2024, section 2 (the two columns carry the same rates)",,https://assets.applytosupply.digitalmarketplace.service.gov.uk/g-cloud-14/documents/92485/570357613487365-pricing-document-2024-04-25-1216.pdf,2024-05,"UK public-sector framework, maximum day rates in GBP excl. VAT, an 8-hour day, travel inside the M25 included; a ceiling, not a clearing price. UK data.",Context: X25 (programme cost)
dl_gc14_arch_l5_gbp_day,"Deloitte G-Cloud 14: Strategy and Architecture (and Change and Transformation), SFIA level 5, a day",1825,,,GBP a day,SOURCED,"Deloitte LLP, G-Cloud 14 SFIA Rate Card, May 2024, section 2",,https://assets.applytosupply.digitalmarketplace.service.gov.uk/g-cloud-14/documents/92485/570357613487365-pricing-document-2024-04-25-1216.pdf,2024-05,"UK public-sector framework, maximum day rates in GBP excl. VAT, an 8-hour day, travel inside the M25 included; a ceiling, not a clearing price. UK data.",Context: X25 (programme cost)
dl_gc14_arch_l6_gbp_day,"Deloitte G-Cloud 14: Strategy and Architecture (and Change and Transformation), SFIA level 6, a day",2100,,,GBP a day,SOURCED,"Deloitte LLP, G-Cloud 14 SFIA Rate Card, May 2024, section 2",,https://assets.applytosupply.digitalmarketplace.service.gov.uk/g-cloud-14/documents/92485/570357613487365-pricing-document-2024-04-25-1216.pdf,2024-05,"UK public-sector framework, maximum day rates in GBP excl. VAT, an 8-hour day, travel inside the M25 included; a ceiling, not a clearing price. UK data.",Context: X25 (programme cost)
dl_gc14_off_dev_l3_gbp_day,"Deloitte G-Cloud 14 offshore: Development and Implementation, SFIA level 3, a day",480,,,GBP a day,SOURCED,"Deloitte LLP, G-Cloud 14 SFIA Rate Card, May 2024, section 3 (offshore rate card)",,https://assets.applytosupply.digitalmarketplace.service.gov.uk/g-cloud-14/documents/92485/570357613487365-pricing-document-2024-04-25-1216.pdf,2024-05,"Locations outside the UK, not available for every skill. UK public-sector framework, maximum day rates in GBP excl. VAT, an 8-hour day, travel inside the M25 included; a ceiling, not a clearing price. UK data.",Context: X25 (programme cost)
dl_gc14_off_dev_l4_gbp_day,"Deloitte G-Cloud 14 offshore: Development and Implementation, SFIA level 4, a day",580,,,GBP a day,SOURCED,"Deloitte LLP, G-Cloud 14 SFIA Rate Card, May 2024, section 3",,https://assets.applytosupply.digitalmarketplace.service.gov.uk/g-cloud-14/documents/92485/570357613487365-pricing-document-2024-04-25-1216.pdf,2024-05,"Locations outside the UK, not available for every skill. UK public-sector framework, maximum day rates in GBP excl. VAT, an 8-hour day, travel inside the M25 included; a ceiling, not a clearing price. UK data.",Context: X25 (programme cost)
dl_gc14_off_dev_l5_gbp_day,"Deloitte G-Cloud 14 offshore: Development and Implementation, SFIA level 5, a day",990,,,GBP a day,SOURCED,"Deloitte LLP, G-Cloud 14 SFIA Rate Card, May 2024, section 3",,https://assets.applytosupply.digitalmarketplace.service.gov.uk/g-cloud-14/documents/92485/570357613487365-pricing-document-2024-04-25-1216.pdf,2024-05,"Locations outside the UK, not available for every skill. UK public-sector framework, maximum day rates in GBP excl. VAT, an 8-hour day, travel inside the M25 included; a ceiling, not a clearing price. UK data.",Context: X25 (programme cost)
consip_svi_eur_team_day,"Consip framework 2483: software development and evolutive maintenance, per team-day",165,,,EUR per person-day of the blended team (8 hours),SOURCED,"3-i S.p.A., determina a contrarre I-DTM-0000011-2025 (7 July 2025), order under the Consip framework ""Servizi applicativi in ottica cloud e PMO 2 - PAC"", ID Sigef 2483, table of rates: ""Tariffa omnicomprensiva per 1 Giorno/Team ottimale (8 ore lavorative)"", 165,00",,https://www.3-i.gov.it/files/2026/02/Determina_a_contrarre_Servizi_Applicativi_e_accessori_SAC2L1_27062025_v1.1..pdf,2025-07,"What an Italian public body pays under a competitively tendered framework, excl. VAT: a low anchor, not a carmaker's price and not a ceiling.",Context: X25 (programme cost)
consip_ss_eur_team_day,"Consip framework 2483: specialist ICT support, per team-day",160,,,EUR per person-day of the blended team (8 hours),SOURCED,"3-i S.p.A., determina a contrarre I-DTM-0000011-2025 (7 July 2025), order under the Consip framework ""Servizi applicativi in ottica cloud e PMO 2 - PAC"", ID Sigef 2483, table of rates: Supporto Tecnico-Specialistico ICT, 160,00",,https://www.3-i.gov.it/files/2026/02/Determina_a_contrarre_Servizi_Applicativi_e_accessori_SAC2L1_27062025_v1.1..pdf,2025-07,"What an Italian public body pays under a competitively tendered framework, excl. VAT: a low anchor, not a carmaker's price and not a ceiling.",Context: X25 (programme cost)
consip_ga_eur_fte_month,"Consip framework 2483: application portfolio management, per FTE a month",2000,,,EUR per FTE a month,SOURCED,"3-i S.p.A., determina a contrarre I-DTM-0000011-2025 (7 July 2025), order under the Consip framework ""Servizi applicativi in ottica cloud e PMO 2 - PAC"", ID Sigef 2483, table of rates: Gestione del Portafoglio Applicativo, Livello Standard, canone per 1 FTE mensile, 2.000,00",,https://www.3-i.gov.it/files/2026/02/Determina_a_contrarre_Servizi_Applicativi_e_accessori_SAC2L1_27062025_v1.1..pdf,2025-07,"What an Italian public body pays under a competitively tendered framework, excl. VAT: a low anchor, not a carmaker's price and not a ceiling. A run-phase service, not build work.",Context: X25 (programme cost)
gh_copilot_business_usd_user_month,"GitHub Copilot Business, per user a month (from 1 June 2026)",19,,,USD a user a month,SOURCED,"GitHub, ""GitHub Copilot is moving to usage-based billing"" (27 April 2026): ""$19/user/month, including $19 in monthly AI Credits""",,https://github.blog/news-insights/company-news/github-copilot-is-moving-to-usage-based-billing/,2026-06,"Usage beyond the included credits at published API rates, or capped by the admin.",Context: X25 (programme cost)
gh_copilot_enterprise_usd_user_month,"GitHub Copilot Enterprise, per user a month (from 1 June 2026)",39,,,USD a user a month,SOURCED,"GitHub (27 April 2026): ""$39/user/month, including $39 in monthly AI Credits""",,https://github.blog/news-insights/company-news/github-copilot-is-moving-to-usage-based-billing/,2026-06,"Usage beyond the included credits at published API rates, or capped by the admin.",Context: X25 (programme cost)
claude_team_std_usd_seat_month,"Claude Team standard seat, per month, annual billing",20,,,USD a seat a month,SOURCED,"Anthropic, Claude pricing page (read 27 September 2026): Team Standard $20 a seat a month billed annually ($25 monthly)",,https://claude.com/pricing,2026-09,"Claude Code included, with usage limits; Enterprise is $20 a seat plus usage at API rates.",Context: X25 (programme cost)
claude_team_premium_usd_seat_month,"Claude Team premium seat, per month, annual billing",100,,,USD a seat a month,SOURCED,"Anthropic, Claude pricing page (read 27 September 2026): Team Premium $100 a seat a month billed annually ($125 monthly)",,https://claude.com/pricing,2026-09,Five times a standard seat's usage; for heavy agent use.,Context: X25 (programme cost)
cursor_teams_usd_user_month,"Cursor Teams, per user a month",40,,,USD a user a month,SOURCED,Cursor pricing page (read 27 September 2026): Teams $40/user/month,,https://cursor.com/pricing,2026-09,Usage-based charges beyond the plan's limits.,Context: X25 (programme cost)
claude_sonnet5_in_usd_mtok,"Claude Sonnet 5 API, input tokens",2,,,USD per million tokens,SOURCED,Anthropic API pricing (read 27 September 2026): Sonnet 5 $2 / MTok input,,https://platform.claude.com/docs/en/about-claude/pricing,2026-09,"List price, USD per million tokens; the batch API halves it; negotiated enterprise discounts not public.",Context: X25 (programme cost)
claude_sonnet5_out_usd_mtok,"Claude Sonnet 5 API, output tokens",10,,,USD per million tokens,SOURCED,Anthropic API pricing (read 27 September 2026): Sonnet 5 $10 / MTok output,,https://platform.claude.com/docs/en/about-claude/pricing,2026-09,"List price, USD per million tokens; the batch API halves it; negotiated enterprise discounts not public.",Context: X25 (programme cost)
claude_opus55_in_usd_mtok,"Claude Opus 5.5 API, input tokens",4,,,USD per million tokens,SOURCED,Anthropic API pricing (read 27 September 2026): Opus 5.5 $4 / MTok input,,https://platform.claude.com/docs/en/about-claude/pricing,2026-09,"List price, USD per million tokens; the batch API halves it; negotiated enterprise discounts not public.",Context: X25 (programme cost)
claude_opus55_out_usd_mtok,"Claude Opus 5.5 API, output tokens",20,,,USD per million tokens,SOURCED,Anthropic API pricing (read 27 September 2026): Opus 5.5 $20 / MTok output,,https://platform.claude.com/docs/en/about-claude/pricing,2026-09,"List price, USD per million tokens; the batch API halves it; negotiated enterprise discounts not public.",Context: X25 (programme cost)
claude_haiku45_in_usd_mtok,"Claude Haiku 4.5 API, input tokens",1,,,USD per million tokens,SOURCED,Anthropic API pricing (read 27 September 2026): Haiku 4.5 $1 / MTok input,,https://platform.claude.com/docs/en/about-claude/pricing,2026-09,"List price, USD per million tokens; the batch API halves it; negotiated enterprise discounts not public.",Context: X25 (programme cost)
claude_haiku45_out_usd_mtok,"Claude Haiku 4.5 API, output tokens",5,,,USD per million tokens,SOURCED,Anthropic API pricing (read 27 September 2026): Haiku 4.5 $5 / MTok output,,https://platform.claude.com/docs/en/about-claude/pricing,2026-09,"List price, USD per million tokens; the batch API halves it; negotiated enterprise discounts not public.",Context: X25 (programme cost)
x25_loaded_oc1_fr_eur,"Loaded annual cost of an employee, France, managers (OC1), manufacturing, 2025 terms",146669,,,EUR a year,MEASURED,analysis/programme_rates_report.md,"France, managers (OC1) >> Loaded cost 2025 (EUR a year)",,2025,"Official mean pay for the whole occupation group in manufacturing (10+ employees), carried to 2025 with manufacturing's wage growth, plus employer labour costs other than wages; no office, equipment or management overhead (x25_overhead_pct adds it). A data specialist may earn more than the group's mean. Managers include senior executives, so the mean can overstate a programme manager's pay (most in Italy).",Context: X25 (programme cost)
x25_loaded_oc2_fr_eur,"Loaded annual cost of an employee, France, professionals (OC2), manufacturing, 2025 terms",112155,,,EUR a year,MEASURED,analysis/programme_rates_report.md,"France, professionals (OC2) >> Loaded cost 2025 (EUR a year)",,2025,"Official mean pay for the whole occupation group in manufacturing (10+ employees), carried to 2025 with manufacturing's wage growth, plus employer labour costs other than wages; no office, equipment or management overhead (x25_overhead_pct adds it). A data specialist may earn more than the group's mean.",Context: X25 (programme cost)
x25_loaded_oc3_fr_eur,"Loaded annual cost of an employee, France, technicians (OC3), manufacturing, 2025 terms",69310,,,EUR a year,MEASURED,analysis/programme_rates_report.md,"France, technicians (OC3) >> Loaded cost 2025 (EUR a year)",,2025,"Official mean pay for the whole occupation group in manufacturing (10+ employees), carried to 2025 with manufacturing's wage growth, plus employer labour costs other than wages; no office, equipment or management overhead (x25_overhead_pct adds it). A data specialist may earn more than the group's mean.",Context: X25 (programme cost)
x25_loaded_oc1_de_eur,"Loaded annual cost of an employee, Germany, managers (OC1), manufacturing, 2025 terms",193017,,,EUR a year,MEASURED,analysis/programme_rates_report.md,"Germany, managers (OC1) >> Loaded cost 2025 (EUR a year)",,2025,"Official mean pay for the whole occupation group in manufacturing (10+ employees), carried to 2025 with manufacturing's wage growth, plus employer labour costs other than wages; no office, equipment or management overhead (x25_overhead_pct adds it). A data specialist may earn more than the group's mean. Managers include senior executives, so the mean can overstate a programme manager's pay (most in Italy).",Context: X25 (programme cost)
x25_loaded_oc2_de_eur,"Loaded annual cost of an employee, Germany, professionals (OC2), manufacturing, 2025 terms",131752,,,EUR a year,MEASURED,analysis/programme_rates_report.md,"Germany, professionals (OC2) >> Loaded cost 2025 (EUR a year)",,2025,"Official mean pay for the whole occupation group in manufacturing (10+ employees), carried to 2025 with manufacturing's wage growth, plus employer labour costs other than wages; no office, equipment or management overhead (x25_overhead_pct adds it). A data specialist may earn more than the group's mean.",Context: X25 (programme cost)
x25_loaded_oc3_de_eur,"Loaded annual cost of an employee, Germany, technicians (OC3), manufacturing, 2025 terms",101277,,,EUR a year,MEASURED,analysis/programme_rates_report.md,"Germany, technicians (OC3) >> Loaded cost 2025 (EUR a year)",,2025,"Official mean pay for the whole occupation group in manufacturing (10+ employees), carried to 2025 with manufacturing's wage growth, plus employer labour costs other than wages; no office, equipment or management overhead (x25_overhead_pct adds it). A data specialist may earn more than the group's mean.",Context: X25 (programme cost)
x25_loaded_oc1_it_eur,"Loaded annual cost of an employee, Italy, managers (OC1), manufacturing, 2025 terms",270174,,,EUR a year,MEASURED,analysis/programme_rates_report.md,"Italy, managers (OC1) >> Loaded cost 2025 (EUR a year)",,2025,"Official mean pay for the whole occupation group in manufacturing (10+ employees), carried to 2025 with manufacturing's wage growth, plus employer labour costs other than wages; no office, equipment or management overhead (x25_overhead_pct adds it). A data specialist may earn more than the group's mean. Managers include senior executives, so the mean can overstate a programme manager's pay (most in Italy).",Context: X25 (programme cost)
x25_loaded_oc2_it_eur,"Loaded annual cost of an employee, Italy, professionals (OC2), manufacturing, 2025 terms",84894,,,EUR a year,MEASURED,analysis/programme_rates_report.md,"Italy, professionals (OC2) >> Loaded cost 2025 (EUR a year)",,2025,"Official mean pay for the whole occupation group in manufacturing (10+ employees), carried to 2025 with manufacturing's wage growth, plus employer labour costs other than wages; no office, equipment or management overhead (x25_overhead_pct adds it). A data specialist may earn more than the group's mean.",Context: X25 (programme cost)
x25_loaded_oc3_it_eur,"Loaded annual cost of an employee, Italy, technicians (OC3), manufacturing, 2025 terms",68279,,,EUR a year,MEASURED,analysis/programme_rates_report.md,"Italy, technicians (OC3) >> Loaded cost 2025 (EUR a year)",,2025,"Official mean pay for the whole occupation group in manufacturing (10+ employees), carried to 2025 with manufacturing's wage growth, plus employer labour costs other than wages; no office, equipment or management overhead (x25_overhead_pct adds it). A data specialist may earn more than the group's mean.",Context: X25 (programme cost)
x25_loaded_oc1_es_eur,"Loaded annual cost of an employee, Spain, managers (OC1), manufacturing, 2025 terms",106038,,,EUR a year,MEASURED,analysis/programme_rates_report.md,"Spain, managers (OC1) >> Loaded cost 2025 (EUR a year)",,2025,"Official mean pay for the whole occupation group in manufacturing (10+ employees), carried to 2025 with manufacturing's wage growth, plus employer labour costs other than wages; no office, equipment or management overhead (x25_overhead_pct adds it). A data specialist may earn more than the group's mean. Managers include senior executives, so the mean can overstate a programme manager's pay (most in Italy).",Context: X25 (programme cost)
x25_loaded_oc2_es_eur,"Loaded annual cost of an employee, Spain, professionals (OC2), manufacturing, 2025 terms",78315,,,EUR a year,MEASURED,analysis/programme_rates_report.md,"Spain, professionals (OC2) >> Loaded cost 2025 (EUR a year)",,2025,"Official mean pay for the whole occupation group in manufacturing (10+ employees), carried to 2025 with manufacturing's wage growth, plus employer labour costs other than wages; no office, equipment or management overhead (x25_overhead_pct adds it). A data specialist may earn more than the group's mean.",Context: X25 (programme cost)
x25_loaded_oc3_es_eur,"Loaded annual cost of an employee, Spain, technicians (OC3), manufacturing, 2025 terms",65068,,,EUR a year,MEASURED,analysis/programme_rates_report.md,"Spain, technicians (OC3) >> Loaded cost 2025 (EUR a year)",,2025,"Official mean pay for the whole occupation group in manufacturing (10+ employees), carried to 2025 with manufacturing's wage growth, plus employer labour costs other than wages; no office, equipment or management overhead (x25_overhead_pct adds it). A data specialist may earn more than the group's mean.",Context: X25 (programme cost)
x25_loaded_oc1_pl_eur,"Loaded annual cost of an employee, Poland, managers (OC1), manufacturing, 2025 terms",59795,,,EUR a year,MEASURED,analysis/programme_rates_report.md,"Poland, managers (OC1) >> Loaded cost 2025 (EUR a year)",,2025,"Official mean pay for the whole occupation group in manufacturing (10+ employees), carried to 2025 with manufacturing's wage growth, plus employer labour costs other than wages; no office, equipment or management overhead (x25_overhead_pct adds it). A data specialist may earn more than the group's mean. Managers include senior executives, so the mean can overstate a programme manager's pay (most in Italy). Poland is the model's lower-cost hub; whether the group has a hub there is not claimed.",Context: X25 (programme cost)
x25_loaded_oc2_pl_eur,"Loaded annual cost of an employee, Poland, professionals (OC2), manufacturing, 2025 terms",38475,,,EUR a year,MEASURED,analysis/programme_rates_report.md,"Poland, professionals (OC2) >> Loaded cost 2025 (EUR a year)",,2025,"Official mean pay for the whole occupation group in manufacturing (10+ employees), carried to 2025 with manufacturing's wage growth, plus employer labour costs other than wages; no office, equipment or management overhead (x25_overhead_pct adds it). A data specialist may earn more than the group's mean. Poland is the model's lower-cost hub; whether the group has a hub there is not claimed.",Context: X25 (programme cost)
x25_loaded_oc3_pl_eur,"Loaded annual cost of an employee, Poland, technicians (OC3), manufacturing, 2025 terms",31619,,,EUR a year,MEASURED,analysis/programme_rates_report.md,"Poland, technicians (OC3) >> Loaded cost 2025 (EUR a year)",,2025,"Official mean pay for the whole occupation group in manufacturing (10+ employees), carried to 2025 with manufacturing's wage growth, plus employer labour costs other than wages; no office, equipment or management overhead (x25_overhead_pct adds it). A data specialist may earn more than the group's mean. Poland is the model's lower-cost hub; whether the group has a hub there is not claimed.",Context: X25 (programme cost)
x25_ict_hardfill_fr_pct,"Enterprises recruiting ICT specialists with hard-to-fill vacancies, France, manufacturing, 2024",56.1,,,% of recruiting enterprises,MEASURED,analysis/programme_rates_report.md,France >> Recruiting enterprises with hard-to-fill ICT vacancies,,2024,"Eurostat isoc_ske_itrcrn2, 10+ employees. Difficulty, not months to hire: a reason to cost a hiring lag, not its size.",Context: X25 (programme cost)
x25_ict_hardfill_de_pct,"Enterprises recruiting ICT specialists with hard-to-fill vacancies, Germany, manufacturing, 2024",72.7,,,% of recruiting enterprises,MEASURED,analysis/programme_rates_report.md,Germany >> Recruiting enterprises with hard-to-fill ICT vacancies,,2024,"Eurostat isoc_ske_itrcrn2, 10+ employees. Difficulty, not months to hire: a reason to cost a hiring lag, not its size.",Context: X25 (programme cost)
x25_ict_hardfill_it_pct,"Enterprises recruiting ICT specialists with hard-to-fill vacancies, Italy, manufacturing, 2024",61.5,,,% of recruiting enterprises,MEASURED,analysis/programme_rates_report.md,Italy >> Recruiting enterprises with hard-to-fill ICT vacancies,,2024,"Eurostat isoc_ske_itrcrn2, 10+ employees. Difficulty, not months to hire: a reason to cost a hiring lag, not its size.",Context: X25 (programme cost)
x25_ict_hardfill_es_pct,"Enterprises recruiting ICT specialists with hard-to-fill vacancies, Spain, manufacturing, 2024",23.1,,,% of recruiting enterprises,MEASURED,analysis/programme_rates_report.md,Spain >> Recruiting enterprises with hard-to-fill ICT vacancies,,2024,"Eurostat isoc_ske_itrcrn2, 10+ employees. Difficulty, not months to hire: a reason to cost a hiring lag, not its size.",Context: X25 (programme cost)
x25_ict_hardfill_pl_pct,"Enterprises recruiting ICT specialists with hard-to-fill vacancies, Poland, manufacturing, 2024",35.4,,,% of recruiting enterprises,MEASURED,analysis/programme_rates_report.md,Poland >> Recruiting enterprises with hard-to-fill ICT vacancies,,2024,"Eurostat isoc_ske_itrcrn2, 10+ employees. Difficulty, not months to hire: a reason to cost a hiring lag, not its size.",Context: X25 (programme cost)
x25_usd_per_eur,"ECB reference rate, US dollars per euro, latest twelve-month average",1.1638,,,USD per EUR,MEASURED,analysis/programme_rates_report.md,"USD >> Units per euro, twelve-month average",,2026-08,ECB monthly reference rates averaged over the report's twelve months; converts list prices quoted in USD into euros. A price paid in another month moves with the rate.,Context: X25 (programme cost)
x25_gbp_per_eur,"ECB reference rate, pounds sterling per euro, latest twelve-month average",0.8674,,,GBP per EUR,MEASURED,analysis/programme_rates_report.md,"GBP >> Units per euro, twelve-month average",,2026-08,ECB monthly reference rates averaged over the report's twelve months; converts list prices quoted in GBP into euros. A price paid in another month moves with the rate.,Context: X25 (programme cost)
x25_days_per_fte_year,Working days a full-time person is available in a year,220,210,225,days a year,ASSUMPTION,"Our estimate, from official holiday data",,,2026-09-27,"Puts salaries and day rates on one basis. 261 weekdays, less paid annual leave (24 to 29 days for professionals in manufacturing in the core markets and Poland, Structure of Earnings Survey 2022, analysis/programme_rates_report.md) and about ten weekday public holidays, gives about 222 to 227; the low end allows for sickness. Day rates are billed per day worked, so the fewer the days, the dearer in-house work looks against an integrator.",Context: X25 (programme cost)
x25_overhead_pct,"Overhead on an employee's loaded cost: offices, equipment, IT, management and HR",20,10,30,% of loaded cost,ASSUMPTION,Our estimate; no sourced figure found,,,2026-09-27,"Eurostat's labour costs stop at the employer's labour costs; an integrator's day rate already carries its own overhead and margin, so base 1 without overhead would be tilted in its own favour. No public source gives this for a carmaker; the range is wide on purpose, and the model reports the overhead at which base 1 and base 2 swap places.",Context: X25 (programme cost)
hv_time_savings_pct,"AI chatbot adopters' reported time savings, share of work hours (Denmark)",3,,,% of work hours,SOURCED,"Humlum & Vestergaard, ""Large Language Models, Small Labor Market Effects"", NBER Working Paper 33777 (revised), section 2.2: ""On average, adopters in our sample report savings of about 3% of their work hours""",,https://www.nber.org/system/files/working_papers/w33777/w33777.pdf,2025,"Self-reported by adopters in exposed occupations (software developers among them), linked to Danish administrative records; the same paper finds precise null effects on earnings and recorded hours, ruling out effects above 2%. The central saving for roles no coding study covers; no sourced high or adverse end.",Context: X25 (programme cost)
hv_reallocated_pct,AI chatbot users who reallocate time saved to other job tasks (Denmark),85,,,% of users,SOURCED,"Humlum & Vestergaard, ""Large Language Models, Small Labor Market Effects"", NBER Working Paper 33777 (revised): ""most chatbot users (85%) report reallocating time savings from AI chatbots to other job tasks""",,https://www.nber.org/system/files/working_papers/w33777/w33777.pdf,2025,"Why a time saving becomes a cost saving only if the team is made smaller: left alone, the time goes to other tasks. Base 3 assumes the programme sizes its teams to the saving from Phase 1.",Context: X25 (programme cost)
x25_loc_fr_pct,Share of the programme's central in-house team based in France (the rest in Italy),60,40,80,% of central person-months,ASSUMPTION,"Our estimate, from the group's two legacies and the roadmap",,,2026-09-27,"The central team sits where the two legacy organisations and their systems are, France and Italy, weighted to France, which hosts the Phase 2 pilot. Market-facing roles (data stewards, change leads) sit in the four core markets from Phase 3. Germany, the dearest market, carries no central team; the high end moves more to France, the low end more to Italy.",Context: X25 (programme cost)
gate_leak_switch_s1_pct,"Phase 1 back-up trigger - certified process leakage below which the programme starts with residual value (scenario 1. In-house, no AI)",0.61,,,% of claims-based incentive spend,TARGET,"Team choice, derived on the Benefits sheet (X21, X22), one per X25 build scenario",,,2026-09-27,"Derived, not chosen: the leak rate at which claims controls alone repay the first two phases' build cost (this scenario's, from the Programme cost sheet) at the reference-class overrun within five years at the group's highest WACC (X21's decision basis); rounded. Below it the order flips, as the doc already says when incentive spend is far below the assumption: a Back-up, not a Kill, since the programme still pays at a zero leak rate (X21's switching values). One row per build scenario (X25): no scenario is chosen. The audit checks this row against the sheet.",Gate
gate_claims_recovered_s1_eur_m,"Phase 2 gate - claims recoveries certified by Finance in the pilot market, annualised (scenario 1. In-house, no AI)",2.0,,,EUR m a year,TARGET,"Team choice, derived on the Benefits sheet (X21, X22), one per X25 build scenario",,,2026-09-27,"Derived, not chosen: what claims controls earn in the pilot market (x21_cov_pilot_2024) at this scenario's switch trigger, rounded. Skeptic A12's repair: certified money, not only data quality, releases Phase 3's funding. Read on recoveries Finance certifies over Phase 2, annualised. If missed: Back-up, the programme continues on residual value first, and the claims lever is not scaled. The audit checks this row against the sheet.",Gate
gate_exit_floor_s1_eur_m,"Phase 4 exit - floor: certified run rate below which the programme stops (scenario 1. In-house, no AI)",11,,,EUR m a year,TARGET,"Team choice, derived on the Benefits sheet (X21, X22), one per X25 build scenario",,,2026-09-27,"Derived, not chosen: the run rate at month 24 at which the decision basis is worth nothing with this scenario's build cost, reading a certified run rate as where the rates landed (the gate times the share of benefits that can be lost); rounded. Below it: Kill, with no run cost committed. It applies from the Phase 3 gate (skeptic A13's named stop): if the certified run rate in the live markets is already below it at month 18, Phase 4 is not funded. Between it and gate_benefits_eur_m: Waiver with re-review in the live markets. The audit checks this row against the sheet.",Gate
gate_leak_switch_s2_pct,Phase 1 back-up trigger - certified process leakage below which the programme starts with residual value (scenario 2. Buy and outsource),1.22,,,% of claims-based incentive spend,TARGET,"Team choice, derived on the Benefits sheet (X21, X22), one per X25 build scenario",,,2026-09-27,"Derived, not chosen: the leak rate at which claims controls alone repay the first two phases' build cost (this scenario's, from the Programme cost sheet) at the reference-class overrun within five years at the group's highest WACC (X21's decision basis); rounded. Below it the order flips, as the doc already says when incentive spend is far below the assumption: a Back-up, not a Kill, since the programme still pays at a zero leak rate (X21's switching values). One row per build scenario (X25): no scenario is chosen. The audit checks this row against the sheet.",Gate
gate_claims_recovered_s2_eur_m,"Phase 2 gate - claims recoveries certified by Finance in the pilot market, annualised (scenario 2. Buy and outsource)",4.0,,,EUR m a year,TARGET,"Team choice, derived on the Benefits sheet (X21, X22), one per X25 build scenario",,,2026-09-27,"Derived, not chosen: what claims controls earn in the pilot market (x21_cov_pilot_2024) at this scenario's switch trigger, rounded. Skeptic A12's repair: certified money, not only data quality, releases Phase 3's funding. Read on recoveries Finance certifies over Phase 2, annualised. If missed: Back-up, the programme continues on residual value first, and the claims lever is not scaled. The audit checks this row against the sheet.",Gate
gate_exit_floor_s2_eur_m,Phase 4 exit - floor: certified run rate below which the programme stops (scenario 2. Buy and outsource),20,,,EUR m a year,TARGET,"Team choice, derived on the Benefits sheet (X21, X22), one per X25 build scenario",,,2026-09-27,"Derived, not chosen: the run rate at month 24 at which the decision basis is worth nothing with this scenario's build cost, reading a certified run rate as where the rates landed (the gate times the share of benefits that can be lost); rounded. Below it: Kill, with no run cost committed. It applies from the Phase 3 gate (skeptic A13's named stop): if the certified run rate in the live markets is already below it at month 18, Phase 4 is not funded. Between it and gate_benefits_eur_m: Waiver with re-review in the live markets. The audit checks this row against the sheet.",Gate
gate_leak_switch_s3_pct,Phase 1 back-up trigger - certified process leakage below which the programme starts with residual value (scenario 3. In-house with AI),0.60,,,% of claims-based incentive spend,TARGET,"Team choice, derived on the Benefits sheet (X21, X22), one per X25 build scenario",,,2026-09-27,"Derived, not chosen: the leak rate at which claims controls alone repay the first two phases' build cost (this scenario's, from the Programme cost sheet) at the reference-class overrun within five years at the group's highest WACC (X21's decision basis); rounded. Below it the order flips, as the doc already says when incentive spend is far below the assumption: a Back-up, not a Kill, since the programme still pays at a zero leak rate (X21's switching values). One row per build scenario (X25): no scenario is chosen. The audit checks this row against the sheet.",Gate
gate_claims_recovered_s3_eur_m,"Phase 2 gate - claims recoveries certified by Finance in the pilot market, annualised (scenario 3. In-house with AI)",2.0,,,EUR m a year,TARGET,"Team choice, derived on the Benefits sheet (X21, X22), one per X25 build scenario",,,2026-09-27,"Derived, not chosen: what claims controls earn in the pilot market (x21_cov_pilot_2024) at this scenario's switch trigger, rounded. Skeptic A12's repair: certified money, not only data quality, releases Phase 3's funding. Read on recoveries Finance certifies over Phase 2, annualised. If missed: Back-up, the programme continues on residual value first, and the claims lever is not scaled. The audit checks this row against the sheet.",Gate
gate_exit_floor_s3_eur_m,Phase 4 exit - floor: certified run rate below which the programme stops (scenario 3. In-house with AI),11,,,EUR m a year,TARGET,"Team choice, derived on the Benefits sheet (X21, X22), one per X25 build scenario",,,2026-09-27,"Derived, not chosen: the run rate at month 24 at which the decision basis is worth nothing with this scenario's build cost, reading a certified run rate as where the rates landed (the gate times the share of benefits that can be lost); rounded. Below it: Kill, with no run cost committed. It applies from the Phase 3 gate (skeptic A13's named stop): if the certified run rate in the live markets is already below it at month 18, Phase 4 is not funded. Between it and gate_benefits_eur_m: Waiver with re-review in the live markets. The audit checks this row against the sheet.",Gate
gate_leak_switch_s4_pct,Phase 1 back-up trigger - certified process leakage below which the programme starts with residual value (scenario 4. Cheapest route per workstream),0.60,,,% of claims-based incentive spend,TARGET,"Team choice, derived on the Benefits sheet (X21, X22), one per X25 build scenario",,,2026-09-27,"Derived, not chosen: the leak rate at which claims controls alone repay the first two phases' build cost (this scenario's, from the Programme cost sheet) at the reference-class overrun within five years at the group's highest WACC (X21's decision basis); rounded. Below it the order flips, as the doc already says when incentive spend is far below the assumption: a Back-up, not a Kill, since the programme still pays at a zero leak rate (X21's switching values). One row per build scenario (X25): no scenario is chosen. The audit checks this row against the sheet.",Gate
gate_claims_recovered_s4_eur_m,"Phase 2 gate - claims recoveries certified by Finance in the pilot market, annualised (scenario 4. Cheapest route per workstream)",2.0,,,EUR m a year,TARGET,"Team choice, derived on the Benefits sheet (X21, X22), one per X25 build scenario",,,2026-09-27,"Derived, not chosen: what claims controls earn in the pilot market (x21_cov_pilot_2024) at this scenario's switch trigger, rounded. Skeptic A12's repair: certified money, not only data quality, releases Phase 3's funding. Read on recoveries Finance certifies over Phase 2, annualised. If missed: Back-up, the programme continues on residual value first, and the claims lever is not scaled. The audit checks this row against the sheet.",Gate
gate_exit_floor_s4_eur_m,Phase 4 exit - floor: certified run rate below which the programme stops (scenario 4. Cheapest route per workstream),11,,,EUR m a year,TARGET,"Team choice, derived on the Benefits sheet (X21, X22), one per X25 build scenario",,,2026-09-27,"Derived, not chosen: the run rate at month 24 at which the decision basis is worth nothing with this scenario's build cost, reading a certified run rate as where the rates landed (the gate times the share of benefits that can be lost); rounded. Below it: Kill, with no run cost committed. It applies from the Phase 3 gate (skeptic A13's named stop): if the certified run rate in the live markets is already below it at month 18, Phase 4 is not funded. Between it and gate_benefits_eur_m: Waiver with re-review in the live markets. The audit checks this row against the sheet.",Gate
